key,0,1,2,3,4,5,6,7,8,9,10,11,12,13
#,Level,MinLevel,MaxLevel,Emote,MinTime,MaxTime,PlaceName,Icon{List},Icon{Discovered},Name,Impression,Description,Icon{Undiscovered},IsInitial
int32,Level,int32,byte,Emote,uint16,uint16,PlaceName,Image,Image,str,str,str,Image,bit&01
2162688,4876856,0,0,22,800,1159,27,81501,81001,"바라쿠다 부두","――어느 상인이 본 풍경.
시선을 아래로 내리면 그곳에 붉은 돛을 단 군함이 세 척 있다. 해양도시 '림사 로민사'의 저력을 느낀다.","림사 로민사가 자랑하는 기함함대 '흑와단 함대' 군함이 닻을 내린 군용 부두. 일반 시민은 들어갈 수 없지만, 전망 좋은 장소에서 보면 총기함 '정복호'를 비롯해 군함의 모습이 한눈에 들어온다.",81451,True
2162689,4876859,0,0,22,1800,459,27,81502,81002,"해적선 '아스탈리시아호'","――어느 해적이 본 풍경.
술이 들어가면 마음만은 거물 해적. 위험한 녀석들이 있는 구역에서 거물 행세를 하며 돌아다닌다. 다음날 눈을 뜨니 대롱대롱 매달려있었다.","삼대 해적의 우두머리 격인 해적단 '단죄당'이 보유한 범선. 표면상으로는 외국 국적 상선으로 되어 있으나 그것이 대해적 '힐퓌어'의 배임을 모르는 사람은 없다. 배 내부는 해적들이 모이는 사교장이다.",81451,True
2162690,4876905,0,0,58,500,759,30,81503,81003,"바다노래 석굴 위령비","――어느 뱃사람이 본 풍경.
고기를 잡으러 가기 전에 치르는 나만의 의식. 아침 햇살이 닿지 않는 어두컴컴한 동굴에서 먼저 떠난 동료를 위해 기도한다. 조용한 빗소리를 진혼가 삼아서.","뱃사람들을 기리는 위령비. 영혼을 실어나른다는 괭이갈매기와 함께 '나는 떠받치는 파도, 나는 인도하는 바람. 나는 밤하늘의 별, 나는 아침의 하늘. 나는 바다에서 삶을 받고, 바다에서 죽음을 향해 가노라'라는 진혼가가 새겨져 있다.",81451,True
2162691,4876907,0,0,22,1200,1659,30,81504,81004,"하늘승강기","――어느 짐꾼이 본 풍경.
힘겨운 노동을 하다가 잠시 쉬면서 보는 광경이 좋다. 푸른 하늘에 떠 있는 아름다운 기구 같은 것.","제7재해 때 지각 변동으로 생긴 '낭떠러지 절벽'을 오르기 위해, 림사 로민사 짐꾼들이 함께 건설하고 운영하는 승강기. 일반적인 승강기 외에 기구를 사용하여 물자를 올리고 내리기도 한다.",81451,True
2162692,4876912,0,0,22,800,1159,30,81505,81005,"라다그란 가도","――어느 경비병이 본 풍경.
기분이 잿빛 하늘처럼 무겁게 가라앉을 때면 높은 곳에 오른다. 선조들이 열어놓은 가도를 보며 힘들었을 개척 작업을 상상하기도 한다.","중부에서 저지를 지나 동부 라노시아까지 이어지는 길. 개척 초기, 건국선 '갈라디온 호' 항해사 '데네벨'과 함께 섬을 탐험하며 지형을 파악했던 엘레젠족 모험가 '라다그란'의 이름을 따서 라다그란 가도라 불린다.",81451,True
2162693,4876920,0,0,22,1800,459,31,81508,81008,"소금기둥 해변","――어느 어부가 본 풍경.
방랑의 신의 보살핌 아래 낚싯줄을 늘어뜨렸다. 눈 앞에 펼쳐진 소금기둥을 보니 5년 전 일어난 비극이 떠오른다.","재해 때 모래밭으로 떨어진 달라가브의 파편이 지맥을 뚫는 바람에, 에테르가 뿜어져 나오며 편속성 크리스탈이 형성되었다. 그와 동시에 바닷물의 염분이 결정화하면서 둥글게 뻗은 소금기둥이 만들어졌다고 한다.",81451,True
2162694,4876921,0,0,22,500,759,31,81509,81009,"붉은수탉 농장 밭","――어느 농부가 본 풍경.
농부는 해가 뜨기도 전 잠에서 깬다. 문앞에 서서 아침 안개에 젖은 밭을 보며 고된 밭일에 대비하여 마음을 다잡는 것이 하루의 시작이다.","원예가 한 명이 세운 실험 농장. 작물 재배를 비롯하여 도도나 양도 기르고 있다. 또한, 농장 이름을 두고 '붉은수탉'과 '하얀수탉' 중 어느 것이 더 강한지 내기를 했는데, 양쪽 다 새빨간 피투성이가 되는 바람이 결국 이런 이름이 붙었다.",81451,True
2162695,4876926,0,0,22,500,759,33,81513,81013,"양조장이 등대","――어느 등대지기가 본 풍경.
새파란 하늘, 새파란 바다. 바다 위에 길을 만들던 등댓불을 끄고 맥주 한 잔과 함께 바라보는 바다는 더없이 아름답다.","무너진 칼새 탑 대신 세워진 등대. 맥주 항구에 드나드는 배를 지켜보기 때문에 '양조장이' 등대라고 불린다. 수신 '리바이어선'이 일으키는 해일에 대비해 바다에 설치한 방파제 상황이 한눈에 들어온다.",81451,True
2162696,4868036,0,0,22,1200,1659,39,81552,81052,"가죽공예가 길드","――어느 가죽공예가가 본 풍경.
어린 시절, 공방 안을 한눈에 볼 수 있는 곳에 서서 장인들이 일하는 모습을 자주 바라보곤 했다. 흐리고 공기가 싸늘한 날에는 특히 좋았다.","그리다니아가 자랑하는 가죽공예가들이 숲의 은혜로 작품 만들기에 몰두하는 가죽공방. 오직 숙련된 길드원만 출품할 수 있는 '펜이르' 제품은 명품으로 유명하며, 예약 주문이 끊이질 않는다.",81452,True
2162697,4876928,0,0,22,1800,459,39,81553,81053,"아프칼루 폭포","――어느 소년이 본 풍경.
시원하게 쏟아지는 폭포가 마음에 쏙 들어요. 일찍 잠든 척하고 몰래 집에서 빠져나와 비밀 통로를 지나서, 어른들은 못 오는 높은 곳으로 가죠.","샘물이 쏟아지는 작은 폭포. 한때 이 폭포에서 아프칼루라는 새의 번식을 시도한 적이 있기 때문에 이런 이름으로 불리게 됐다. 제6성력 후기에 그리다니아를 찾은 현자 루이수아가 사색을 즐긴 곳으로도 유명하다.",81452,True
2162698,4877070,0,0,50,1200,1659,54,81555,81055,"굽은가지 목장","――어느 목동이 본 풍경.
따스한 햇볕에 기구 모그리도 기분이 좋은가 봐. 이런 날은 그냥 털썩 앉아서 쉬고 싶다니까.","'모그리의 축복회'가 운영하는 초코보 목장. 본고장 이슈가르드에서 초빙한 축사 관리원의 지도를 받으며 안정적인 초코보 번식에 도전하고 있다. 간판 대신 걸려있는 모그리 기구가 목장을 대표하는 상징.",81452,True
2162699,4877071,0,0,58,800,1159,55,81560,81060,"열두 신 대성당","――어느 원예가가 본 풍경.
샘물이 햇빛을 받아 반짝이고 정원은 장엄한 분위기로 가득하다. 이런 광경을 보면 무신론자라도 절로 기도하게 될 것이다.","대빙설 시대 직후 식량난과 돌림병에 고통받던 사람들이 열두 신 모두에게 가호를 받고자 세운 오래된 대성당. 제7재해로 힘겨운 시대에 다시 한 번 신의 가호를 받고 싶은 그리다니아 사람들이 힘을 합쳐 수리했다.",81452,True
2162700,4877072,0,0,22,1800,459,55,81561,81061,"실프 임시 주거지","――어느 박물학자가 본 풍경.
하늘을 나는 실프족이 어떤 기분일지 조금이라도 더 알고 싶어서 지붕 위로 기어올랐다. 캄캄한 밤에 어슴푸레 떠오른 가로등 불빛이 어찌나 아름답던지.","뇌신 '라무' 소환에 반대하는 실프족들이 임시 거처로 세운 마을. 열매와 나뭇가지를 마법으로 변형시켜 독특하게 생긴 주거지를 만들고 나무에 매달아 놓았다. 하늘을 날 수 있는 종족이라 사다리는 하나도 없다.",81452,True
2162701,4877073,0,0,31,500,759,51,81601,81101,"왕의 산책로","――어느 근위기사가 본 풍경.
긴 야간 경비를 마치고 3기사를 나타내는 3장의 은반 위에 선다. 교대하는 동료와 경례를 주고받은 뒤, 머리 위로 보이는 푸른 하늘을 보며 쉬기 위해 숙소로 돌아간다.","울다하 관청 구역에 세워진 산책로. 왕궁으로 이어지기 때문에 근위병단 '은갑옷단' 기사가 경비를 맡고 있다. 왕권이 강하던 시절에는 왕족을 알현하려는 사람들로 북적였지만, 지금은 부유층이 산책하러 찾아오는 정도라고 한다.",81453,True
2162702,4877074,0,0,22,1200,1659,51,81602,81102,"황금 마당","――어느 곡예사가 본 풍경.
쩨쩨한 시민들한테 돈을 받아내려면 구름 위로 날아갈 듯한 곡예가 필수다. 뻥 뚫린 마당에서 동쪽 가로등까지 화려하게 뛰어올라, 길 가는 녀석들을 구경해주겠어.","울다하 중심지에 있는 천장이 뚫린 마당. 분수를 설치한 아름다운 마당은 더위를 피하려는 시민들의 휴식 공간으로 쓰이고 있다. 원래 울다하 왕가가 사용하던 무도회장이었지만, 현재 왕실 재정으로는 유지가 어려워서 시민에게 양도되었다.",81453,True
2162703,4877077,0,0,22,1800,459,42,81603,81103,"교역도시 '울다하'","――어느 모험가가 본 풍경.
노피카의 우물 발판에 서서 사막도시를 보라. 밤하늘의 별보다 더 눈부신 '황야의 보석'이 한눈에 들어올 것이다.","황량한 사막지대 다날란에 우뚝 선 교역도시. 높은 성벽 너머에 둥근 지붕을 가진 건물이 늘어선 모습은 여행에 지친 자에게 눈부시게 보일 것이다. 또, 그 안에 부유함이 넘치기 때문에 '황야의 보석'이라 불리기도 한다.",81453,True
2162704,4877078,0,0,22,800,1159,43,81606,81106,"실디하 유적","――어느 모험가가 본 풍경.
생각보다 심한 안개 때문에 길을 잃고, 발이 미끄러져 낭떠러지에서 떨어졌을 때 눈앞에 나타난 것은 망국의 잔재였다. 살짝 간담이 서늘하더군.","고대도시 '실디하'의 유적. 약 400년 전에 울다하와 치른 전쟁에서 패한 뒤 멸망하여, 거의 100년 동안 모래에 파묻혀 있었다. 이후 울다하가 현재 위치로 도읍을 옮기며 지금은 두 도시가 일부 겹쳐 있다.",81453,True
2162705,4877079,0,0,9,1700,1759,44,81609,81109,"구부의 시체","――어느 원예가가 본 풍경.
메마른 대지에 쏟아지는 단비는 아름다운 꽃들을 피워내고 있었다. 마치 주저앉은 시체를 달래는 것처럼.","구부의 시체 주변에 진귀한 풀과 꽃이 무성히 피어난 곳. 재해 때 혼란에 빠진 구부가 커르다스에서 내려왔다가 여기서 힘을 다한 게 아닐까 추측된다. 검은장막 숲을 지나며 갖가지 씨앗을 몸에 붙이고 온 듯하다.",81453,True
2162706,4877081,0,0,22,800,1159,44,81610,81110,"보이지 않는 도시","――어느 모험가가 본 풍경.
토벌 임무를 마치고 무너진 건물 위에 서서 문득 하늘을 올려다보니, 낮게 깔린 구름 아래로 바위틈에서 얼굴을 내민 유적이 보였다.","불타는 장벽에 떨어진 달라가브의 파편은 땅에 커다란 균열을 만들었다. 거기서 모습을 드러낸 것이 바로 이 웅장한 유적이다. 최신 연구에 따르면 벨라흐디아 중기 타타메푸 I세의 궁전으로 추측되고 있다.",81453,True
2162707,4877082,0,0,58,500,759,44,81611,81111,"하늘다리","――어느 상인이 본 풍경.
사막도시에서 삼림도시로 가다가 돌다리에서 하루를 묵었다. 다음 날 아침, 햇살을 받은 고대의 왕들은 실로 장엄한 모습이었다.","다날란과 검은장막 숲을 오가기 위해 만들어진 돌다리. 그리다니아로 통하는 중요한 교역로이기 때문에 구리칼날단 난초연대 소속 방위부대가 주둔한다. 또한, '보이지 않는 도시'에 학술 조사를 하러 온 자들이 연구 기지로 삼기도 한다.",81453,True
2162708,4877083,0,0,22,1200,1659,30,81506,81006,"속삭임 골짜기","――어느 농부에게 들은 소문.
술 마시기 참 좋은 곳. 항상 물보라가 흩날려서 햇살이 비쳐도 시원하다고 한다.","오고모로 쪽에서 흘러오는 '니므 강'에 깎여서 만들어진 골짜기. 가느다란 폭포 몇 줄기가 속삭이는 듯한 물소리를 내고 있다. 골짜기가 햇살을 가로막아 시원하기 때문에, 술 마시기 딱 좋은 피서지로 지역 주민들에게 사랑받고 있다.",81451,False
2162709,4877084,0,0,22,500,759,30,81507,81007,"여름여울 농장","――술집에서 들은 소문.
전직 해적들은 술만 들어가면 싸우기 시작한다. 싸움이 시작되면 전등 위에 올라 구경이나 하는 게 좋다.","멜위브 제독이 추진하는 개척 정책으로 세워진 마을. 육지로 올라온 전직 해적과 노련한 농부들이 힘을 합쳐 개척하고 있다. '불량배 강'이 선사하는 풍부한 담수 덕분에 라노시아 오렌지를 재배하는 데 성공한 듯하다.",81451,False
2162710,4877085,0,0,22,1200,1659,31,81510,81010,"회색함대 풍차마을","――어느 상인에게 들은 소문.
비를 피하려고 들어간 건물에 야만족이 찾아왔다. 허겁지겁 지붕 위로 올라가 도망칠 곳을 찾았다고 한다.","붉은수탉 농장에서 재배한 밀을 빻거나 양털을 손질하기 위해 만들어진 풍차. 날개바퀴에 범선용 돛천을 사용했기 때문에, 많은 풍차가 늘어선 모습을 함대에 빗대어 '회색함대 풍차마을'이라 부른다.",81451,False
2162711,4877087,0,0,52,800,1159,32,81511,81011,"숨겨진 폭포","――어느 여성에게 들은 소문.
의자에 앉은 손님의 눈빛이 내리쬐는 햇살보다 뜨겁다고 한다.","'아젤리스 강'이 만들어낸 폭포. 폭포가 있는 작은 물가에는 억만장자 게게루주가 특별한 손님들을 위해 마련한 숙박 시설이 있다. 그곳에서 전속 무희들이 특별한 접대를 한다는 소문도 들린다.",81451,False
2162712,4877088,0,0,22,1800,459,32,81512,81012,"흰갈매기 탑","――어느 용병에게 들은 소문.
비가 오는 날이면 아무래도 시야가 나쁘다. 바다에서 다가오는 위협에 대비하려면 높은 곳에서 감시하는 게 좋다.","라노시아 특유의 하얀 화산암으로 만들어진 작은 탑. 근해를 오가는 배에 수심이 얕다는 것을 알리는 등대이자, 사하긴족과 해적을 지켜보기 위한 감시탑이기도 하다. 근처에 갈매기가 많이 살아서 이런 이름이 붙여졌다.",81451,False
2162713,4877089,0,0,58,1700,1759,33,81514,81014,"맥주 항구 리믈렌 동상","――어느 양조 장인에게 들은 소문.
술통을 가득 실은 배가 유유히 항구를 떠나고, 배웅하는 사람들은 아름다운 여신에게 뱃길이 평화롭길 기도한다.","원양선이 오랜 항해에 필요한 물자를 보충하는 항만 시설 '맥주 항구'. 그 중심에는 항해의 여신 '리믈렌' 동상이 놓여있다. 이름난 루가딘족 조각가가 만든 아름다운 여신이 오늘도 여행에 나서는 배를 배웅한다.",81451,False
2162714,4877090,0,0,22,1800,459,33,81515,81015,"배의 무덤","――어느 등대지기에게 들은 소문.
주인 잃은 물건이 흩어진 바닷가, 조용히 다가오는 음산한 기운. 밤에는 이곳에 다가가지 않는 게 좋다.","파도에 떠내려온 난파선이 말없이 잠든 후미진 물가. 이름 대로 '배의 무덤' 같은 광경이 펼쳐져 있다. 지역 주민들 사이에 도는 소문으로는, 대부분 전설의 마물 '세이렌'에게 홀려서 난파된 배라고 한다.",81451,False
2162715,4877091,0,0,22,800,1159,33,81516,81016,"해골 골짜기 야영지","――술집에서 들은 소문.
방어 거점은 적을 경계해야 하는 만큼 전망이 좋다고 한다. 하지만 거기 들어갈 배짱은 없다.","흑와단의 군사 거점. 한때 남하하는 코볼드족을 향한 경고의 의미에서 코볼드 해골을 늘어놨기 때문에 해골 골짜기라 불린다. 지금은 하프스톤 일대의 사하긴족과 맞서는 방어 거점으로 주로 쓰인다.",81451,False
2162716,4877092,0,0,22,1200,1659,33,81517,81017,"남북 방파벽","――술집에서 들은 소문.
소중한 물건을 잃어버려서 천막에 기어오른 적이 있는데, 생각보다 몹시 튼튼했다.","사하긴족에게 점령당한 곧은등뼈와 해골 골짜기 경계에 지어진 흑와단 방어벽. 사하긴족 공격을 파도에 빗대어 '방파벽'이라고 이름 붙였는데, 이름을 따라가는지 파도처럼 맹렬한 공격에 시달린다.",81451,False
2162717,4877099,0,0,22,1700,1759,34,81518,81018,"청동호수 야영지","――술집에서 들은 소문.
뜨거운 물에 너무 오래 있어서 어지러울 땐 시원한 바람을 쐬는 게 좋다. 그곳에서 보이는 풍경도 운치가 있어서 아주 멋지다.","청동호수 수위가 내려가면서 물 위로 드러난 고대도시 '니므' 시대의 유적. 천연온천이 있기 때문에 다친 병사를 위한 치료 휴양 시설이 되었다. '뜨끈포도주 요양원'도 함께 있다.",81451,False
2162718,4877101,0,0,22,1200,1659,34,81519,81019,"살라오스의 유해","――어느 박물학자에게 들은 소문.
웅장하고 거대한 존재의 정의를 알지 못한다면, 활짝 갠 날 그 끝에 올라가라.","땅 위로 드러난 고대 생물의 화석. 이름은 여신 '리믈렌'이 풀어놓은 전설의 바다뱀 '살라오스'에서 따왔다. 해양 생물 화석이 존재한다는 것은 이 섬이 원래 바다 밑에 있었다는 것을 말해준다.",81451,False
2162719,4877103,0,0,22,1800,459,34,81520,81020,"지지룬 교역상점","――술집에서 들은 소문.
마물 조개한테 쫓겨 기어올랐다가 하룻밤을 지새웠다. 내려올 때는 엄청난 용기가 필요했다.","키키룬족 상인 '지지룬'이 운영하는 교역상점. 형제 메메룬이 운영하는 '메메룬 교역상점'하고는 서로 경쟁 상대이며, 누가 더 매상이 높은지를 두고 다투는 모양이다. 왜 그렇게 인적 드문 곳에 가게를 낸 것인지는 도무지 모르겠다.",81451,False
2162720,4877105,0,0,22,1800,459,350,81521,81021,"니므 하늘유적","――어느 모험가에게 들은 소문.
하늘에 떠 있는 유적은 잊기 어려울 만큼 신비롭다. 반짝이는 크리스탈이 마치 땅 위로 내려온 별빛 같다","제5성력 시대에 바일브랜드 섬에서 번성한 고대도시 '니므'의 유적. 땅에 흐르던 에테르가 편속성 크리스탈로 변하면서 바람속성 힘이 강해져 유적 중 일부가 하늘로 뜨게 된 듯하다. 그 광경은 환상적이라는 말밖에 안 나온다.",81451,False
2162721,4877106,0,0,22,500,759,350,81522,81022,"감시대 야영지","――술집에서 들은 소문.
수송로를 위협하는 존재를 경계하려면 벽 위에 있는 덤불에 숨어서 지켜보는 게 좋다.","외지 라노시아에 설치된 흑와단 야영지. 해적병부대 '붉은 제비 상륙부대'가 진을 치고, 높은 곳에서 코볼드족 움직임을 감시한다. 남쪽으로 눈을 돌리면 니므 시대의 오쉬온 신전 '방랑자의 궁전'도 내려다볼 수 있다.",81451,False
2162722,4877107,0,0,22,1200,1659,350,81523,81023,"우가마로 무장광산","――어느 병사에게 들은 소문.
벌건 대낮에 이루어진 적 거점 습격 작전. 용광로에 올라서 적 병사를 조롱했다고 한다.","코볼드족이 세운 무장광산. 그 주변은 풍부한 유황과 스며 나온 지하수, 그리고 공업폐수가 한데 뒤섞여 독특한 광경을 만들고 있다. 폭발적인 인구 증가 덕에 늘어난 노동력으로 나날이 구역을 넓혀가는 듯하다.",81451,False
2162723,4877108,0,0,50,1800,459,350,81524,81024,"은둔자의 암자","――어느 모험가에게 들은 소문.
사람을 싫어하는 괴팍한 주인은 항상 집에 없다. 멋대로 눌러앉아서 쉬어도 들키지 않을 것이다.","북쪽 오고모로 산을 바라보는 곳에 우두커니 세워진 암자. 화산지대인 만큼 온천수가 솟아 나와서 천연 노천탕까지 있다. 암자 주인은 거의 모습이 보이지 않을 정도로 방랑벽이 심하다고 한다.",81451,False
2162724,4877111,0,0,22,800,1159,39,81551,81051,"칼라인 카페와 물레방아","――술집에서 들은 소문.
웅장한 물레방아 앞에서 떠나가는 자를 배웅하는 건 제법 괜찮은 일이다.","흰엉겅퀴에서 이름을 딴 찻집 '칼라인 카페'. 그 옆에는 에오르제아에서 가장 큰 목조 물레방아인 '피가가의 물레방아'가 상쾌한 소리를 내며 목수 길드 공방으로 동력을 보내고 있다.",81452,False
2162725,4868037,0,0,22,500,759,39,81554,81054,"창술사 길드","――어느 위병에게 들은 소문.
기술을 훔치라고 하길래 특등석에 앉아 구경하려 했더니 멍청한 짓 하지 말라며 엄청나게 혼났다.","뛰어난 창술사 '미스탈'이 세운 창술사들의 길드. 안쪽에 그리다니아의 안전을 지키는 '귀곡부대' 주둔소가 설치되어 있기도 해서, 이 도장에서는 길드원과 귀곡부대원이 함께 땀 흘리며 연습하는 모습도 볼 수 있다.",81452,False
2162726,4877112,0,0,22,500,759,54,81556,81056,"배넉 연병장","――어느 위병에게 들은 소문.
모습이 안 보이는 부하를 찾기는 아주 쉽다. 그루터기보다 더 높은 곳에 올라가 내려다보면 되니까.","쌍사당이 신병 육성을 위해 새로 만든 연병장. 검은장막 숲에서 자라는 거대한 '하늘기둥나무' 그루터기를 이용해 만들었다. 이 그루터기가 납작하고 둥근 빵 '배넉'과 닮았다고 하여 '배넉 연병장'이라는 이름이 붙었다.",81452,False
2162727,4877113,0,0,22,1800,459,54,81557,81057,"하우케타 별궁","――어느 모험가에게 들은 소문.
요마에게 쫓기다 정신을 차리니 커다란 나무뿌리 위였다. 뒤를 돌아보자, 창문에서 스산한 빛이 새어나오고 있었다.","원래 환술황이 사용하던 별궁. 두 세대 전 환술황이 '너무 사치스럽다'는 이유로 떠나간 뒤, 명문 다르탕쿠르 가 손에 넘어갔다. '하우케타'는 고대어로 '말없이 이야기하라'는 뜻으로, 말에 의지하지 않고 정령과 대화하는 곳임을 나타낸다.",81452,False
2162728,4877163,0,0,22,1200,1659,54,81558,81058,"장로나무","――어느 환술사에게 들은 소문.
날씨가 맑은 날이면 정령의 목소리를 듣기 위해 숲으로 향한다. 거대한 고목이 내려다보이는 곳으로.","검은장막 숲에서 가장 나이가 많은 나무. 그리다니아 도사들이 하는 말에 따르면 이 안에 '숲의 대정령'이 산다고 한다. 나무 나이는 천 살이 넘었다고 하며, 그 열매는 '천년과'라는 이름으로 귀하게 여겨진다.",81452,False
2162729,4877165,0,0,22,1100,1359,54,81559,81059,"무지개 폭포","――어느 환술사에게 들은 소문.
물과 빛이 어우러져 만들어내는 환상적인 다리가 사람과 숲의 정령을 하나로 이어준다고 믿는다","검은장막 숲을 흐르는 냇물인 '동쪽 잎맥'이 만드는 폭포. 햇살에 따라 무지개가 걸리기도 해서, 지역 주민은 '무지개 폭포'라는 애칭으로 부른다. 폭포 뒤편에는 재생의 그루터기로 통하는 동굴이 있다.",81452,False
2162730,4878703,0,0,22,1800,459,55,81562,81062,"요람나무","――어느 박물학자가 본 풍경.
종족은 달라도 태어나는 생명을 지키려 하는 마음은 같다. 그 빛에서 미래를 보았다.","실프 씨앗을 품은 고치 '실프의 요람'을 키우는 커다란 나무. 이 나무가 없으면 실프족은 번식할 수 없으므로 굉장히 중요한 곳이라 할 수 있다. 그것을 보살피는 듯 달처럼 은은한 빛을 내뿜는 것이 '달빛 홀씨'이다.",81452,False
2162731,4878736,0,0,22,800,1159,56,81563,81063,"주점 '버스카론 맘대로'","――어느 취객에게 들은 소문.
과음한 다음 날, 폭우가 쏟아지는 곳에서 눈을 떴다. 어떻게 거기까지 갔는지 전혀 기억이 안 난다.","전직 보초병 버스카론이 운영하는 술집. 인심 좋은 버스카론이 주인으로 있는 이 술집에서는 모험가는 물론이고 그 주변 불량배들까지 평화롭게 술잔을 주고받는다. 이 술집은 일종의 피난처라 할 수 있다.",81452,False
2162732,4878759,0,0,22,800,1159,56,81564,81064,"남부삼림 발착장","――술집에서 들은 소문.
시설을 버려둔 녀석들은 설마 그런 용도로 쓰일 줄은 몰랐겠지.","하이윈드 비공사가 지은 화물 수송용 비공정 발착장. 갈레말 제국군이 진출하면서 하늘길이 위험해졌기 때문에 갑자기 폐쇄되었다. 지금은 지역 밀렵꾼들이 밀렵품을 사고파는 암시장으로 쓴다.",81452,False
2162733,4878763,0,0,22,1200,1659,56,81565,81065,"우르드의 선물","――어느 환술사에게 들은 소문.
은은한 빛에 감싸인 성스러운 숲의 한 귀퉁이. 안개가 끼면 더욱 몽환적인 분위기가 된다.","에테르가 풍부한 맑은 샘터. 성서에는 이 땅에서 '우르드'라는 성녀가 악신 '오딘'이 휘두른 칼에 죽었다고 적혀 있다. 그래서 '우르드의 선물'이라고 불리지만, 이 전설의 사실 여부는 확실치 않다.",81452,False
2162734,4878764,0,0,22,500,759,56,81566,81066,"채석공방","――어느 사냥꾼에게 들은 소문.
가장 아름다운 곳은 바로 내가 사는 곳. 그을음을 없애다 문득 마을을 보면 가슴이 푸근해진다고 한다.","남부삼림에 있는 작은 마을. 숲의 도시 '그리다니아'를 세울 때 잘라낸 석재를 다듬기 위한 물레방앗간으로 개척되었다. 그 역할을 마친 지금은 풍부한 숲의 자원을 얻는 사냥꾼들의 마을로 탈바꿈한 듯하다.",81452,False
2162735,4878773,0,0,22,1200,1659,57,81567,81067,"이크살군 벌채장","――어느 보초병에게 들은 소문.
멋대로 베어지고 방치된 나무 위에 서서 분노에 치를 떤다. 숲이 지금 처한 상황을 드러낸다고 한다.","검은장막 숲에 불법 침입한 이크살족 벌채부대가 나무를 베어대는 벌채장. 이크살족은 근거지인 '젤파톨' 계곡에서 보낸 장갑기구로 커르다스 '나탈란 입식지'를 거쳐 목재를 운반하고 있다.",81452,False
2162736,4878784,0,0,22,1800,459,57,81568,81068,"메테오의 그림자","――어느 위병에게 들은 소문.
하늘을 뚫을 듯한 초승달 모양의 이물. 그 이질적인 존재감에 그저 압도될 뿐이다.","달의 위성 '달라가브' 안에 봉인되어 있던 옛 야만신의 구속 장치 중 일부. 제7재해 때 검은장막 숲 하늘로 날아온 검은 야만신의 몸에서 벗겨져 이 땅에 떨어졌다고 한다. 제7재해가 남긴 흔적 중 하나라고 할 수 있다.",81452,False
2162737,4878790,0,0,22,800,1159,57,81569,81069,"오리나무 샘","――어느 산길잡이에게 들은 소문.
강심장이라 자부한다면 갈 수 있는 데까지 앞으로 나아가라. 튀어나온 뿌리 끝까지.","한때 '오리나무 샘'이라 불릴 만큼 오리나무가 무성한 삼림지대였지만, 제7재해 뒤로 상황이 갑자기 달라졌다. 달라가브의 파편이 떨어진 충격으로 대지가 갈라져서 지금도 참담한 상처가 남아있다.",81452,False
2162738,4879319,0,0,22,1700,1759,42,81604,81104,"카스트룸 마리눔","――어느 병사에게 들은 소문.
강행정찰 중에 높은 곳에서 바라본 적 보급기지는 저물어가는 햇빛을 받아 음산하게 빛났다.","알데나드 소대륙과 바일브랜드 섬 사이를 가르는 '로타노 해' 해상의 갈레말 제국 물자중계기지. 그 명칭 자체가 '해상 보급기지'를 나타낸다. 제국군 제XIV군단 소속 제X보병대대가 주둔한다.",81453,False
2162739,4879321,0,0,27,1200,1659,42,81605,81105,"저녁별 만 로로리토 동상","――술집에서 들은 소문.
부잣집 위에 서서 내가 더 부자인 척해본다. 이걸로 금전운이 오르면 좋을 텐데.","울다하 바다의 현관 역할을 하는 항구. 중앙광장에 있는 동상은 알데나드 상회 로로리토 회장이다. 항만 시설 정비에 막대한 비용을 제공했기에 세워졌지만, 지나치게 미화됐다는 말도 들린다.",81453,False
2162740,4879611,0,0,22,1800,459,43,81607,81107,"검은솔 정류소","――어느 철도원에게 들은 소문.
설비 점검은 몹시 힘들다. 한밤중이 되어야 끝나고, 아주 높은 곳에서 일해야 하는 경우도 있다.","이전엔 그저 구리칼날단 주둔지였지만 아마지나 광산회사가 철도를 깔며 상황은 달라졌다. 채굴한 광석을 제련하기 위한 최신식 용광로가 설치되고, 울다하 산업을 지탱하는 중심지로 성장하려 한다.",81453,False
2162741,4879612,0,0,52,1200,1659,43,81608,81108,"날 관문","――술집에서 들은 소문.
일거리도 술 마실 돈도 없을 때는 그저 멍하니 있을 수밖에 없다. 천 위에서 황야를 바라보며.","울다하 정문 중 하나. 울다하의 수호신 '날달' 중에 이승을 관장하는 '날 신'에서 이름을 따왔다. 교역도시로 통하는 관문인 만큼 상품을 가득 실은 초코보 마차 2대가 동시에 지나갈 수 있을 정도로 폭이 넓다.",81453,False
2162742,4879625,0,0,22,1200,1659,44,81612,81112,"불타는 장벽","――술집에서 들은 소문.
뛰어난 경치를 봤다고 자랑하고 싶다면 크리스탈 위에서 주변을 둘러보는 게 좋다.","달의 위성 '달라가브'에서 떨어져나온 파편이 지맥을 뚫으며 대량의 에테르가 쏟아져 나왔고, 이것이 결정으로 변하며 타오르는 불꽃처럼 생긴 편속성 크리스탈이 되었다. 제7재해가 얼마나 엄청난 재앙이었는지 드러내는 광경이다.",81453,False
2162743,4879626,0,0,22,800,1159,44,81613,81113,"금 장터","――어느 광부에게 들은 소문.
광부가 쇠퇴한 곳에서 노리는 것은 일확천금. 울타리 위에 올라 해가 높이 떠 있는 동안 시굴 장소를 찾는다고 한다.","울다하에 있는 마을. 한때는 교역 중계지로 장이 서고 사람들이 북적였지만, 동방교역 중단의 여파로 쇠퇴하고 말았다. 그 일대에 풍부한 미스릴 광석층이 있다는 소문이 퍼지며 광산업으로 다시 부흥할 수 있지 않을까 하는 기대를 모으고 있다.",81453,False
2162744,4879627,0,0,58,1800,459,44,81614,81114,"달 사당","――어느 성직자에게 들은 소문.
다음 생에서 축복을 받고 싶다면 조용히 기도하라. 폭우처럼 쏟아지는 참회의 눈물이 영혼을 구원하리니.","쌍둥이 신 '날달' 중에 사후 세계를 관장하는 '달 신'을 모시는 사당. 단식기도를 하기 위해 '날달 교단' 시설이 함께 갖추어져 있다. 예전에는 많은 순례자가 찾아왔지만, 요즘에는 찾아오는 사람 수가 줄어든 듯하다.",81453,False
2162745,4879628,0,0,58,500,759,45,81615,81115,"날 사당","――어느 성직자에게 들은 소문.
지금 생에서 축복을 받고 싶다면 성대하게 기도하라. 안갯속을 떠도는 영혼은 헌금으로 구원받으리니.","쌍둥이 신 '날달' 중에 이승을 관장하는 '날 신'을 모시는 사당. 참배하면 지금 생에 축복이 있다고 하지만, 부유층은 도시 안에 있는 '밀바네스 예배당'에서 파는 부적을 사는 것으로 만족하기 때문에 순례자가 거의 안 온다.",81453,False
2162746,4879629,0,0,22,500,759,45,81616,81116,"자하라크 진영","――어느 병사에게 들은 소문.
황야에 부는 바람은 바위도 깎는다. 풍화되어 기둥 모양이 된 바위 위에서 열심히 적진을 감시하는 모양이다.","아말쟈어로 '물러서지 않는다'는 뜻의 아말쟈군 진영. 그들은 남부 다날란에 있는 잔라크 일대를 화염신 '이프리트'가 불태워 정화한 성지로 여기며, 오래전부터 울다하와 충돌을 거듭했다.",81453,False
2162747,4879630,0,0,22,1200,1659,45,81617,81117,"비레고의 강타","――어느 광부에게 들은 소문.
강렬한 햇살과 열기 때문에 지쳐서 쓰러질 것 같지만, 고대 알라그 유적에는 보물이 가득하다.","아마지나 광산회사가 모래에 파묻힌 고대 알라그 시대 유적을 발굴하기 위해 설치한 대형 채굴기. 제작의 신 '비레고'가 커다란 망치를 내리치는 모습에 빗대어 강인한 이름이 붙여졌지만, 사실 채굴기는 열에 약해서 말썽이 끊이지 않는다.",81453,False
2162748,4879631,0,0,22,1200,1659,45,81618,81118,"카른의 무너진 사원","――술집에서 들은 소문.
당시 구조를 살펴보려면 기울어진 유적 위에 올라서 확인하는 것이 빠르다고 한다.","고대 '벨라흐디아' 시대의 유적. 벨라흐디아에서 수호신으로 섬기던 태양의 여신 '아제마'를 모시는 신전이며, 역대 왕들이 위신을 나타내기 위해 오랜 시간 동안 증축과 개축을 반복해왔다.",81453,False
2162749,4879632,0,0,30,500,759,45,81619,81119,"미노타우로스 말름","――어느 병사에게 들은 소문.
그까짓 무더위에 훈련을 쉬다니 어리석다. 진짜 사나이는 의지로 극복하며 육체를 단련하는 법. 그 모습이 바로 절경이다.","동부 알데나드 상회 등의 대형 자본에 맞서기 위해 중소규모 행상인들이 결성한 '상인공제회' 교역소. 위험하지만 수익률이 높은 '사골리 사막' 방면 교역 거점으로 제7재해 이후 세워졌다고 한다.",81453,False
2162750,4879633,0,0,31,500,759,46,81620,81120,"동쪽 감시탑","――어느 병사에게 들은 소문.
감시해야 할 진짜 적은 바로 졸음. 졸음이 쏟아지면 어떻게 해야 하는가. 깃대 끝에 서서 절도있게 경례한다. 간담이 서늘해지며 잠이 다 달아나니까.","갈레말 제국군 제XIV군단이 마도 병기 연료를 확보하기 위해 세운 자원 채굴 거점 '카스트룸 메리디아눔'을 감시하는 망루. 불멸대 보초병이 머무르며 밤낮으로 상대편 움직임을 지켜보고 있다.",81453,False
2162751,4879634,0,0,22,1800,459,46,81621,81121,"청린수 수송관","――어느 병사에게 들은 소문.
망가진 격자문을 정비하려면 시간이 걸린다. 날씨가 맑으면 전망은 좋지만, 떨어지기라도 하면 큰일이다.","채취한 청린수를 정제소까지 보내기 위한 수송관. 에오르제아에서도 비공정을 비롯해 청린기관 이용이 확대되면서 연료 수요가 늘어나는 추세이다. 아마지나 광산회사는 거액을 투자하여 설비를 확충하고 있다고 한다.",81453,False
2162752,4879635,0,0,22,1200,1659,46,81622,81122,"푸른안개 수맥","――어느 작업원에게 들은 소문.
푸른 안개는 아직도 적응하기 힘들다. 안개가 걷히면 작업을 멈추고 높은 곳에서 계곡을 둘러보는 것이 낙이다.","북부 다날란 계곡 지대는 에오르제아에서 손꼽히는 청린수 매장량을 자랑한다. 청린수를 채굴할 때 나오는 푸르스름한 가스 때문에 '푸른 안개'가 자욱한 광경은 이곳 명물이라고 할 수 있다.",81453,False
2162753,4879636,0,0,22,800,1159,46,81623,81123,"라우반의 완충지","――어느 병사에게 들은 소문.
짙은 구름에 뒤덮여도 달라가브의 발톱은 눈에 잘 띈다. 순찰을 하면서 자주 들리는 곳이라고 한다.","제7재해로 혼란한 틈에 제국군이 북부 다날란을 침공했을 때, 불멸대 라우반 국장은 전력적 열세에도 불구하고 목숨 걸고 싸워서 청린 정제소를 지켜냈다. 이렇게 해서 생겨난 양쪽 진영 사이의 중간지점을 '라우반의 완충지'라 부른다.",81453,False
2162754,4879637,0,0,22,1800,459,46,81624,81124,"아마지나 미스릴 폐광","――어느 모험가에게 들은 소문.
음침한 녀석들에게 붙잡힐 뻔한 적이 있다. 안개가 짙게 깔렸을 때, 무너진 기둥을 타고 겨우 탈출했다.","20년 전쯤 버려진 폐광. 아마지나 광산회사의 성장 동력 '미스릴 러시'를 일으킬 만큼 거대한 미스릴 광산이었으나, 광맥이 바닥나며 폐쇄되었다. 지금은 사교도 집단 '마지막 백성' 소굴로 변했다.",81453,False
2162755,4879638,0,0,22,1700,1759,63,81651,81151,"칼날 봉우리","――어느 기술자에게 들은 소문.
정비 작업은 날이 저물기 전에 끝내야 한다. 주변 경치나 보고 있을 틈은 없다.","커르다스 중앙고지에 우뚝 솟은 봉우리. 이슈가르드 정교 성서에는 하늘과 땅을 단단히 잇기 위해 전쟁의 신 할로네가 박아 놓은 검이라 기록되어 있다. 하지만 달라가브 파편이 떨어지면서 칼날 같던 산등성이도 그 모습이 달라지고 말았다.",81454,False
2162756,4879639,0,0,22,1800,459,63,81652,81152,"아도넬 점성대","――술집에서 들은 소문.
발이 미끄러져 떨어졌는데 다행히 중간에 걸렸다. 구사일생이란 건 이럴 때 쓰는 말이 아닐까.","에오르제아에서 가장 큰 천체 망원경을 갖춘 점성대. 천체의 움직임을 관측해서 드래곤족의 행동을 예측하기 위해 만들어졌다. 점성대 이름은 이슈가르드 역사에 길이 남을 위대한 점성술사 '아도넬'에게서 따왔다고 한다.",81454,False
2162757,4879640,0,0,22,800,1159,63,81653,81153,"드래곤족의 시체","――어느 기병에게 들은 소문.
아무리 추운 날이라도 그 시체를 보면 발리스타가 드래곤족을 꿰뚫던 순간이 떠올라 가슴이 뜨거워진다고 한다.","하얀테 전초지에서 발사한 드래곤용 발리스타를 맞고 떨어진 드래곤족의 시체. 커르다스의 매서운 추위 탓에 얼어붙어서 거의 썩지 않았다. 마치 눈 속에서 잠든 것처럼 보이기도 한다.",81454,False
2162758,4879641,0,0,22,500,759,63,81654,81154,"성도 '이슈가르드'","――어느 기병에게 들은 소문.
푸른 하늘 아래에서 고향 생각으로 마음을 다잡는다. 점점 더 격해지는 전투에 대비하기 위해.","종교도시 '이슈가르드'. 드래곤족 습격에 대비해 성벽과 마법 장벽으로 몇 겹씩 둘러싸여 있으며, 드래곤용 발리스타를 갖춘 탑들이 즐비하다. 이슈가르드 정교 교황이 거주하는 궁전이 있어서 성도라고 불린다.",81454,False
2162759,4879642,0,0,22,1700,1759,63,81655,81155,"큰바위 언덕","――어느 기병에게 들은 소문.
가까이 가면 올려다봐야 할 만큼 큰바위도 그 장소에 가면 전체 모습을 내려다볼 수 있다.","칼날 봉우리 산기슭에 펼쳐진 언덕으로, 한때 커다란 바위가 여기저기 있어서 '큰바위 언덕'이라 불렸다. 지금은 달의 위성 '달라가브'를 뒤덮었던 암흑물질이 괴상한 형태로 굳은 뒤 새로운 바위가 되어 언덕을 뒤덮었다.",81454,False
2162760,4879643,0,0,22,1800,459,63,81656,81156,"할로네의 비석","――어느 기병에게 들은 소문.
성스러운 돌 앞에 서면 누군가 하늘에서 지켜보는 듯한 느낌이 들어서 분명 몸이 움츠러들 것이다.","전쟁의 여신 '할로네'의 문양이 나타난 성스러운 돌. 할로네를 주신으로 삼는 이슈가르드 정교는 이 비석이 있는 동굴을 중요한 성지로 여기고 있다. 그래서 '비석 탑'이라는 감시탑까지 세우며 방어에 힘쓰고 있다.",81454,False
2162761,4879644,0,0,22,800,1159,63,81657,81157,"얼음외투 대빙벽","――어느 조사원에게 들은 소문.
서쪽 낭떠러지에서 생각나는 것은 서쪽에 남겨두고 온 사람들뿐. 내리쬐는 햇살도 얼어붙은 눈물을 녹일 수는 없다.","제7재해로 속성이 변하면서 커르다스 지역은 급격히 얼어붙었고, 불과 5년 만에 하늘을 뒤덮을 듯한 빙벽이 만들어졌다. 이 '대빙벽' 때문에 커르다스 서부로 통하는 육로가 끊긴 지 오래다.",81454,False
2162762,4879645,0,0,22,1200,1659,63,81658,81158,"용머리 전진기지","――어느 기병에게 들은 소문.
지붕 위의 눈을 쓸어내는 건 몹시 힘들지만, 그때 보이는 풍경이 아름답다. 매일매일 초록 지붕에 쌓인 하얀 눈을 치운다.","성도 '이슈가르드'를 지키는 방어 거점. 명문 '포르탕 가' 기병단이 머무르며 드래곤족이나 이단자를 비롯해 동쪽에서 쳐들어오는 이크살족을 경계하고 있다. 기지 이름은 근처에 있는 용머리처럼 생긴 커다란 바위에서 따왔다.",81454,False
2162763,4879646,0,0,22,500,759,63,81659,81159,"강철 경계초소","――술집에서 들은 소문.
강철 경계초소 상황이 알고 싶다면 발밑을 유심히 살피는 게 좋다.","파괴된 수비 요새. 서쪽 '돌방패 경계초소'와 짝을 이루며 이슈가르드 방어의 쌍벽이라 불렸다. 하지만 황룡 '스바라'가 이끄는 드래곤족에게 처참히 공격받아 지금은 외곽 일부만 남은 폐허가 되었다.",81454,False
2162764,4879647,0,0,22,1200,1659,67,81701,81201,"카스트룸 센트리","――어느 탈영병에게 들은 소문.
기지 안쪽에는 발착장이 있다. 그곳에서 물자 실어나르는 것을 지켜보는 것이 일과였다.","갈레말 제국군 자원 채굴 거점. 넬이 이끄는 제VII군단이 세운 '카스트룸 노붐'을 바탕으로 제XIV군단이 재해 뒤에 개조했다. 광석 수송용 철도인 통칭 '마도열차' 정거장이 설치되어 있다.",81455,False
2162765,4879648,0,0,22,1800,459,67,81702,81202,"크리스탈 타워","――어느 모험가에게 들은 소문.
풀과 나무조차 크리스탈로 변한 땅에서 하늘을 뚫을 듯한 크리스탈 기둥이 보인다고 한다.","제7재해 뒤로 갑자기 땅 위로 모습을 드러낸 커다란 크리스탈 탑. 학술조직 '성 코이나크 재단'에서 한 조사로는, 이것이 고대 알라그 문명이 동력원을 모으기 위해 세운 장치이며 '시르쿠스 탑'이라 불렸다고 한다.",81455,False
2162766,4879649,0,0,22,1200,1659,67,81703,81203,"이른서리 고개","――어느 모험가에게 들은 소문.
대규모 결정화 현상으로 만들어진 푸른 벌판. 크리스탈 위에서 둘러볼 수 있다고 한다.","비공전함 '아그리우스'가 추락하면서 대규모 결정화 현상을 일으킨 장소. 땅에서 자라던 풀까지 결정으로 변해서 이 고개를 지나면 아작아작하고 서리를 밟는 듯한 소리가 난다. 그래서 '이른서리 고개'라고 불리게 되었다.",81455,False
2162767,4879650,0,0,52,1700,1759,67,81704,81204,"묵약의 탑","――술집에서 들은 소문.
'아그리우스'는 한 번 구경할 가치가 있지만, 호숫가는 너무 위험하다. 느긋하게 바라보려면 나무 위가 좋다고 한다.","전함 앞머리부터 호수에 추락해서 마치 탑처럼 우뚝 솟은 갈레말 제국군 비공전함 '아그리우스'의 잔해. 먼 옛날부터 은빛눈물 호수를 지켜준다고 믿어온 환룡 '미드가르드오름'의 유해가 휘감겨 있다.",81455,False
2162768,5927558,50,50,22,0,0,0,81751,81251,"매의 보금자리","──이 풍경을 후세에 전하노라. 커르다스 서부고지 어딘가에 있으니 그곳에서 둘러볼지어다.","초병의 막사에서 발전한 커르다스 서부고지의 시골 마을. 제7재해 이후 한랭화의 피해를 크게 입어, 수많은 사람이 얼어 죽었다. 마을 이름은 드래곤족을 경계하기 위해 정찰용 매를 부리는 인원이 상주한 데서 유래한다.",81454,False
2162769,5927559,50,50,22,0,0,0,81752,81252,"맞가람 야영지","──이 풍경을 후세에 전하노라. 커르다스 서부고지 어딘가에 있으니 그곳에서 둘러볼지어다.","이슈가르드 기병단이 주둔하던 야영지. 에테라이트가 설치된 거점이었으나 재해 이후 버려졌다. 커르다스 강과 빠른물살 강이 합류하는 곳에 있어서 '강이 만나는 곳'이라는 이름이 붙었다.",81454,False
2162770,5927560,50,50,22,0,0,0,81753,81253,"용이 잠든 섬","──이 풍경을 후세에 전하노라. 커르다스 서부고지 어딘가에 있으니 그곳에서 둘러볼지어다.","지금은 얼어붙은 잿빛 호수에 있는 섬. 교황청 법술단이 강력한 드래곤족을 마법으로 오랫동안 잠재운 결과, 어느새 드래곤의 몸에 재가 붙어 바위가 되고 섬이 되었다고 한다.",81454,False
2162771,5927561,50,50,22,0,0,0,81754,81254,"어스름 요새","──이 풍경을 후세에 전하노라. 커르다스 서부고지 어딘가에 있으니 그곳에서 둘러볼지어다.","이슈가르드를 드래곤의 공격으로부터 지키는 '어스름 요새'. 과거에는 유헬메릭 경이 이끄는 뒤랑데르 가 기병단이 주둔했으나, 재해 당시 성벽 일부가 붕괴하고 한파를 맞아 꽁꽁 얼어붙었다. 지금은 마물이 우글대는 소굴이 되고 말았다.",81454,False
2162772,5927562,50,50,22,0,0,0,81755,81255,"고르가뉴 목장","──이 풍경을 후세에 전하노라. 커르다스 서부고지 어딘가에 있으니 그곳에서 둘러볼지어다.","뒤랑데르 가를 섬기는 기사 고르가뉴 경이 세운 목장. 그가 성심껏 무술을 지도한 뒤랑데르 가 장남이 여행 중 실종되자, 실의에 빠져 은퇴한 후 이 목장을 세웠다고 한다.",81454,False
2162773,5959933,50,50,22,0,0,0,81756,81256,"솔송나무 마을","──이 풍경을 후세에 전하노라. 커르다스 서부고지 어딘가에 있으니 그곳에서 둘러볼지어다.","커르다스 서부고지에 있는 폐촌. 원래 이 일대에는 나무꾼들이 살고 있었으나, 재해 이후 한랭화가 진행되면서 모두 떠났다. 마을의 이름은 이 지역에 자생하는 소나무과 침엽수에서 유래되었다.",81454,False
2162774,5959936,50,50,22,0,0,0,81757,81257,"예티 서식지","──이 풍경을 후세에 전하노라. 커르다스 서부고지 어딘가에 있으니 그곳에서 둘러볼지어다.","예티들의 서식지. 절구처럼 생긴 절벽이 바람을 막아주기 때문에 자연스레 모여든 듯하다. 하지만 아직 유력한 우두머리가 없어, 무리를 이루지 않고 저마다 따로 행동한다.",81454,False
2162775,5927563,50,50,22,0,0,0,81801,81301,"그나스의 토굴집","──이 풍경을 후세에 전하노라. 고지 드라바니아 어딘가에 있으니 그곳에서 둘러볼지어다.","뛰어난 수렵민족인 그나스족이 사는 마을. 분비액으로 흙을 반죽해 지은 개미굴 같은 집이 늘어서 있다. 건물 굴뚝에서는 드래곤족이 다가오지 못하도록 피운 특수한 향초의 연기가 나온다.",81456,False
2162776,5927564,50,50,22,0,0,0,81802,81302,"부정한 마을","──이 풍경을 후세에 전하노라. 고지 드라바니아 어딘가에 있으니 그곳에서 둘러볼지어다.","시가지 터로 보이는 유적군. 이슈가르드 교황청의 견해로는 이곳이 이단자 세력이 만든 '부정한 마을'이며, '전쟁신 할로네가 내린 천벌'을 받아 멸망했다고 한다. 하지만 역사적으로 사실인지는 밝혀진 바가 없다.",81456,False
2162777,5927565,50,50,22,0,0,0,81803,81303,"부정한 삼탑","──이 풍경을 후세에 전하노라. 고지 드라바니아 어딘가에 있으니 그곳에서 둘러볼지어다.","정교에서는 마녀들이 세운 '이단의 탑'이라고 가르치는 건축물. 인간을 위한 설비와 용이 머물 수 있는 설비가 공존하는, 극히 드문 건축 양식이다. 실제로 지금은 드래곤족들이 거처로 삼고 있는 듯하다.",81456,False
2162778,5927566,50,50,22,0,0,0,81804,81304,"비탄의 폭포","──이 풍경을 후세에 전하노라. 고지 드라바니아 어딘가에 있으니 그곳에서 둘러볼지어다.","영봉 솜 알 기슭에 있는 거대한 고대 건축물. 지금은 허물어져 강물에 조금씩 침식되고 있지만, 야생 마물이나 짐승들에게는 물을 마실 수 있는 소중한 곳이다. 또, 이들을 잡으려는 드래곤족도 나타난다고 한다.",81456,False
2162779,5927567,50,50,58,0,0,0,81805,81305,"빛무리 제단","──이 풍경을 후세에 전하노라. 고지 드라바니아 어딘가에 있으니 그곳에서 기도를 올릴지어다.","용암이 흐르는 애도의 바위굴 안쪽에 자리한 제단. 용과 여성을 소재로 한 듯한 조각상이 놓여 있지만, 여성상은 오래전에 파괴된 것 같다. 바로 위를 바라보면 솜 알 하늘산의 밑바닥이 보일 것이다.",81456,False
2162780,5959938,50,50,22,0,0,0,81806,81306,"꼬리깃 마을","──이 풍경을 후세에 전하노라. 고지 드라바니아 어딘가에 있으니 그곳에서 둘러볼지어다.","오지인 '초코보 숲'에 야생 초코보를 찾아서 온 사냥꾼들의 마을. 숲에 울창하게 들어선 칠천수 가지가 하늘을 나는 드래곤족의 눈을 가려주는 덕분에 간신히 사람이 살 수 있다",81456,False
2162781,5959940,50,50,22,0,0,0,81807,81307,"솜 알","──이 풍경을 후세에 전하노라. 고지 드라바니아 어딘가에 있으니 그곳에서 둘러볼지어다.","서부 아발라시아 산맥에 자리한 에오르제아의 최고봉. 수명이 다한 드래곤족이 찾아오는 '종언의 땅'으로, 그들의 성지이기도 하다. 산 전체가 거대한 크리스탈로 이루어져 있으며, 산허리에서 산꼭대기까지 하늘에 떠 있는 모습이 압권이다.",81456,False
2162782,5927570,50,50,22,0,0,0,81815,81315,"모그모그 고향","──이 풍경을 후세에 전하노라. 드라바니아 구름바다 어딘가에 있으니 그곳에서 둘러볼지어다.","에오르제아 최고봉인 '솜 알' 정상에 있는 모그리족의 마을. 드라바니아 구름바다는 기본적으로 드래곤족의 영역이나, 이 땅의 모그리족은 성룡 '흐레스벨그'와 나눈 맹약 덕에 이곳에 살 수 있다고 한다.",81456,False
2162783,5927571,50,50,22,0,0,0,81816,81316,"용의 둥지","──이 풍경을 후세에 전하노라. 드라바니아 구름바다 어딘가에 있으니 그곳에서 둘러볼지어다.","사룡 '니드호그'가 사는 '용의 둥지'. 주인인 사룡의 마력으로 늘 번개구름이 끼어있어 쉽게 다가갈 수 없다. 수십 년에서 약 백 년 주기로 활동하는 니드호그는 휴면기가 되면 이곳에서 잠을 자는 듯하다.",81456,False
2162784,5927572,50,50,22,0,0,0,81817,81317,"살 움 카쉬","──이 풍경을 후세에 전하노라. 드라바니아 구름바다 어딘가에 있으니 그곳에서 둘러볼지어다.","드래곤족의 말로 '회한이 낳는 크리스탈'이라는 뜻을 가진 유적. 파괴된 건축물이 크리스탈에 반쯤 묻혀 있다. 결정의 양으로 보아, 과거에 칠대천룡에 버금가는 마력을 가진 존재가 이곳에서 숨을 거두었을 가능성도 있는데…….",81456,False
2162785,5927573,50,50,22,0,0,0,81818,81318,"하얀 궁전","──이 풍경을 후세에 전하노라. 드라바니아 구름바다 어딘가에 있으니 그곳에서 둘러볼지어다.","성룡 '흐레스벨그'의 영역에 있는 장엄한 궁전. 성룡과 맹약한 구름바다의 모그리족이 관리하고 있지만, 천 년의 세월을 버티지 못하고 풍화가 진행되고 있다. 하지만 보는 이의 눈길을 사로잡는 미관은 여전히 건재하다.",81456,False
2162786,5927574,50,50,58,0,0,0,81819,81319,"지상왕 상","──이 풍경을 후세에 전하노라. 드라바니아 구름바다 어딘가에 있으니 그곳에서 기도를 올릴지어다.","잔디섬에 인접한 하늘섬에 있는 거대한 인물상. 모그리족은 '땅에 사는 사람들의 왕'이라고 생각하여 이름을 붙인 듯하다. 하지만 기록이 유실되어 어떤 인물이었는지 알 길이 없다.",81456,False
2162787,5959944,50,50,22,0,0,0,81820,81320,"편지집","──이 풍경을 후세에 전하노라. 드라바니아 구름바다 어딘가에 있으니 그곳에서 둘러볼지어다.","아주 먼 옛날, 인간과 용이 힘을 합쳐 만든 것으로 보이는 유적. 건물 곳곳에 문자가 새겨져 있어서, 현지에 사는 모그리족은 '편지집'이라 부른다. 이곳에는 천 년 전의 유물이 아직도 남아있다고 한다.",81456,False
2162788,5959946,50,50,22,0,0,0,81821,81321,"비룡 착륙지","──이 풍경을 후세에 전하노라. 드라바니아 구름바다 어딘가에 있으니 그곳에서 둘러볼지어다.","모그리족에 내려오는 전설에 따르면, 이곳은 비룡 와이번의 등에 타기 위해 수많은 사람이 찾아온 '하늘의 항구'라고 한다. 아직도 견고한 건축물 일부가 남아있으나, 지금 사는 드래곤족은 인간을 보면 바로 덤벼드는 사룡의 졸개뿐이다.",81456,False
2162789,5927575,50,50,22,0,0,0,81851,81351,"구름마루 초소","──이 풍경을 후세에 전하노라. 아발라시아 구름바다 어딘가에 있으니 그곳에서 둘러볼지어다.","아유나르트 가의 '장미 기병단'이 주둔하는 거점. 하늘섬을 이용하여 높은 곳에서 드래곤족을 감시하기 위해 설립되었다. 참고로 신형 비공정 '수호자호'가 배치되어 있으나 잔고장이 많아 전투에는 도움이 되지 않는다고 한다.",81457,False
2162790,5927576,50,50,13,0,0,0,81852,81352,"철새 보금자리","──이 풍경을 후세에 전하노라. 아발라시아 구름바다 어딘가에 있으니 그곳에서 졸아볼지어다.","근동 지역에서 에오르제아로 계절마다 날아오는 철새들의 쉼터. 추위를 피해 찾아온 괴조들은 이곳에서 알을 낳고 아기를 키운다. 이윽고 아기새들이 나는 법을 배우면 동쪽 하늘로 돌아간다.",81457,False
2162791,5927577,50,50,22,0,0,0,81853,81353,"부르 시안시란","──이 풍경을 후세에 전하노라. 아발라시아 구름바다 어딘가에 있으니 그곳에서 둘러볼지어다.","물속성 크리스탈의 힘으로 대기 중의 수분이 모여서 생긴 샘. 이 아름다운 샘을 발견한 기병들은 음유시인이 노래하는 전설의 명승지 '부르 시안시란'의 이름을 따서 부르기로 했다.",81457,False
2162792,5927578,50,50,22,0,0,0,81854,81354,"모크 우글 섬","──이 풍경을 후세에 전하노라. 아발라시아 구름바다 어딘가에 있으니 그곳에서 둘러볼지어다.","바누바누어로 '높은 곳에 있는 소리'라는 뜻을 지닌 섬. 이곳에는 모그리족이 좋아하는 무늬가 새겨진 비석이 남아있지만, 그들 모습은 찾아볼 수 없다. 이곳은 어떤 역사를 겪어왔을까?",81457,False
2162793,5927579,50,50,22,0,0,0,81855,81355,"떨어진 깃털의 집","──이 풍경을 후세에 전하노라. 아발라시아 구름바다 어딘가에 있으니 그곳에서 둘러볼지어다.","구름신 '비스마르크'의 날개가 떨어졌다는 전설이 있는, 바누바누족의 성지 중 하나. 지금은 분두족 장로의 집이 건설되어 권력의 상징으로 이용되고 있다.",81457,False
2162794,5959948,50,50,22,0,0,0,81856,81356,"오크 분두 바나","──이 풍경을 후세에 전하노라. 아발라시아 구름바다 어딘가에 있으니 그곳에서 둘러볼지어다.","바누바누족의 주요 씨족인 '분두'의 근거지. 바누바누어로 '오크'는 '마을', '바나'는 '높은 곳'을 뜻한다. 높은 곳일수록 구름신의 목소리가 잘 들린다고 여겨지기 때문에, 고도가 높은 이곳은 그들에게 중요한 의미를 지닌다.",81457,False
2162795,5959950,50,50,22,0,0,0,81857,81357,"헤느거의 도가니","──이 풍경을 후세에 전하노라. 아발라시아 구름바다 어딘가에 있으니 그곳에서 둘러볼지어다.","아발라시아 구름바다 동부에 위치한 기묘한 형태의 하늘섬. 이 섬을 발견한 이슈가르드 기사가 커르다스 지방의 동요에 등장하는 마녀 '헤느거'의 도가니를 닮았다 하여 이렇게 명명했다. 지금은 총총새의 군락지로도 알려져 있다.",81457,False
2162796,5927586,50,50,22,0,0,0,81808,81308,"대공방","──이 풍경을 후세에 전하노라. 저지 드라바니아 어딘가에 있으니 그곳에서 둘러볼지어다.","샬레이안의 장인들이 일하던 대공방. 과거에는 이곳에서 에테라이트를 제조했다고 한다. 하지만 지금은 지식을 독점하려는 고블린족 과학자 집단 '푸른손'이 점령하여 요새화를 추진하고 있다.",81456,False
2162797,5927587,50,50,22,0,0,0,81809,81309,"학문의 거리","──이 풍경을 후세에 전하노라. 저지 드라바니아 어딘가에 있으니 그곳에서 둘러볼지어다.","식민도시 '샬레이안' 중 살리아크 강 서쪽에 펼쳐진 지역. 성 모샨 식물원을 비롯한 연구 및 교육기관이 밀집된 곳으로, 과거에는 연구자나 학자가 많이 살았다. 이곳에 가면 '학술도시'의 옛 모습을 상상할 수 있다.",81456,False
2162798,5927588,50,50,22,0,0,0,81810,81310,"대현자 기념비","──이 풍경을 후세에 전하노라. 저지 드라바니아 어딘가에 있으니 그곳에서 둘러볼지어다.","지식을 후세에 남기고 죽어간 수많은 선현들의 위업을 전하기 위해, 교훈적인 뜻을 담아 세워진 커다란 비석. 지식의 도시 '샬레이안'의 구호인 '지식은 먼저 사람을 찾지 않나니'라는 구절과 함께, 역대 대현자들의 이름이 새겨져 있다.",81456,False
2162799,5927589,50,50,22,0,0,0,81811,81311,"살리아크의 물병","──이 풍경을 후세에 전하노라. 저지 드라바니아 어딘가에 있으니 그곳에서 둘러볼지어다.","살리아크 강에 있는 커다란 폭포. 아발라시아 산맥의 눈이 녹아 지하수가 되어 산을 타고 내려오면서 무수한 물줄기를 만나 저지에서 큰 강을 이룬다. 이름은 지식의 신 '살리아크'가 가진, '지식의 물'이 나오는 신비한 물병에서 유래되었다.",81456,False
2162800,5927590,50,50,22,0,0,0,81812,81312,"구브라 환상도서관","──이 풍경을 후세에 전하노라. 저지 드라바니아 어딘가에 있으니 그곳에서 둘러볼지어다.","식민도시 '샬레이안'이 각지에서 수집한 지식을 보관하기 위해 지은 대도서관. '대이동' 당시 중요한 서적은 북해에 있는 본국으로 가져갔으나, 지하 '금서고'에는 아직도 희귀한 책이 잠들어 있다고 한다.",81456,False
2162801,5959952,50,50,22,0,0,0,81813,81313,"온 원생림","──이 풍경을 후세에 전하노라. 저지 드라바니아 어딘가에 있으니 그곳에서 둘러볼지어다.","저지 드라바니아 북쪽에 펼쳐진 원시림. 이곳에는 살리아크 강의 풍부한 물이 키워낸, 사람의 손을 타지 않은 대자연이 고스란히 남아 있다. 고지 드라바니아를 경유하지 않고 샬레이안으로 가려면 강을 거슬러 올라가 이 원시림을 지나야 한다.",81456,False
2162802,5959954,50,50,22,0,0,0,81814,81314,"성 모샨 식물원","──이 풍경을 후세에 전하노라. 저지 드라바니아 어딘가에 있으니 그곳에서 둘러볼지어다.","샬레이안 사람이 만든 식물원의 폐허. 온실에서는 세계 각지에서 가져온 식물과 초목강 마물이 재배되어, 다양한 학술 연구가 이루어졌다. 하지만 '대이동' 때 방치된 이후로는 아무도 관리하지 않는다.",81456,False
2162803,5927581,50,50,22,0,0,0,81858,81358,"비공전함 그라티온","──이 풍경을 후세에 전하노라. 아지스 라 어딘가에 있으니 그곳에서 둘러볼지어다.","갈레말 제국 제VI군단 기함. 비공전함 '아그리우스'와 같은 형태이다. 얼음신 '시바'의 결사적인 공격을 받아, 장착된 청린로가 마력을 띤 얼음에 갇혀 항행을 할 수 없게 됐다고 한다.",81457,False
2162804,5927582,50,50,22,0,0,0,81859,81359,"무한연속 박물함","──이 풍경을 후세에 전하노라. 아지스 라 어딘가에 있으니 그곳에서 둘러볼지어다.","고대 알라그 제국의 박물전함. 천 년 이상 이어진 대제국 시대의 유산을 영원히 보존하기 위해 만들어졌다. 내부에는 일반인이 쓰던 물건에서 최신 군용 병기에 이르기까지, 위협적인 마과학의 산물이 남아있다고 한다.",81457,False
2162805,5927583,50,50,22,0,0,0,81860,81360,"반려자의 책형대","──이 풍경을 후세에 전하노라. 아지스 라 어딘가에 있으니 그곳에서 둘러볼지어다.","책형을 당한 칠대천룡인 암룡 '티아마트'. 그는 일찍이 광룡 '바하무트'와 함께 남방대륙에 살았으나, 알라그 제국군와의 싸움에 패했다. 저항하다 죽은 광룡을 야만신으로 소환한 것을 지금도 후회한다.",81457,False
2162806,5927584,50,50,22,0,0,0,81861,81361,"마과학 연구소","──이 풍경을 후세에 전하노라. 아지스 라 어딘가에 있으니 그곳에서 둘러볼지어다.","고대 알라그 제국의 연구 시설. 드래곤족을 봉인하는 '구속 장치', 또 이를 발전시킨 야만신 봉인 시스템을 연구했다. 대 야만신 병기도 연구하고 있었으며, 내부에는 폐기된 실험체가 다수 방황하고 있다.",81457,False
2162807,5927585,50,50,22,0,0,0,81862,81362,"나선 발착장","──이 풍경을 후세에 전하노라. 아지스 라 어딘가에 있으니 그곳에서 둘러볼지어다.","아지스 라에 있는 거대 항만시설. 유도 시스템의 해설에 따르면, 라그나로크급 구속함 같은 거대한 함정도 입항할 수 있는 제국에서 몇 안 되는 시설이라고 한다. 옛날에는 더 많은 착함 고리가 있었다고 한다.",81457,False
2162808,5959957,50,50,22,0,0,0,81863,81363,"격리실험장","──이 풍경을 후세에 전하노라. 아지스 라 어딘가에 있으니 그곳에서 둘러볼지어다.","마대륙 '아지스 라' 한쪽에 자리한 하늘섬. 섬 전체가 마과학부의 안전기준에 미달하는 위험한 키메라 생물을 격리하기 위한 시설이다. 기록에 따르면 원래는 작물 품종개량을 하던 농업 연구소였다고 한다.",81457,False
2162809,5959961,50,50,22,0,0,0,81864,81364,"키메라 생성 연구소","──이 풍경을 후세에 전하노라. 아지스 라 어딘가에 있으니 그곳에서 둘러볼지어다.","알라그 제국 마과학부 산하의 연구시설로, 각종 키메라 생물을 개발했다. 유도 시스템의 해설에 따르면 '대단히 안전하고도 참신한 실험을 하는' 것으로 유명했다고 하나, 이 말을 곧이곧대로 믿기는 어렵다.",81457,False
2162810,6139045,50,50,34,0,0,0,81758,81258,"할드라스 상","──이 풍경을 후세에 전하노라. 커르다스 서부고지 어딘가에 있으니 그곳에서 격려할지어다.","최초의 '푸른 용기사'인 용장군 할드라스를 기리기 위해 세운 거대 석상. 여성 조각가 페르셀이 30년에 걸쳐 만든 걸작으로, 완성된 지 150년 이상 지난 지금도 이보다 뛰어난 작품은 볼 수 없다.",81454,False
2162811,6139049,50,50,22,0,0,0,81759,81259,"흑철교","──이 풍경을 후세에 전하노라. 커르다스 서부고지 어딘가에 있으니 그곳에서 둘러볼지어다.","성도 방면에서 어스름 요새로 보급로를 잇기 위해 제멜 가에서 만든 석조 현수교. 드래곤의 숨결에도 무너지지 않도록 단단한 '흑철' 사슬을 사용한 데에서 유래된 이름이다.",81454,False
2162812,6139057,50,50,52,0,0,0,81760,81260,"용숨결 온천","──이 풍경을 후세에 전하노라. 커르다스 서부고지 어딘가에 있으니 그곳에서 앉을지어다.","타오르는 드래곤의 숨결을 쐬어 생겼다는 온천. 한랭화가 심해지는 환경 탓에 천연 온천은 매우 귀하며, 종종 야생 동물이 몸을 녹이기 위해 찾아온다. 기병들도 온천의 효능에 관심을 기울이고 있다.",81454,False
2162813,6139066,50,50,23,0,0,0,81761,81261,"점판암 산맥","──이 풍경을 후세에 전하노라. 커르다스 서부고지 어딘가에 있으니 그곳에서 자신을 과시할지어다.","일찍이 질 좋은 점판암이 산출되어 '점판암 산맥'이라 불리는 곳이다. 3년 전, 이곳에 포대 진지를 구축하려던 제멜 가 기병단과 이를 저지하려는 독룡 쿠엘레브레가 처절한 사투를 벌였다.",81454,False
2162814,6140318,50,50,22,0,0,0,81822,81322,"지난날 강","──이 풍경을 후세에 전하노라. 고지 드라바니아 어딘가에 있으니 그곳에서 둘러볼지어다.","드래곤족의 희생양이 된 짐승의 피가 흘러들기 때문에, 현지 사냥꾼들은 '위로의 강'이라 부르기도 한다. 하지만 이단자들은 먼 옛날 있었던 인간과 용의 슬픈 결별을 위로하는 곳이라고 주장한다.",81456,False
2162815,6140320,50,50,22,0,0,0,81823,81323,"바스의 토굴집","──이 풍경을 후세에 전하노라. 고지 드라바니아 어딘가에 있으니 그곳에서 둘러볼지어다.","그나스족 소수파인 일명 '끊어진 자들'이 만든 작은 마을. '바스'란 그나스족이 정신이 연결되지 않은 자들을 얕잡아 부르는 말이다. 이들은 정신이 연결된 '이어진 자들'과 달리 각자 개성이 있다.",81456,False
2162816,6140322,50,50,22,0,0,0,81824,81324,"살금걸음 오솔길","──이 풍경을 후세에 전하노라. 고지 드라바니아 어딘가에 있으니 그곳에서 둘러볼지어다.","오래된 길의 흔적이다. 옛날에는 석재로 포장되어 있었으나, 손보는 이가 없어 지금은 황폐해져 자갈길이 되었다. 꼬리깃 마을 사냥꾼들은 밟으면 자갈 소리가 나서 사냥감이 도망간다고 하여, '살금걸음 오솔길'이라 부르는 듯하다.",81456,False
2162817,6140325,50,50,22,0,0,0,81825,81325,"대너 가도","──이 풍경을 후세에 전하노라. 고지 드라바니아 어딘가에 있으니 그곳에서 둘러볼지어다.","부정한 삼탑으로 이어진 길. 과거에는 드래곤 말로 '드란 에른', 즉 '용과 인간의 길'이라 불렸으나, 시간이 흐르면서 그 뜻은 잊히고 '대너 가도'라 불리게 되었다. 지금은 드래곤만이 그 진정한 이름을 알 뿐이다.",81456,False
2162818,6140655,50,50,58,0,0,0,81829,81329,"이름 없는 용 조각상","──이 풍경을 후세에 전하노라. 드라바니아 구름바다 어딘가에 있으니 그곳에서 기도를 올릴지어다.","드라바니아 구름바다 한구석에 조용히 서 있는 석상. 어떤 사연이 있는지는 알려지지 않았으나, 그 토대에는 닳아 희미해진 고대 이슈가르드 문자로 '용맹한 푸른 날개의 기억과 함께'라고 씌어 있다.",81456,False
2162819,6140660,50,50,22,0,0,0,81830,81330,"지상왕의 영지","──이 풍경을 후세에 전하노라. 드라바니아 구름바다 어딘가에 있으니 그곳에서 둘러볼지어다.","인간의 배반으로 광기에 사로잡힌 사룡 니드호그가 파괴한 유적. 구름바다의 모그리족 사이에서는 '지상인의 왕'이 살던 유적으로 전해지지만, 사실인지는 알 수 없다.",81456,False
2162820,6140662,50,50,22,0,0,0,81831,81331,"으뜸 나무","──이 풍경을 후세에 전하노라. 드라바니아 구름바다 어딘가에 있으니 그곳에서 둘러볼지어다.","모그리족이 드라바니아 구름바다에 있는 나무들의 '아버지'라고 여기는 고목. 수령은 적어도 천 년을 넘긴 것으로 추정된다. 이 나무는 인간과 용이 전쟁을 벌이기 전부터 구름바다를 지켜보았을 것이다.",81456,False
2162821,6140665,50,50,22,0,0,0,81865,81365,"찬바람섬","──이 풍경을 후세에 전하노라. 아발라시아 구름바다 어딘가에 있으니 그곳에서 둘러볼지어다.","오크 준두 북서쪽에 있는 자그마한 하늘섬. 바누바누족 이야기꾼은 '구름을 몰고 오는 바람이 태어나는 섬'이라고 전한다. 바누바누족과 교류하던 시절에 이 이야기를 들은 장미기병단 기병이 '찬바람섬'이라는 이름을 붙였다.",81457,False
2162822,6140675,50,50,22,0,0,0,81866,81366,"부서진 등뼈","──이 풍경을 후세에 전하노라. 아발라시아 구름바다 어딘가에 있으니 그곳에서 둘러볼지어다.","북쪽에서 불어오는 거센 계절풍을 받아 기묘한 형태로 침식된 하늘섬. 그 섬뜩한 모양이 괴물의 뼈처럼 보인다고 하여, 이슈가르드 기병들이 '부서진 등뼈'라고 부르게 되었다.",81457,False
2162823,6140678,50,50,22,0,0,0,81867,81367,"기원의 섬","──이 풍경을 후세에 전하노라. 아발라시아 구름바다 어딘가에 있으니 그곳에서 둘러볼지어다.","장미기병단 기병 마리엘이 구름마루에 부임할 때, 상공을 날던 비공정 갑판에서 하트 모양 하늘섬을 발견했다. 그녀는 이곳이 사랑이 시작되는 곳이 되리라는 마음에서 기원의 섬이라는 이름을 붙였다.",81457,False
2162824,6140687,50,50,22,0,0,0,81826,81326,"살리아크 대폭포","──이 풍경을 후세에 전하노라. 저지 드라바니아 어딘가에 있으니 그곳에서 둘러볼지어다.","살리아크 강물이 북방의 온 원생림을 향해 쏟아지면서 생기는 웅장한 폭포. 한때 학생들 사이에서 최대한 이 폭포에 가깝게 헤엄치는 담력 내기가 유행한 적이 있다. 물론 얼마 못 가 금지령이 떨어진 건 말할 것도 없다.",81456,False
2162825,6140689,50,50,22,0,0,0,81827,81327,"석학의 길","──이 풍경을 후세에 전하노라. 저지 드라바니아 어딘가에 있으니 그곳에서 둘러볼지어다.","구브라 환상도서관으로 이어지는 거대한 돌다리. 제7재해 때 발생한 지각 변동의 여파로 무참하게 무너졌다. 과거에는 도서관에 출입하는 사서와 학생, 학자들로 붐볐다고 한다.",81456,False
2162826,6140691,50,50,22,0,0,0,81828,81328,"돌칼기둥 벼랑","──이 풍경을 후세에 전하노라. 저지 드라바니아 어딘가에 있으니 그곳에서 둘러볼지어다.","단검처럼 뾰족한 돌기둥이 무수히 서 있는 곳. 지명이 너무 단순하지 않냐며 샬레이안의 학자들이 여러 차례 열띤 토론을 벌였으나, 돌기둥 수만큼 나온 새 이름 후보 중에는 뾰족한 대안이 없었다고 한다.",81456,False
2162827,6140698,50,50,22,0,0,0,81868,81368,"크리스탈 증식로","──이 풍경을 후세에 전하노라. 아지스 라 어딘가에 있으니 그곳에서 둘러볼지어다.","삼투신의 능력을 응용하여, 키메라 생물의 생명 에너지를 결정화시켜 크리스탈을 증식시키고자 했던 꿈의 영구기관. 생산된 크리스탈을 투입해서 더 많은 키메라를 배양하여 무한한 힘을 얻는 연구가 진행되었다.",81457,False
2162828,6140704,50,50,22,0,0,0,81869,81369,"생체배양국","──이 풍경을 후세에 전하노라. 아지스 라 어딘가에 있으니 그곳에서 둘러볼지어다.","알라그 제국 마과학부 산하의 키메라 생물 배양시설. 마과학 연구소 등 각지의 연구기관에서 들어온 '독창적인 의뢰'에 따라 다양한 견본 생물을 배양했다. 부속 시설로는 근처에 있는 돌연변이 실험장이 있다.",81457,False
2162829,6140707,50,50,22,0,0,0,81870,81370,"고대 대성당","──이 풍경을 후세에 전하노라. 아지스 라 어딘가에 있으니 그곳에서 둘러볼지어다.","남방대륙 '메라시디아' 양식의 고대 대성당. 삼투신의 하나인 마신 '세피로트'를 모시기 위해 남방대륙의 식물형 종족이 건설한 듯하다. 신앙과 야만신의 연관성을 연구하기 위해 알라그인이 옮겨 지은 것으로 추정된다.",81457,False
2162830,6906521,60,60,22,0,0,0,81526,81026,"카스텔룸 벨로디나","――이 풍경을 후세에 전하노라. 
기라바니아 변방지대 어딘가에 있으니 그곳에서 둘러볼지어다.","갈레말 제국군이 벨로디나 강에 놓인 '벨로디나 대교' 위에 설치한 물자 중계기지. 군사 시설이 많은 산악지대와 에오르제아를 봉쇄하는 '바일사르 장성'을 잇는다. 중앙의 거대한 탑은 비공정 계류탑이다.",81458,False
2162831,6906704,60,60,22,0,0,0,81527,81027,"기르케힘 승원","――이 풍경을 후세에 전하노라. 
기라바니아 변방지대 어딘가에 있으니 그곳에서 둘러볼지어다.","랄거 성도교의 고승인 헤이마트가 약 300년 전에 개간한 승원. '기르케힘'이란 고대 마하어로 '자신의 신기루'를 뜻하며, 이곳이 자기 자신의 환영과 마주하여 심신을 단련하기 위한 장소라는 것을 나타낸다.",81458,False
2162832,6906707,60,60,22,0,0,0,81528,81028,"교조의 사당","――이 풍경을 후세에 전하노라. 
기라바니아 변방지대 어딘가에 있으니 그곳에서 둘러볼지어다.","먼 옛날, 파괴신 랄거에 닿고자 했던 남자가 주먹으로 바위산을 치는 수행을 시작하여, 수십 년에 걸쳐 큰 구멍을 뚫었다. 이 이름 없는 수행자야말로 성도교 최초의 몽크이며, 후에 교리가 생겨난 이 땅에는 사당이 세워졌다.",81458,False
2162833,6906712,60,60,22,0,0,0,81529,81029,"카스트룸 오리엔스","――이 풍경을 후세에 전하노라. 
기라바니아 변방지대 어딘가에 있으니 그곳에서 둘러볼지어다.","갈레말 제국군이 건축한 거점. 원래 '바일사르 장성'의 건설 거점이었으나, 제7재해 이후 가이우스가 에오르제아를 다시 침공했을 때 확충되어, 카스트룸으로 격상되었다. 현재는 쌍사당이 관리하고 있다.",81458,False
2162834,6906714,60,60,22,0,0,0,81530,81030,"밤의 숲","――이 풍경을 후세에 전하노라. 
기라바니아 변방지대 어딘가에 있으니 그곳에서 둘러볼지어다.","극동의 혼합림 남부에 광활하게 펼쳐진 어스레한 숲. 티몬 강의 지류와 여러 곳에서 솟아오르는 지하수의 영향으로, 언제나 습하며 안개가 끼어 있다. 때문에 낮에도 밤처럼 어둡다.",81458,False
2162835,6906738,60,60,22,0,0,0,81531,81031,"자난 카트","――이 풍경을 후세에 전하노라. 
기라바니아 변방지대 어딘가에 있으니 그곳에서 둘러볼지어다.","아난타족이 건축한 토성. 지하에는 미의 신 락슈미를 모시기 위한 지하신전이 있다. 때문에 아난타어로 '어머니의 침소'라는 뜻을 지닌 이름으로 불린다. 현재는 세력이 큰 칼리아나파가 점거한 모양이다.",81458,False
2162836,6906744,60,60,22,0,0,0,81532,81032,"굽어보는 바위","――이 풍경을 후세에 전하노라. 
기라바니아 변방지대 어딘가에 있으니 그곳에서 둘러볼지어다.","메씨족 태양의 추종자들이 사는 마을. 사냥감과 침입자를 내려다볼 수 있도록 세력권 전체를 굽어보기 좋은 바위산 위에 건설했다. 제국이 지배했을 때에는 사냥 민족을 야만족으로 치부하는 경향이 있어, 괴로운 나날을 보냈다.",81458,False
2162837,6942996,60,60,22,0,0,0,81533,81033,"소리 없는 곡성","――이 풍경을 후세에 전하노라. 
기라바니아 산악지대 어딘가에 있으니 그곳에서 둘러볼지어다.","죽은 자를 장례지내기 위한 곳. 뒤편의 폭포 소리가 곡성을 감추고, 떨어지는 물방울이 얼굴에 튀어 눈물을 감춰준다. 하지만 제국이 지배하던 때에는 종교 행사가 금지되어, 오랫동안 자유롭게 공양을 올리지도 못했던 모양이다.",81458,False
2162838,6943051,60,60,22,0,0,0,81534,81034,"잔불 마을","――이 풍경을 후세에 전하노라. 
기라바니아 산악지대 어딘가에 있으니 그곳에서 둘러볼지어다.","기라바니아 산악지대의 깊은 산속에 있는 한촌. 토지가 척박하여 수확이 적기 때문에 전통적으로 젊은이들이 용병을 뛰며 돈을 벌어와 근근이 생활해왔다. 알라미고의 성난 소, 라우반이 태어난 곳이기도 하다.",81458,False
2162839,6943057,60,60,22,0,0,0,81535,81035,"뉸크레프의 방주","――이 풍경을 후세에 전하노라. 
기라바니아 산악지대 어딘가에 있으니 그곳에서 둘러볼지어다.","대홍수가 에오르제아를 덮친 제6재해 때, 북해 출신의 뉸크레프가 사람들을 구하기 위해 만든 방주. 해일에 휩쓸려 바다 위를 떠다니던 사람들을 구하여, 마법을 사용해 배를 통째로 전송시킨 결과, 이 땅에 표착했다.",81458,False
2162840,6943060,60,60,22,0,0,0,81536,81036,"알라가나","――이 풍경을 후세에 전하노라. 
기라바니아 산악지대 어딘가에 있으니 그곳에서 둘러볼지어다.","기라바니아 산악지대 북부에 있는 마을. 과거에는 채석업으로 번성했었으며, 알라미고 왕궁을 장식하는 아름다운 석재 또한 이 마을의 채석 장인들이 잘라낸 것이다. 하지만 지금은 산업의 쇠퇴라는 위기에 직면했다.",81458,False
2162841,6943071,60,60,22,0,0,0,81537,81037,"황제의 감시탑","――이 풍경을 후세에 전하노라. 
기라바니아 산악지대 어딘가에 있으니 그곳에서 둘러볼지어다.","갈레말 제국군의 거대 감시탑. 속주가 된 기라바니아 전역을 감시하기 위하여, 우선 중앙탑을 건축했다. 그 후, 에오르제아를 다시 침략하기 위해 통신탑과 알테마 웨폰 기동을 위한 에너지 탑을 증설했다.",81458,False
2162842,6943073,60,60,22,0,0,0,81538,81038,"속죄의 가지","――이 풍경을 후세에 전하노라. 
기라바니아 산악지대 어딘가에 있으니 그곳에서 둘러볼지어다.","마음을 비우고 몸을 단련하면 속죄할 수 있다. 랄거 성도교의 이 교리에 따라 죄를 지은 자들이 속죄하기 위한 곳으로 건축되었다. 이 사원에서 7년 동안 엄격한 수행을 하면, 파괴신이 어떠한 죄라도 용서해준다고 한다.",81458,False
2162843,6943083,60,60,22,0,0,0,81539,81039,"붉은 지구라트","――이 풍경을 후세에 전하노라. 
기라바니아 산악지대 어딘가에 있으니 그곳에서 둘러볼지어다.","제6재해 말기부터 제6성력 초기에 걸쳐 건축된 유적. 암다포르와 마하, 일찍이 대립하던 2대 마법도시의 유파를 이어받은 자들이 재해로 흐트러진 기후를 진정시키기 위하여, 지맥을 중시하여 만들었다고 한다.",81458,False
2162844,6943089,60,60,22,0,0,0,81540,81040,"여행길 회랑","――이 풍경을 후세에 전하노라. 
기라바니아 산악지대 어딘가에 있으니 그곳에서 둘러볼지어다.","일찍이 랄거 성도교의 총본산에서 수행을 마친 몽크승은 이 회랑에서 여행 의식을 치렀다고 한다. 옛날에는 성도산 사원의 참배객을 포함하여 사람들이 북적였으나, 폐왕 테오도리크가 불태워 버린 후 폐허가 되었다.",81458,False
2162845,6943900,60,60,22,0,0,0,81541,81041,"성채도시 알라미고","――이 풍경을 후세에 전하노라. 
기라바니아 호반지대 어딘가에 있으니 그곳에서 둘러볼지어다.","제6성력 1135년, 기라바니아 지방을 통일한 패왕 안즈헬름이 일사바드 대륙에서 들어오는 세력을 요격하기 위하여 세운 성채도시. 갈레말 제국이 지배했을 때에는 식민지 총독부가 설치되어, 지배의 상징으로 기능했다.",81458,False
2162846,6943906,60,60,22,0,0,0,81542,81042,"알라미고인 거주구","――이 풍경을 후세에 전하노라. 
기라바니아 호반지대 어딘가에 있으니 그곳에서 둘러볼지어다.","성채도시 알라미고 남부의 거주구. 인구 증가에 대응하기 위하여 가장 최근에 확장된 구역이기에 그만큼 왕궁에서도 멀리 떨어져 있어, 처음부터 노동자들의 마을이 되었다. 제국이 지배할 때에는 시민권이 없는 자들이 거주했던 모양이다.",81458,False
2162847,6943909,60,60,22,0,0,0,81543,81043,"남부 감시탑","――이 풍경을 후세에 전하노라. 
기라바니아 호반지대 어딘가에 있으니 그곳에서 둘러볼지어다.","북주 일사바드 대륙 사이에 펼쳐진 구름바다를 감시하기 위한 탑. 침입자를 발견하면 탑 꼭대기에서 불화살이 발사되어 요새에 위기를 알리게 되어 있다. 하지만 제국이 지배했을 때에는 사용하지 않았던 모양이다.",81458,False
2162848,6943913,60,60,58,0,0,0,81544,81044,"신성한 예배단","――이 풍경을 후세에 전하노라. 
기라바니아 호반지대 어딘가에 있으니 그곳에서 기도할지어다.","로흐 셀 호수에 우뚝 솟아 있었던 거대한 파괴신 랄거 상을 참배하던 예배단. 꼭대기까지 올라가면 파괴신의 눈앞에서 기도할 수 있었다. 폐왕 테오도리크가 치세했을 때에는 처형장으로 사용되었던 악명 높은 곳이다.",81458,False
2162849,6943920,60,60,22,0,0,0,81545,81045,"지하수로","――이 풍경을 후세에 전하노라. 
기라바니아 호반지대 어딘가에 있으니 그곳에서 둘러볼지어다.","알라미고 도시 안으로 로흐 셀 호숫물을 끌어오기 위해 만든 곳으로 여기서 길은 소금물을 증류하여 담수로 만들어 식수로 이용해 왔다. 제국이 마도식 수도를 건설하였기에 지금은 사람들의 발길이 거의 끊겼다.",81458,False
2162850,6943927,60,60,22,0,0,0,81546,81046,"포르타 프라이토리아","――이 풍경을 후세에 전하노라. 
기라바니아 호반지대 어딘가에 있으니 그곳에서 둘러볼지어다.","포르타 프라이토리아란 '정문'을 뜻한다. 이름 그대로 카스트룸 아바니아의 정문, 정확히는 정문의 일부이다. 제국 침공 전에는 알라미고로 가는 주요 도로의 관문으로 기능했으며, 근동 지역으로 가는 상단들이 많이 드나들었다.",81458,False
2162851,6970191,60,60,22,0,0,0,81576,81076,"적성조 주재소","――이 풍경을 후세에 전하노라. 
쿠가네 어딘가에 있으니 그곳에서 둘러볼지어다.","쿠가네의 치안 유지 조직, 적성조의 주재소. 광장에 있는 찻집에서는 휴일을 즐기는 적성조 무사들을 볼 수 있다. 또한 위를 올려다보면 장대한 쿠가네 성의 천수각도 눈에 들어오는 명소로 알려져 있다.",81459,False
2162852,6970196,60,60,52,0,0,0,81577,81077,"망해루","――이 풍경을 후세에 전하노라. 
쿠가네 어딘가에 있으니 그곳에서 둘러볼지어다.","바다를 바라보며 온천욕을 즐길 수 있는 '망해 온천'이 자랑거리인 쿠가네의 온천 여관. 동쪽 나라의 공중 목욕탕은 혼욕인 곳이 많으며, 성별을 불문하고 기본적으로 알몸으로 들어간다. 하지만 외국인이 많은 쿠가네의 온천에서는 수영복 종류를 착용해야 한다.",81459,False
2162853,6970204,60,60,22,0,0,0,81578,81078,"코가네 상점가","――이 풍경을 후세에 전하노라. 
쿠가네 어딘가에 있으니 그곳에서 둘러볼지어다.","황금을 낳는 상업 항구 '쿠가네'에서 잔돈을 낳는다고 하는 상점가. 외국 배에서 매입한 외래품을 파는 가게부터 이국 상인에게 동쪽 나라의 명산품을 파는 가게까지 여러 가게가 모여 있다. 명소 '무지코 극장'도 빼놓을 수 없다.",81459,False
2162854,6970213,60,60,22,0,0,0,81579,81079,"코가네 뒷골목","――이 풍경을 후세에 전하노라. 
쿠가네 어딘가에 있으니 그곳에서 둘러볼지어다.","코가네 상점가의 뒷골목. 동방 지역 특유의 커다란 아치교인 '타소가레 다리'를 바라볼 수 있다. 또한 관립 조선소인 쿠가네 조선대와 그 위에 지어진 비공정 발착장 같은 쿠가네의 명소라고 할 수 있는 건축물을 볼 수 있는 곳이다.",81459,False
2162855,6970221,60,60,22,0,0,0,81580,81080,"시오카제 정 ","――이 풍경을 후세에 전하노라. 
쿠가네 어딘가에 있으니 그곳에서 둘러볼지어다.","쿠가네에서 가장 큰 술집. 지역 상인이나 항만 노동자, 외국인도 많이 보인다. 동쪽 나라의 본토인 시슈에서 가져온 미주와 해산물을 사용한 갖가지 동방 요리가 명물이라고 한다.",81459,False
2162856,6943944,60,60,22,0,0,0,81581,81081,"푸른 물구슬","――이 풍경을 후세에 전하노라. 
홍옥해 어딘가에 있으니 그곳에서 둘러볼지어다.","푸른등 코우진족이 건축한 해저 마을. 코우진족은 숨을 오래 참을 수 있지만, 사하긴족처럼 아가미 호흡을 할 수는 없다. 때문에 오랜 역사 속에서 물속에 공기 방울을 정착시키는 마법을 고안해 낸 모양이다.",81459,False
2162857,6944094,60,60,22,0,0,0,81582,81082,"난바위","――이 풍경을 후세에 전하노라. 
홍옥해 어딘가에 있으니 그곳에서 둘러볼지어다.","홍옥해에 떠 있는 작은 섬 중 하나. 북쪽에는 거대한 산호초 더미가 있어, 홍옥해를 주름잡는 해적 형제단이 거점을 구축하고 있다. 또한 동쪽 나라의 박물학자에 의하면 이 섬은 지옥뚜껑의 화산 자갈로 인하여 생겨났다고 한다.",81459,False
2162858,6944110,60,60,22,0,0,0,81583,81083,"천궁탑","――이 풍경을 후세에 전하노라. 
홍옥해 어딘가에 있으니 그곳에서 둘러볼지어다.","하늘을 찌르는 거대한 석탑. 동방 지역에 전해지는 신화에서는 나라를 만든 신이 건축했다고 하나, 정확한 것은 불명이다. 역사적으로 금기의 땅으로 여겨졌으나, 전란기에 신도 두려워하지 않는 해적 형제단이 상륙하여 거점인 '비끗 요새'를 건축하기에 이르렀다.",81459,False
2162859,6944199,60,60,22,0,0,0,81584,81084,"사카즈키 섬","――이 풍경을 후세에 전하노라. 
홍옥해 어딘가에 있으니 그곳에서 둘러볼지어다.","최초의 해적들이 잔을 나누며 의형제를 맺었다고 하는 섬. 해적 형제단에게는 발상지라고도 할 수 있는 특별한 곳이다. 지금도 감시 요새가 세워져 있으며, 많은 해적들이 대기하며 홍옥해를 오가는 배를 감시하고 있다.",81459,False
2162860,6944211,60,60,22,0,0,0,81585,81085,"살귀도","――이 풍경을 후세에 전하노라. 
홍옥해 어딘가에 있으니 그곳에서 둘러볼지어다.","붉은등의 거점. '사람을 죽이는 귀신'이 사는 섬이라고 하여 '살귀도'라고 이름 붙였지만, 어느 새 코우진족까지도 그렇게 부르게 되었다. 또한 옛날에는 섬이었지만 용암 때문에 대륙 본토와 연결되었기에 엄밀히 말하자면 섬이 아니다.",81459,False
2162861,6944221,60,60,22,0,0,0,81586,81086,"이사리 마을","――이 풍경을 후세에 전하노라. 
홍옥해 어딘가에 있으니 그곳에서 둘러볼지어다.","동부 오사드 연안에 있는 마을. 이사리란 '낚시'를 뜻하며 이 마을이 어업으로 생계를 꾸려나간다는 것을 나타낸다. 옛날엔 해적 형제단의 오두막이 놓여, 홍옥해를 건너기 위한 돛세 징수 등에 쓰였던 모양이다.",81459,False
2162862,6944443,60,60,22,0,0,0,81587,81087,"강엔 종묘","――이 풍경을 후세에 전하노라. 
얀샤 어딘가에 있으니 그곳에서 둘러볼지어다.","전란에 시달리던 얀샤를 통일한 위대한 무장, 강엔을 기리기 위한 사당. 절벽에는 강엔을 본떠 만든 거대한 조각상이 새겨져 있다. 또한 그는 검호이자 술사였다고도 하며, 도마식 풍수술의 선조라 전해지고 있다.",81459,False
2162863,6944449,60,60,22,0,0,0,81588,81088,"카스트룸 플루미니스","――이 풍경을 후세에 전하노라. 
얀샤 어딘가에 있으니 그곳에서 둘러볼지어다.","도마 공략의 전초 기지로써 25년 전에 제국군이 구축한 거점. 도마를 제압한 후에도 점령 통치의 거점으로 잠시 이용했지만, 도마 성 수리 공사를 마친 요즘에는 강가 쪽은 방치되어 거의 이용되지 않는다.",81459,False
2162864,6944451,60,60,22,0,0,0,81589,81089,"나마이 마을","――이 풍경을 후세에 전하노라. 
얀샤 어딘가에 있으니 그곳에서 둘러볼지어다.","얀샤의 겐스이 산에 있는 산촌. 나마이란 수전에서 자라는 벗풀이라는 식물을 뜻하는 옛말이며, 이 마을이 예부터 벼농사를 지어온 곳이라는 것을 뜻한다. 제국이 지배할 때에는 고통 속에서 수전을 지켜왔다.",81459,False
2162865,6944454,60,60,22,0,0,0,81590,81090,"무지개 도랑","――이 풍경을 후세에 전하노라. 
얀샤 어딘가에 있으니 그곳에서 둘러볼지어다.","무지개색 물을 머금은 신비한 샘. 크리스탈이 풍부한 광맥이 노출된 장소이기에, 속성의 힘이 작용한 결과 이와 같은 아름다운 경치를 만들어낸 듯하다. 한편, 선녀가 건넌 무지개 다리에서 유래되었다는 전승도 있다.",81459,False
2162866,6944466,60,60,22,0,0,0,81591,81091,"도마 성","――이 풍경을 후세에 전하노라. 
얀샤 어딘가에 있으니 그곳에서 둘러볼지어다.","얀샤를 지배했던 도마의 성. 물류의 대동맥이며 주변 지역의 수원이기도 한 큰 강인 무이강을 차지하기 위하여 강에서 튀어나온 바위산을 이용해서 지었다. 제국이 지배했을 때에는 식민지 총독부로 사용되어 군사 기능도 확장된 모양이다.",81459,False
2162867,6944483,60,60,22,0,0,0,81592,81092,"대룡월량문","――이 풍경을 후세에 전하노라. 
얀샤 어딘가에 있으니 그곳에서 둘러볼지어다.","무이강을 건너는 거룻배를 관리하기 위하여 만든 거대 수문. 천연 바위산을 이용해서 건조된 '대룡벽' 중앙에 보름달 모양의 문을 만들어 놨다. 제국군은 하천의 지배를 강화하고자 이곳에 마도 필드 발생기를 증설했다.",81459,False
2162868,6944489,60,60,22,0,0,0,81593,81093,"유즈카 대관 저택","――이 풍경을 후세에 전하노라. 
얀샤 어딘가에 있으니 그곳에서 둘러볼지어다.","무이강 중류의 마을을 다스렸던 대관의 저택. 대대로 도마 군주 일족을 모셔온 명문 유즈카 가문의 당주가 대관을 역임했다. 도마 반란 때 불타버려서 지금은 나마즈오들의 거처가 되었다. ",81459,False
2162869,6944525,60,60,22,0,0,0,81594,81094,"쿌 엔","――이 풍경을 후세에 전하노라. 
아짐 대초원 어딘가에 있으니 그곳에서 둘러볼지어다.","바르담 패도 근처에 있는 돌기둥 무더기. 그 돌기둥에는 유목민의 옛 노래가 새겨져 있다. 또한 돌기둥은 아무렇게나 놓인 듯이 보이지만, 바람이 그 사이를 지나가면 옛 선율이 울리게끔 놓여져 있다고 한다.",81459,False
2162870,6944572,60,60,22,0,0,0,81595,81095,"도탈 카","――이 풍경을 후세에 전하노라. 
아짐 대초원 어딘가에 있으니 그곳에서 둘러볼지어다.","아우라 젤라의 유목민, 도탈족이 사는 거주지. '카'란 샘터를 뜻하는 말이며, 건조한 나아마 사막에서는 드물게 오아시스가 있다. 남쪽의 사막 지대를 여행할 때에는 여기서 마지막으로 물을 보급할 필요가 있다.",81459,False
2162871,6944578,60,60,22,0,0,0,81596,81096,"황혼의 옥좌","――이 풍경을 후세에 전하노라. 
아짐 대초원 어딘가에 있으니 그곳에서 둘러볼지어다.","최초의 아우라족 여성인 '황혼의 어머니'의 모습을 본떠 만든 거대 석상. 이곳이 달의 신 나아마가 황혼의 어머니를 창조한 곳이라는 것을 나타낸다. 하지만 모래 섞인 바람이 불어와 풍화가 진행되어, 지금은 거의 모래에 묻혀 있다.",81459,False
2162872,6944622,60,60,22,0,0,0,81597,81097,"재회시장","――이 풍경을 후세에 전하노라. 
아짐 대초원 어딘가에 있으니 그곳에서 둘러볼지어다.","아우라 젤라의 일부 부족, 케스티르족이 지은 교역소. 50부족 이상으로 분열된 아우라 젤라이지만 이곳에서만큼은 하나의 부족으로 돌아가자는 기원이 담긴 이름이다. 지금은 초원에 사는 많은 부족들과 더불어, 이국의 상인들도 방문한다.",81459,False
2162873,6944626,60,60,58,0,0,0,81598,81098,"차카 조","――이 풍경을 후세에 전하노라. 
아짐 대초원 어딘가에 있으니 그곳에서 기도할지어다.","거대한 용을 상대로 싸워서 사람들과 가축을 지킨 아우라 젤라의 성인인 차카의 유골을 납골한 사당. 계절끝 합전에서 승리한 부족은 싸움 후 이곳을 방문하여, 공물을 바치는 전통 의식이 지금도 이어지고 있다.",81459,False
2162874,6944631,60,60,22,0,0,0,81599,81099,"여명의 옥좌","――이 풍경을 후세에 전하노라. 
아짐 대초원 어딘가에 있으니 그곳에서 둘러볼지어다.","태양신 아짐이 최초의 아우라족 남성 '여명의 아버지'를 만들었다고 하는 성지. 역대 유력 부족이 통치하며 수리를 거듭한 결과, 지금은 아짐 카트 호수 위에 거대한 받침대가 만들어져, 거대한 궁전이 우뚝 솟게 되었다.",81459,False
2162875,7151071,60,60,22,0,0,0,81547,81047,"파괴신 랄거 상","――이 풍경을 후세에 전하노라. 
랄거의 손길 어딘가에 있으니 그곳에서 둘러볼지어다.","파괴와 혜성을 관장하는 신, 랄거의 조각상. 성도교 승려와 신도들이 수백 년에 걸쳐 바위 표면을 조금씩 깎아내어 만들었다. 너무나도 거대해서 성도산 사원을 불태운 테오도리크 왕조차 파괴할 수 없었다는 이야기가 전해진다.",81458,False
2162876,7151075,60,60,22,0,0,0,81548,81048,"피바람의 가르침","――이 풍경을 후세에 전하노라. 
랄거의 손길 어딘가에 있으니 그곳에서 둘러볼지어다.","파괴신 랄거 상의 발밑에 놓인 비석. 성도교의 고승이 남긴 '피바람이 다가올 때, 일곱 지옥은 문을 열고 일곱 천국은 눈물을 흘리리라. 누구 하나 빠짐없이 파괴신의 손길이 닿는 곳에 있기에.'라는 말이 새겨져 있다.",81458,False
2162877,7151080,60,60,22,1800,459,0,81549,81049,"용숨결 구덩이","――이 풍경을 후세에 전하노라. 
기라바니아 변방지대 어딘가에 있으니 밤에 그곳에서 둘러볼지어다.","오메가와 신룡이 싸우다가 생긴 흔적. 신룡이 큰턱을 벌려 내뿜은 빛 때문에 대지에 커다란 구멍이 뚫렸기에, '용이 숨을 내뿜었다'라고 하여 '용숨결'이라고 불리고 있다. 이 빛줄기가 조금이라도 빗나갔더라면 메씨족 마을은 괴멸했으리라.",81458,False
2162878,7151082,60,60,22,0,0,0,81626,81126,"알라기리","――이 풍경을 후세에 전하노라. 
기라바니아 산악지대 어딘가에 있으니 그곳에서 둘러볼지어다.","기라바니아 산악지대에 있는 숙박촌. 울다하, 그리다니아 방면과 알라미고를 잇는 가도 옆에 위치하며, 일찍이 동방과 육로 무역을 할 때에 중요한 중계지 역할을 담당했다. 제국의 식민지였을 때는 주로 군사 거점에 거주하는 장병들을 상대로 장사를 했던 모양이다.",81458,False
2162879,7151093,60,60,22,0,0,0,81627,81127,"황제의 감시탑 2","――이 풍경을 후세에 전하노라. 
기라바니아 산악지대 어딘가에 있으니 그곳에서 둘러볼지어다.","갈레말 제국군이 세운 거대 감시탑. 험준한 산맥인 산악지대 중앙에 위치한 이 탑에서 지배 중인 마을을 감시해왔다. 알라미고 주민들에게는 탄압의 상징이라고 할 수 있는 존재이다.",81458,False
2162880,7151097,60,60,22,0,0,0,81628,81128,"수몰된 파괴신 랄거 상","――이 풍경을 후세에 전하노라. 
기라바니아 호반지대 어딘가에 있으니 그곳에서 둘러볼지어다.","랄거 성도교가 알라미고의 국교로 지정된 것을 기념하여 봉납한 파괴신 랄거 석상. 알라미고의 마지막 왕인 테오도리크가 성도교와 대립했을 때 왕의 직속 근위대에 의하여 파괴되었고, 로흐 셀 호수에 가라앉게 되었다.",81458,False
2162881,7151100,60,60,22,0,0,0,81629,81129,"알라미고인 거주구 2","――이 풍경을 후세에 전하노라. 
기라바니아 호반지대 어딘가에 있으니 그곳에서 둘러볼지어다.","성채도시 알라미고 남부에 있는 거주구. 제국의 식민지였을 때에는 시민권이 없는 '안' 계급의 거주구로 지정되어, 그들을 얕잡아 부르는 호칭을 따서 '비둘기 거주구'라고 불렸다. 그 차별적인 명칭은 이제 과거의 것이 되었다.",81458,False
2162882,7151103,60,60,22,0,0,0,81676,81176,"즈이코우 상","――이 풍경을 후세에 전하노라. 
쿠가네 어딘가에 있으니 그곳에서 둘러볼지어다.","부헨의 즈이코우를 본떠 만든 동상. 그는 쿠가네가 있는 섬 '시슈' 남부를 통치하던 '땅끝 나라'를 세운 무장으로 알려진 위인이다. 다만 쿠가네 자체는 막부의 직할지인 천령에 속하기에 땅끝 나라 영지에는 포함되지 않는다.",81459,False
2162883,7151105,60,60,22,0,0,0,81677,81177,"라쿠자 거리","――이 풍경을 후세에 전하노라. 
쿠가네 어딘가에 있으니 그곳에서 둘러볼지어다.","'동쪽 나라' 막부의 특례를 받아 상업에 관한 규제가 크게 완화된 상인 거리. 여러 물품을 취급하는 도매상들은 물론 국내외에서 방문하는 상인이나 여행객을 위한 숙박 시설이나 오락 시설도 갖춰져 있다.",81459,False
2162884,7151107,60,60,22,0,0,0,81678,81178,"전혼탑 광장","――이 풍경을 후세에 전하노라. 
쿠가네 어딘가에 있으니 그곳에서 둘러볼지어다.","전혼탑, 즉 '에테라이트'가 설치된 광장. 예부터 동쪽 나라에서는 '오니시슈'라고 불리는 수수께끼 기술 집단이 이런 설비를 제조하고 보수, 관리를 해왔다고 한다. 교통의 중심이기 때문에 적성조가 삼엄하게 감시한다.",81459,False
2162885,7151109,60,60,22,0,0,0,81679,81179,"쿠가네 조선대","――이 풍경을 후세에 전하노라. 
쿠가네 어딘가에 있으니 그곳에서 둘러볼지어다.","쿠가네 현감이 설립한 조선소. 세키부네 같은 대형 선박을 건조하기 위한 목적으로 만들어진 것이 아니며, 주로 쿠가네에 입항하는 배를 수리하거나, 소형 선박을 건조한다. 때문에 외국 배에 대해 잘 아는 조선공이 모여 있는 모양이다.",81459,False
2162886,7151115,60,60,22,0,0,0,81680,81180,"시스이 궁","――이 풍경을 후세에 전하노라.
홍옥해 어딘가에 있으니 그곳에서 둘러볼지어다.","소교쿠 해구 안쪽에 고즈넉이 자리잡은 해저 궁전. 홍옥해 바다 밑에 사는 아우라 스이 일족이 지은 건물로, 그들을 다스리는 '홍옥 공주'가 살고 있다. 외부인은 물론 아우라 스이 일족일지라도 특별한 허가를 받은 자만 들어갈 수 있다.",81459,False
2162887,7151117,60,60,22,500,759,0,81681,81181,"동부 오사드 연안","――이 풍경을 후세에 전하노라. 
홍옥해 어딘가에 있으니 아침 일찍 그곳에서 둘러볼지어다.","홍옥해에 접한 오사드 소대륙의 동쪽 지역. 오랜 옛날부터 어업이 흥했으며, 해안선에는 이사리 마을 같은 어촌이 산재한다. 경치가 무척 아름다우며, 이 땅을 노래한 시도 많이 전해진다.",81459,False
2162888,7151135,60,60,22,0,0,0,81682,81182,"비끗 요새","――이 풍경을 후세에 전하노라. 
홍옥해 어딘가에 있으니 그곳에서 둘러볼지어다.","홍옥해를 주름잡는 해적 형제단의 근거지. 고대 시대부터 존재했다고 하는 수수께끼 거탑 '천궁탑'이 있기에 예부터 금기의 땅으로 여겨졌다. 하지만 신을 두려워하지 않는 해적 형제단이 이곳에 진을 치고 요새를 건설했다고 한다.",81459,False
2162889,7151167,60,60,22,0,0,0,81683,81183,"고속 마도구축함 L‐XXIII","――이 풍경을 후세에 전하노라. 
얀샤 어딘가에 있으니 그곳에서 둘러볼지어다.","무이강 강바닥에 가라앉은 고속 마도구축함의 잔해. 함적 번호 L은 제XII군단의 소속이라는 것을, XXIII은 23호 전함이라는 것을 의미한다. 도마 반란을 진압하라는 임무를 받고 왔으나, 얀샤를 지키는 여우 요괴의 손에 격추된 듯하다.",81459,False
2162890,7151169,60,60,22,0,0,0,81684,81184,"몰 일로","――이 풍경을 후세에 전하노라. 
아짐 대초원 어딘가에 있으니 그곳에서 둘러볼지어다.","아우라 젤라 부족 중 하나인 몰족이 사는 거주지. 가축에게 먹이기 위한 풀을 따라다니듯 이동하는 그들은 계절마다 거주지를 바꾼다. 때문에 천막 하나를 만들더라도 이축하기 쉽게 설계한다고 한다.",81459,False
2162891,7151171,60,60,22,0,0,0,81685,81185,"모아이 상","――이 풍경을 후세에 전하노라. 
아짐 대초원 어딘가에 있으니 그곳에서 둘러볼지어다.","사람의 얼굴을 본떠 만든 거대 석상. 세계 각지에 비슷한 석상이 존재하지만, 누가, 언제, 왜 만들었는지는 알려져 있지 않다. 뿔의 유무와 귀의 위치로 보아 휴런족이 만들었다는 설도 있지만 그저 추측일 뿐이다.",81459,False
2162892,8011380,70,70,22,0,0,0,81951,81901,"원개좌","――이 풍경을 후세에 전하노라. 
크리스타리움 어딘가에 있으니 그곳에서 둘러볼지어다.","크리스타리움의 현관에 해당하는 구역으로, 돔 지붕을 얹은 원형 건축물이 밀집하여 이런 이름이 붙었다. 흑철 틀에 결정 소재를 끼워 넣은 건물은 방문하는 이들의 마음에 남을 것이다.",81460,False
2162893,8011413,70,70,22,0,0,0,81952,81902,"우주의 화음 시장","――이 풍경을 후세에 전하노라. 
크리스타리움 어딘가에 있으니 그곳에서 둘러볼지어다.","크리스타리움 최대의 상업 구역. '우주의 화음'이라는 이름은 조금 거창하게 느껴지지만, 중용의 공예관 제품부터 아므 아랭과 콜루시아 섬에서 무역상들이 손수 운반해온 물건들까지, 다양한 상품 종류가 압권이다.",81460,False
2162894,8011422,70,70,22,0,0,0,81953,81903,"박물진열관","――이 풍경을 후세에 전하노라. 
크리스타리움 어딘가에 있으니 그곳에서 둘러볼지어다.","노르브란트에 남은 온갖 서적을 모아 놓은 대형 서고이자 삼학 중 '문법'을 담당하는 시설이다. 이곳의 장서는 역사서를 비롯하여 각종 기술 서적과 그림책에 이르기까지 매우 다양하다.",81460,False
2162895,8011484,70,70,22,0,0,0,81954,81904,"환희의 원탑 무리","――이 풍경을 후세에 전하노라. 
크리스타리움 어딘가에 있으니 그곳에서 둘러볼지어다.","크리스타리움 북부에 있는 구역. 원통형 건물이 각각 거주 구역, 생산 시설, 방어 시설 등의 기능을 하고 있다. '빛의 범람'으로 인해 난민이 된 사람들이 새로운 삶에서 기쁨을 찾을 수 있는 장소가 되기를 바라며 이름 붙였다.",81460,False
2162896,8011541,70,70,22,0,0,0,81955,81905,"성스러운 군생지 목장","――이 풍경을 후세에 전하노라. 
크리스타리움 어딘가에 있으니 그곳에서 둘러볼지어다.","즌족을 중심으로 운영되는 목장으로, 닭부터 초코보에 이르기까지 다양한 가축을 사육하고 있다. '성스러운 군생지'라는 이름은 아마로가 사는 전설 속 이상향을 의미하며, 실제로 아마로를 많이 사육하고 있다.",81460,False
2162897,8026595,70,70,22,0,0,0,81956,81906,"영광의 문","――이 풍경을 후세에 전하노라. 
율모어 어딘가에 있으니 그곳에서 둘러볼지어다.","율모어 '나무뿌리층'으로 통하는 문. 중후한 대문을 사이에 두고 전혀 다른 세상이 펼쳐진다. 이 문을 지나 도시 안으로 들어가는 것은 많은 빈민들에게 '영광'을 의미하지만, 말 그대로 좁은 문이기도 하다.",81460,False
2162898,8026557,70,70,22,0,0,0,81957,81907,"폐선 거리","――이 풍경을 후세에 전하노라. 
율모어 어딘가에 있으니 그곳에서 둘러볼지어다.","율모어 아래쪽에 펼쳐진 빈민 거리. '빛의 범람' 때문에 원양 항해가 불가능해져 쓸모 없어진 외양선을 건축 자재로 이용하여 거리가 형성되었다. 그중에는 배의 일부를 그대로 이용한 건물도 있다.",81460,False
2162899,8026555,70,70,22,0,0,0,81958,81908,"율모어군 사령본부","――이 풍경을 후세에 전하노라. 
율모어 어딘가에 있으니 그곳에서 둘러볼지어다.","막강함을 자랑하는 율모어군의 사령본부. 예전에는 상층인 '나뭇가지층'에 본부가 자리 잡고 있었으나, 바우스리가 원수로 취임하고 정책 노선이 바뀌며 군의 존재 의의가 저하되어 원래는 감옥으로 사용되었던 나무줄기층으로 이동하게 되었다.",81460,False
2162900,8026553,70,70,22,0,0,0,81959,81909,"벌집 주점","――이 풍경을 후세에 전하노라. 
율모어 어딘가에 있으니 그곳에서 둘러볼지어다.","평온한 생활을 보내는 율모어 자유시민들에게 벌침에 쏘인 듯한 자극을 주려는 목적으로 개설된 오락 시설. 이곳에서 일하는 자는 남녀 불문하고 '꿀벌'이라 불리며, 지배인은 '여왕벌'이라는 호칭으로 불린다고 한다.",81460,False
2162901,8025302,70,70,22,0,0,0,81960,81910,"좁 요새","――이 풍경을 후세에 전하노라. 
레이크랜드 어딘가에 있으니 그곳에서 둘러볼지어다.","크리스타리움 방어를 위한 요새 중 하나. 원래는 레이크랜드 연방 시대에 지어진 기사 수도회 거점이었으며, 그 폐허를 이용하여 지어졌다. 지금은 무너져 없어진 광요 교회 옛터가 지난날 모습을 떠올리게 한다.",81460,False
2162902,8025305,70,70,22,0,0,0,81961,81911,"라디스카 망루","――이 풍경을 후세에 전하노라. 
레이크랜드 어딘가에 있으니 그곳에서 둘러볼지어다.","레이크랜드 중앙에 위치한 망루. '라디스카'는 일찍이 죄식자 무리가 날아오는 것을 발견하고 사람들을 피난시켜 많은 이를 구한 병사의 이름이다. 그 병사는 죄식자의 발을 묶기 위해 탑에 남았다가 전사했다고 한다.",81460,False
2162903,8025307,70,70,22,0,0,0,81962,81912,"래크산 성","――이 풍경을 후세에 전하노라. 
레이크랜드 어딘가에 있으니 그곳에서 둘러볼지어다.","과거 레이크랜드 연방의 왕성이었던 곳. '빛의 범람' 직전에 엘프족 수구파를 이끌고 일어선 '그림자의 왕'이라는 인물이 마지막 전투에서 몸을 던진 장소로도 유명하다. '래크산'이란 레이크랜드를 뜻하는 고대 엘프어이다.",81460,False
2162904,8025309,70,70,22,0,0,0,81963,81913,"오스탈 엄명성","――이 풍경을 후세에 전하노라. 
레이크랜드 어딘가에 있으니 그곳에서 둘러볼지어다.","폐허가 된 레이크랜드 연방의 성채. 엘프족 기사인 오스탈은, 다가오는 죄식자 무리 앞에서 백성을 구하기 위해 한 발도 물러서지 말라고 부하들에게 엄명을 내리고는 치열하게 맞서 싸웠다. 현재의 이름은 그 옛일에 기인한 것이다.",81460,False
2162905,8025311,70,70,22,0,0,0,81964,81914,"고문 감옥","――이 풍경을 후세에 전하노라. 
레이크랜드 어딘가에 있으니 그곳에서 둘러볼지어다.","레이크랜드 연방 시대에 지어진 감옥이 있었던 옛터. 절벽 아래에 있는 폐허는 그 감옥의 간수들이 살던 곳이며, 당시에는 '쇠사슬 거리'라고 불렸다고 한다. 하지만 폐허가 된 지금, 그 사슬도 녹이 슬어버린 모양이다.",81460,False
2162906,8025313,70,70,22,0,0,0,81965,81915,"찌푸린 마을","――이 풍경을 후세에 전하노라. 
레이크랜드 어딘가에 있으니 그곳에서 둘러볼지어다.","태초의 호수 호반에 있는 어촌. 잡초 섬, 벽돌 섬, 혹부리 섬, 밀물맞이 섬이라는 4개의 섬이 다리로 이어져 있다. 인상을 찌푸린 어부들이 많아, 냉소적인 의미로 '찌푸린 마을'이라는 기묘한 이름이 붙게 되었다.",81460,False
2162907,8025315,70,70,22,0,0,0,81966,81916,"깨진 조개 해안","――이 풍경을 후세에 전하노라. 
콜루시아 섬 어딘가에 있으니 그곳에서 둘러볼지어다.","인근의 어촌인 '멈춘 물결'의 주민이 깨진 조개 껍데기가 많다는 직관적인 이유로 이름을 붙인 해변. 옛날에는 많은 어부들이 들락거렸으나, 치안이 나쁜 요즘에는 야만적인 홉고블린이 어슬렁거리게 되었다.",81460,False
2162908,8025317,70,70,22,0,0,0,81967,81917,"백유폭포","――이 풍경을 후세에 전하노라. 
콜루시아 섬 어딘가에 있으니 그곳에서 둘러볼지어다.","와츠 강 중간에 있는 낙차가 큰 폭포. 물이 절묘한 속도로 흐르기 때문에, 절벽 위에서 수직으로 떨어지며 물보라도 거의 일지 않는다. 그 모습을 본 고명한 시인이 기름 폭포에 비유함으로써 이러한 이름이 붙었다.",81460,False
2162909,8025319,70,70,22,0,0,0,81968,81918,"문전촌","――이 풍경을 후세에 전하노라. 
콜루시아 섬 어딘가에 있으니 그곳에서 둘러볼지어다.","율모어로 이주하기를 꿈꾸는 난민들이 모여 자연스럽게 형성된 빈민가. 거주 환경은 열악하다고밖에 할 수 없지만, 그래도 죄식자에게 습격당할 위험이 적고 식량으로 메올도 배급받을 수 있어 인구가 계속 증가하고 있다.",81460,False
2162910,8025356,70,70,22,0,0,0,81969,81919,"직공 마을","――이 풍경을 후세에 전하노라. 
콜루시아 섬 어딘가에 있으니 그곳에서 둘러볼지어다.","콜루시아 섬 남부에 있는 농촌. 메올 배급을 거부한 농민들이 예부터 전해져온 방법으로 보리나 각종 야채를 재배하여 생계를 이어가고 있다. 1년쯤 전에 떠돌이 죄식자의 습격을 받아 큰 희생을 치른 적도 있다.",81460,False
2162911,8025358,70,70,22,0,0,0,81970,81920,"사닥다리 승강기","――이 풍경을 후세에 전하노라. 
콜루시아 섬 어딘가에 있으니 그곳에서 둘러볼지어다.","콜루시아 섬의 고지대와 저지대를 잇는 거대한 승강기. 전에는 다이달로스 사의 탈로스를 동력으로 삼아 승강기를 움직였으나, 다이달로스 사가 철수한 후 오랫동안 방치되었다. 옛날에는 드워프족과 무역을 하기 위한 요충지였다고 한다.",81460,False
2162912,8025360,70,70,22,0,0,0,81971,81921,"톰라 마을","――이 풍경을 후세에 전하노라. 
콜루시아 섬 어딘가에 있으니 그곳에서 둘러볼지어다.","굴그 화산 주변에 흩어져 있는 드워프족 마을의 하나로, 토르 일가에 속하는 자들이 살고 있다. 덩치가 작은 드워프족에게 맞춰 지은 건물들이 줄지어 있어, 다른 종족들에게는 작은 모형 마을처럼 보일 것이다.",81460,False
2162913,8025362,70,70,22,0,0,0,81972,81922,"드베르그 굴뚝","――이 풍경을 후세에 전하노라. 
콜루시아 섬 어딘가에 있으니 그곳에서 둘러볼지어다.","드워프 동굴을 통과하면 나오는 넓은 공터로, 굴그 화산의 화산 활동 영향을 받아 정기적으로 온수가 뿜어져 나오는 간헐천이 있다. 주변에서 유황 등이 생산되기 때문에 드워프족에게는 중요한 장소이다.",81460,False
2162914,8025399,70,70,22,0,0,0,81973,81923,"상단 야영지","――이 풍경을 후세에 전하노라. 
아므 아랭 어딘가에 있으니 그곳에서 둘러볼지어다.","크리스타리움의 상단들이 아므 아랭을 오가기 위해 중계 지점으로 건설한 아마로용 발착장이다. 모아둔 자재를 지키기 쉽게끔 나바스아렝 왕국의 요새였던 '카스르 샬' 폐허를 이용하고 있다.",81460,False
2162915,8025401,70,70,22,0,0,0,81974,81924,"모르드 수크","――이 풍경을 후세에 전하노라. 
아므 아랭 어딘가에 있으니 그곳에서 둘러볼지어다.","오래전부터 아므 아랭에 사는 수인 종족인 모르드족의 마을. '수크'란 시장을 의미하는 말로, 모르드족이 황야 각지에서 모아온 물건을 늘어놓고 팔고 있다. 광물이나 나바스아렝의 유물을 찾는다면, 가장 먼저 들러야 할 곳이다.",81460,False
2162916,8025403,70,70,22,0,0,0,81975,81925,"신 아므 말리크 궁전","――이 풍경을 후세에 전하노라. 
아므 아랭 어딘가에 있으니 그곳에서 둘러볼지어다.","'아므'는 '위대한', '말리크'는 '나바스아렝 남성 왕의 칭호'를 의미한다. 예전에는 나바스아렝의 정치와 군사 중추였으나, '빛의 범람'을 막아낼 때 이곳이 기점이 되어 대부분 빛의 파도에 삼켜져 붕괴되고 말았다.",81460,False
2162917,8025437,70,70,22,0,0,0,81976,81926,"비란 대광산","――이 풍경을 후세에 전하노라. 
아므 아랭 어딘가에 있으니 그곳에서 둘러볼지어다.","비란 산에 개발된 광산으로 이전에는 탈로스를 사용한 대규모 채굴업의 중심지로 번성했었다. '비란'이란 론조족 위인의 이름으로, 주변에는 가리크 마을이나 켈크 유적 등 이처럼 고인의 이름을 딴 지명이 종종 보인다.",81460,False
2162918,8025439,70,70,22,0,0,0,81977,81927,"타래 마을","――이 풍경을 후세에 전하노라. 
아므 아랭 어딘가에 있으니 그곳에서 둘러볼지어다.","나바스아렝이 미스텔족 탈로스 기술자를 초청해 광산 철도를 개설했을 때, 선로 설치 작업원들이 숙박하기 위한 곳으로 만들어졌다. 그 후로도 광산 노동자 마을로서 존속했으나, 광산업의 쇠퇴와 더불어 인구가 줄고 있는 모양이다.",81460,False
2162919,8025441,70,70,22,0,0,0,81978,81928,"켈크 유적","――이 풍경을 후세에 전하노라. 
아므 아랭 어딘가에 있으니 그곳에서 둘러볼지어다.","론조족 마을 옛터. '빛의 범람' 이전에 사람들이 도시로 이주해 이미 폐허가 된 듯하지만, 그만큼 큰 싸움과는 인연이 없어 넝마주이들에게는 수확이 짭짤한 명당으로 알려져 있다.",81460,False
2162920,8025443,70,70,22,0,0,0,81979,81929,"리다 란","――이 풍경을 후세에 전하노라. 
일 메그 어딘가에 있으니 그곳에서 둘러볼지어다.","원래 푀부트 왕국에 속한 산촌이었으나, '빛의 범람' 이후에 주민들이 사라졌기에 픽시족이 멋대로 눌러앉게 되었다. 과거의 주민들은 목축업을 주로 하였으며, 지금도 축사 터에서 양젖을 원하는 픽시족이 양을 기르고 있다.",81460,False
2162921,8025445,70,70,22,0,0,0,81980,81930,"독학자의 장원","――이 풍경을 후세에 전하노라. 
일 메그 어딘가에 있으니 그곳에서 둘러볼지어다.","어떤 이국의 현자가 빌려 살던 건물. 원래는 취미가 다양했던 것으로 알려진 푀부트 왕국 지방 영주의 저택으로, 그의 소유물인 장서와 기재들이 기적적으로 요정의 손을 타지 않고 그대로 보관되어 있었다고 한다.",81460,False
2162922,8025447,70,70,22,0,0,0,81981,81931,"플라 엔니 버섯굴","――이 풍경을 후세에 전하노라. 
일 메그 어딘가에 있으니 그곳에서 둘러볼지어다.","위드 잉크를 비롯하여, 일찍이 푀부트 왕국과 공존했던 응 모우족이 사는 동굴. '플라 엔니'란 그들이 키우는 커다란 버섯으로, 버섯 속을 파서 거주용으로도 이용하고 있다.",81460,False
2162923,8025492,70,70,22,0,0,0,81982,81932,"물고기 마을","――이 풍경을 후세에 전하노라. 
일 메그 어딘가에 있으니 그곳에서 둘러볼지어다.","푀부트 왕국의 왕성인 그뤼네스리히트 성의 아랫마을. 일 메그가 요정의 터전이 되었을 때 푸아족이 물을 끌어온 결과, 지금은 거대한 '거울 호수'의 밑바닥에 잠겨서 말 그대로 물고기의 마을이 되었다.",81460,False
2162924,8025449,70,70,22,0,0,0,81983,81933,"리예 기아 성","――이 풍경을 후세에 전하노라. 
일 메그 어딘가에 있으니 그곳에서 둘러볼지어다.","과거 푀부트 왕국의 왕성이었던 곳. 대죄식자가 된 요정왕 티타니아가 유폐된 장소이기도 하다. 그 이름은 요정어와 푀부트어의 합성어로 '꿈의 날개 성'이라는 뜻이라고 한다.",81460,False
2162925,8025451,70,70,22,0,0,0,81984,81934,"성 파스릭의 이마","――이 풍경을 후세에 전하노라. 
일 메그 어딘가에 있으니 그곳에서 둘러볼지어다.","이 땅에서 고행을 했다고 알려진 광요 교회의 성인 '성 파스릭'의 이름이 남아 있는 산간의 토지. 그러나 이미 요정의 터전이 된 일 메그에서, 그 유래를 아는 자나 의미를 이해하는 자는 응 모우족 정도일 것이다.",81460,False
2162926,8026177,70,70,22,0,0,0,81985,81935,"곤 요새","――이 풍경을 후세에 전하노라. 
라케티카 대삼림 어딘가에 있으니 그곳에서 둘러볼지어다.","라케티카 대삼림에 유입된 '밤의 주민'이 건설한 요새가 있었던 곳. 죄식자 무리에게 습격당해 대규모 화재가 발생한 결과, 무참하게 타버리고 말았다. 이때 살아남은 주민들은 똬리가지 마을에 몸을 의탁한 모양이다.",81460,False
2162927,8026189,70,70,22,0,0,0,81986,81936,"물뱀의 보물알","――이 풍경을 후세에 전하노라. 
라케티카 대삼림 어딘가에 있으니 그곳에서 둘러볼지어다.","거목에 의지해 투시 메키타 호수 위에 떠 있는 거대한 크리스탈 덩어리. 롱카 제국 이전의 고대부터, 이 땅에 사는 사람들은 이곳을 신성하게 여긴 듯하다. '물뱀'이라 불리는 위대한 존재가 봉인되어 있다는 전설도 지금까지 전해진다.",81460,False
2162928,8026191,70,70,22,0,0,0,81987,81937,"드와틀 익몰 신전","――이 풍경을 후세에 전하노라. 
라케티카 대삼림 어딘가에 있으니 그곳에서 둘러볼지어다.","롱카 제국이 건축한 석조 신전 중 하나. 제국이 붕괴한 뒤에도 한 신관 일족이 지켜왔던 모양이지만, 어느새 호수에 집어삼켜져 잠기고 말았다. 소문으로는 롱카 제국의 비보가 잠들어 있다고 하지만 진상은 아무도 모른다.",81460,False
2162929,8026220,70,70,22,0,0,0,81988,81938,"로차틀 대계단","――이 풍경을 후세에 전하노라. 
라케티카 대삼림 어딘가에 있으니 그곳에서 둘러볼지어다.","롱카 신화에 등장하는 거인 '로차틀'이 만들었다고 전해지는 계단 모양의 폭포. 어떤 역사학자의 설로는, 로차틀은 초기의 탈로스이며 롱카 문명의 화려한 석조 신전도 그 손으로 만든 것이 아닐까 한다.",81460,False
2162930,8026212,70,70,22,0,0,0,81989,81939,"파노브 마을","――이 풍경을 후세에 전하노라. 
라케티카 대삼림 어딘가에 있으니 그곳에서 둘러볼지어다.","롱카 황제의 명에 따라 수천 년에 걸쳐 라케티카 대삼림의 유적들을 지켜온 비스족 마을. 대부분의 마을이 '빛의 범람'에 의해 소멸했기에, 이 마을 하나만으로는 존속하기가 어려워 앞날이 깜깜해지고 있다.",81460,False
2162931,8030804,70,70,22,0,0,0,81990,81940,"네 개의 샛별","――이 풍경을 후세에 전하노라. 
라케티카 대삼림 어딘가에 있으니 그곳에서 둘러볼지어다.","롱카의 대성좌를 관장하는 4명의 신들, 즉 불의 남신 가톨, 물의 여신 로크와, 바람의 남신 차알, 땅의 여신 안파를 모시는 4개의 피라미드가 이어진 유적. 롱카 수호자를 자청하는 파노브의 주민들에게는 성지와도 같다.",81460,False
2162932,8030162,70,70,22,0,0,0,81991,81941,"온도 바다웅덩이","――사람의 발이 닿지 않은 땅을 향하라.
노르브란트 어딘가에 아직 본 적 없는 절경이 있으니 그곳에서 둘러볼지어다.","흑풍해 밑바닥에 있는 온도족 마을. '바다웅덩이'는 간조 때에 해안에 남은 바닷물 웅덩이를 말하며, '빛의 범람'이 일어났을 때 우연히 육지에 나갔다가 목숨을 건지게 된 자들이 임시 피난처로 만든 마을이라고 한다.",81460,False
2162933,8030153,70,70,22,0,0,0,81992,81942,"기인의 공방","――사람의 발이 닿지 않은 땅을 향하라.
노르브란트 어딘가에 아직 본 적 없는 절경이 있으니 그곳에서 둘러볼지어다.","크리스타리움 출신의 모 천재 장인이 인간 사회에서 벗어나고자 칩거하는 공방. 본인은 이곳을 단순하게 '공방'이라고 부르지만, 바다 밑에 공방을 짓는다는 발상 자체가 보통 사람이 아니라는 것을 나타내고 있다.",81460,False
2162934,8030157,70,70,22,0,0,0,81993,81943,"육지인의 묘비","――사람의 발이 닿지 않은 땅을 향하라.
노르브란트 어딘가에 아직 본 적 없는 절경이 있으니 그곳에서 둘러볼지어다.","산호가 군생하는 동굴. 붉은 산호가 지상인의 혈관처럼 보이기 때문에, 온도족 사이에서는 육지인들의 혼이 잠들어 있는 장소라고 전해져 왔다. 하지만 정작 육지인들은 그 사실을 최근까지 모르고 있었다.",81460,False
2162935,8030137,70,70,22,0,0,0,81994,81944,"자색 동굴","――사람의 발이 닿지 않은 땅을 향하라.
노르브란트 어딘가에 아직 본 적 없는 절경이 있으니 그곳에서 둘러볼지어다.","자색 조개 군생지. 이 조개의 껍데기로 염료를 만들 수 있으며, 그 염료로 염색한 보라색 천은 고귀한 자의 상징으로서 귀하게 여겨져 왔다. 율모어 사람들이 보라색을 좋아하는 것도 이 때문이다.",81460,False
2162936,8030125,70,70,22,0,0,0,81995,81945,"아모로트","――사람의 발이 닿지 않은 땅을 향하라.
노르브란트 어딘가에 아직 본 적 없는 절경이 있으니 그곳에서 둘러볼지어다.","온도족의 증언에 따르면 이 해저 도시는 하룻밤 사이에 생겨났다고 한다. 바다 밑에서 오랜 세월을 지나 퇴색된 다른 유적들과는 명백하게 다르며, 거리는 깨끗하고 구석구석 정비가 잘 되어 있어 의문이 남는 장소이다.",81460,False
