key,0,1,2,3,4,5,6,7,8,9,10,11,12,13,14,15,16,17,18,19,20,21,22,23,24,25,26,27,28,29,30,31,32,33,34,35,36,37,38,39
#,Name,ADV,GLA,PGL,MRD,LNC,ARC,CNJ,THM,CRP,BSM,ARM,GSM,LTW,WVR,ALC,CUL,MIN,BTN,FSH,PLD,MNK,WAR,DRG,BRD,WHM,BLM,ACN,SMN,SCH,ROG,NIN,MCH,DRK,AST,SAM,RDM,BLU,GNB,DNC
int32,str,bool,bool,bool,bool,bool,bool,bool,bool,bool,bool,bool,bool,bool,bool,bool,bool,bool,bool,bool,bool,bool,bool,bool,bool,bool,bool,bool,bool,bool,bool,bool,bool,bool,bool,bool,bool,bool,bool,bool
0,"",False,False,False,False,False,False,False,False,False,False,False,False,False,False,False,False,False,False,False,False,False,False,False,False,False,False,False,False,False,False,False,False,False,False,False,False,False,False,False
1,"모든 클래스",True,True,True,True,True,True,True,True,True,True,True,True,True,True,True,True,True,True,True,True,True,True,True,True,True,True,True,True,True,True,True,True,True,True,True,True,True,True,True
2,"검술사",False,True,False,False,False,False,False,False,False,False,False,False,False,False,False,False,False,False,False,False,False,False,False,False,False,False,False,False,False,False,False,False,False,False,False,False,False,False,False
3,"격투사",False,False,True,False,False,False,False,False,False,False,False,False,False,False,False,False,False,False,False,False,False,False,False,False,False,False,False,False,False,False,False,False,False,False,False,False,False,False,False
4,"도끼술사",False,False,False,True,False,False,False,False,False,False,False,False,False,False,False,False,False,False,False,False,False,False,False,False,False,False,False,False,False,False,False,False,False,False,False,False,False,False,False
5,"창술사",False,False,False,False,True,False,False,False,False,False,False,False,False,False,False,False,False,False,False,False,False,False,False,False,False,False,False,False,False,False,False,False,False,False,False,False,False,False,False
6,"궁술사",False,False,False,False,False,True,False,False,False,False,False,False,False,False,False,False,False,False,False,False,False,False,False,False,False,False,False,False,False,False,False,False,False,False,False,False,False,False,False
7,"환술사",False,False,False,False,False,False,True,False,False,False,False,False,False,False,False,False,False,False,False,False,False,False,False,False,False,False,False,False,False,False,False,False,False,False,False,False,False,False,False
8,"주술사",False,False,False,False,False,False,False,True,False,False,False,False,False,False,False,False,False,False,False,False,False,False,False,False,False,False,False,False,False,False,False,False,False,False,False,False,False,False,False
9,"목수",False,False,False,False,False,False,False,False,True,False,False,False,False,False,False,False,False,False,False,False,False,False,False,False,False,False,False,False,False,False,False,False,False,False,False,False,False,False,False
10,"대장장이",False,False,False,False,False,False,False,False,False,True,False,False,False,False,False,False,False,False,False,False,False,False,False,False,False,False,False,False,False,False,False,False,False,False,False,False,False,False,False
11,"갑주제작사",False,False,False,False,False,False,False,False,False,False,True,False,False,False,False,False,False,False,False,False,False,False,False,False,False,False,False,False,False,False,False,False,False,False,False,False,False,False,False
12,"보석공예가",False,False,False,False,False,False,False,False,False,False,False,True,False,False,False,False,False,False,False,False,False,False,False,False,False,False,False,False,False,False,False,False,False,False,False,False,False,False,False
13,"가죽공예가",False,False,False,False,False,False,False,False,False,False,False,False,True,False,False,False,False,False,False,False,False,False,False,False,False,False,False,False,False,False,False,False,False,False,False,False,False,False,False
14,"재봉사",False,False,False,False,False,False,False,False,False,False,False,False,False,True,False,False,False,False,False,False,False,False,False,False,False,False,False,False,False,False,False,False,False,False,False,False,False,False,False
15,"연금술사",False,False,False,False,False,False,False,False,False,False,False,False,False,False,True,False,False,False,False,False,False,False,False,False,False,False,False,False,False,False,False,False,False,False,False,False,False,False,False
16,"요리사",False,False,False,False,False,False,False,False,False,False,False,False,False,False,False,True,False,False,False,False,False,False,False,False,False,False,False,False,False,False,False,False,False,False,False,False,False,False,False
17,"광부",False,False,False,False,False,False,False,False,False,False,False,False,False,False,False,False,True,False,False,False,False,False,False,False,False,False,False,False,False,False,False,False,False,False,False,False,False,False,False
18,"원예가",False,False,False,False,False,False,False,False,False,False,False,False,False,False,False,False,False,True,False,False,False,False,False,False,False,False,False,False,False,False,False,False,False,False,False,False,False,False,False
19,"어부",False,False,False,False,False,False,False,False,False,False,False,False,False,False,False,False,False,False,True,False,False,False,False,False,False,False,False,False,False,False,False,False,False,False,False,False,False,False,False
20,"나이트",False,False,False,False,False,False,False,False,False,False,False,False,False,False,False,False,False,False,False,True,False,False,False,False,False,False,False,False,False,False,False,False,False,False,False,False,False,False,False
21,"몽크",False,False,False,False,False,False,False,False,False,False,False,False,False,False,False,False,False,False,False,False,True,False,False,False,False,False,False,False,False,False,False,False,False,False,False,False,False,False,False
22,"전사",False,False,False,False,False,False,False,False,False,False,False,False,False,False,False,False,False,False,False,False,False,True,False,False,False,False,False,False,False,False,False,False,False,False,False,False,False,False,False
23,"용기사",False,False,False,False,False,False,False,False,False,False,False,False,False,False,False,False,False,False,False,False,False,False,True,False,False,False,False,False,False,False,False,False,False,False,False,False,False,False,False
24,"음유시인",False,False,False,False,False,False,False,False,False,False,False,False,False,False,False,False,False,False,False,False,False,False,False,True,False,False,False,False,False,False,False,False,False,False,False,False,False,False,False
25,"백마도사",False,False,False,False,False,False,False,False,False,False,False,False,False,False,False,False,False,False,False,False,False,False,False,False,True,False,False,False,False,False,False,False,False,False,False,False,False,False,False
26,"흑마도사",False,False,False,False,False,False,False,False,False,False,False,False,False,False,False,False,False,False,False,False,False,False,False,False,False,True,False,False,False,False,False,False,False,False,False,False,False,False,False
27,"비술사",False,False,False,False,False,False,False,False,False,False,False,False,False,False,False,False,False,False,False,False,False,False,False,False,False,False,True,False,False,False,False,False,False,False,False,False,False,False,False
28,"소환사",False,False,False,False,False,False,False,False,False,False,False,False,False,False,False,False,False,False,False,False,False,False,False,False,False,False,False,True,False,False,False,False,False,False,False,False,False,False,False
29,"학자",False,False,False,False,False,False,False,False,False,False,False,False,False,False,False,False,False,False,False,False,False,False,False,False,False,False,False,False,True,False,False,False,False,False,False,False,False,False,False
30,"투사",False,True,True,True,True,True,False,False,False,False,False,False,False,False,False,False,False,False,False,True,True,True,True,True,False,False,False,False,False,True,True,True,True,False,True,False,False,True,True
31,"마법사",False,False,False,False,False,False,True,True,False,False,False,False,False,False,False,False,False,False,False,False,False,False,False,False,True,True,True,True,True,False,False,False,False,True,False,True,True,False,False
32,"채집가",False,False,False,False,False,False,False,False,False,False,False,False,False,False,False,False,True,True,True,False,False,False,False,False,False,False,False,False,False,False,False,False,False,False,False,False,False,False,False
33,"제작자",False,False,False,False,False,False,False,False,True,True,True,True,True,True,True,True,False,False,False,False,False,False,False,False,False,False,False,False,False,False,False,False,False,False,False,False,False,False,False
34,"투사 마법사",False,True,True,True,True,True,True,True,False,False,False,False,False,False,False,False,False,False,False,True,True,True,True,True,True,True,True,True,True,True,True,True,True,True,True,True,True,True,True
35,"제작자 채집가",False,False,False,False,False,False,False,False,True,True,True,True,True,True,True,True,True,True,True,False,False,False,False,False,False,False,False,False,False,False,False,False,False,False,False,False,False,False,False
36,"검술사를 제외한 투사",False,False,True,True,True,True,False,False,False,False,False,False,False,False,False,False,False,False,False,True,True,True,True,True,False,False,False,False,False,True,True,True,True,False,False,False,False,False,False
37,"검술사 격투사 도끼술사 창술사 궁술사 쌍검사 환술사 주술사 비술사 나이트 전사 암흑기사",False,True,True,True,True,True,True,True,False,False,False,False,False,False,False,False,False,False,False,True,False,True,False,False,False,False,True,False,False,True,False,False,True,False,False,False,False,False,False
38,"검술사 나이트",False,True,False,False,False,False,False,False,False,False,False,False,False,False,False,False,False,False,False,True,False,False,False,False,False,False,False,False,False,False,False,False,False,False,False,False,False,False,False
39,"검술사 격투사 도끼술사 창술사 궁술사 쌍검사 나이트 전사 암흑기사",False,True,True,True,True,True,False,False,False,False,False,False,False,False,False,False,False,False,False,True,False,True,False,False,False,False,False,False,False,True,False,False,True,False,False,False,False,False,False
40,"검술사 격투사 도끼술사 창술사 궁술사 쌍검사 환술사 주술사 비술사 몽크 전사 용기사 음유시인 닌자",False,True,True,True,True,True,True,True,False,False,False,False,False,False,False,False,False,False,False,False,True,True,True,True,False,False,True,False,False,True,True,False,False,False,False,False,False,False,False
41,"격투사 몽크",False,False,True,False,False,False,False,False,False,False,False,False,False,False,False,False,False,False,False,False,True,False,False,False,False,False,False,False,False,False,False,False,False,False,False,False,False,False,False
42,"검술사 격투사 도끼술사 창술사 궁술사 쌍검사 몽크 전사 용기사 음유시인 닌자",False,True,True,True,True,True,False,False,False,False,False,False,False,False,False,False,False,False,False,False,True,True,True,True,False,False,False,False,False,True,True,False,False,False,False,False,False,False,False
43,"검술사 격투사 도끼술사 창술사 궁술사 쌍검사 환술사 주술사 비술사 나이트 몽크 전사 용기사 암흑기사",False,True,True,True,True,True,True,True,False,False,False,False,False,False,False,False,False,False,False,True,True,True,True,False,False,False,True,False,False,True,False,False,True,False,False,False,False,False,False
44,"도끼술사 전사",False,False,False,True,False,False,False,False,False,False,False,False,False,False,False,False,False,False,False,False,False,True,False,False,False,False,False,False,False,False,False,False,False,False,False,False,False,False,False
45,"검술사 격투사 도끼술사 창술사 궁술사 쌍검사 나이트 몽크 전사 용기사 암흑기사",False,True,True,True,True,True,False,False,False,False,False,False,False,False,False,False,False,False,False,True,True,True,True,False,False,False,False,False,False,True,False,False,True,False,False,False,False,False,False
46,"검술사 격투사 도끼술사 창술사 궁술사 쌍검사 환술사 주술사 비술사 몽크 용기사 음유시인 닌자 기공사",False,True,True,True,True,True,True,True,False,False,False,False,False,False,False,False,False,False,False,False,True,False,True,True,False,False,True,False,False,True,True,True,False,False,False,False,False,False,False
47,"창술사 용기사",False,False,False,False,True,False,False,False,False,False,False,False,False,False,False,False,False,False,False,False,False,False,True,False,False,False,False,False,False,False,False,False,False,False,False,False,False,False,False
48,"검술사 격투사 도끼술사 창술사 궁술사 쌍검사 몽크 용기사 음유시인 닌자 기공사",False,True,True,True,True,True,False,False,False,False,False,False,False,False,False,False,False,False,False,False,True,False,True,True,False,False,False,False,False,True,True,True,False,False,False,False,False,False,False
49,"검술사 격투사 도끼술사 창술사 궁술사 쌍검사 환술사 주술사 비술사 음유시인 흑마도사 소환사 기공사",False,True,True,True,True,True,True,True,False,False,False,False,False,False,False,False,False,False,False,False,False,False,False,True,False,True,True,True,False,True,False,True,False,False,False,False,False,False,False
50,"궁술사 음유시인",False,False,False,False,False,True,False,False,False,False,False,False,False,False,False,False,False,False,False,False,False,False,False,True,False,False,False,False,False,False,False,False,False,False,False,False,False,False,False
51,"검술사 격투사 도끼술사 창술사 궁술사 쌍검사 음유시인 기공사",False,True,True,True,True,True,False,False,False,False,False,False,False,False,False,False,False,False,False,False,False,False,False,True,False,False,False,False,False,True,False,True,False,False,False,False,False,False,False
52,"검술사 격투사 도끼술사 창술사 궁술사 쌍검사 환술사 주술사 비술사 나이트 백마도사 학자 점성술사",False,True,True,True,True,True,True,True,False,False,False,False,False,False,False,False,False,False,False,True,False,False,False,False,True,False,True,False,True,True,False,False,False,True,False,False,False,False,False
53,"환술사 백마도사",False,False,False,False,False,False,True,False,False,False,False,False,False,False,False,False,False,False,False,False,False,False,False,False,True,False,False,False,False,False,False,False,False,False,False,False,False,False,False
54,"검술사 격투사 도끼술사 창술사 궁술사 쌍검사 환술사 주술사 비술사 백마도사 흑마도사 소환사 학자 점성술사",False,True,True,True,True,True,True,True,False,False,False,False,False,False,False,False,False,False,False,False,False,False,False,False,True,True,True,True,True,True,False,False,False,True,False,False,False,False,False
55,"주술사 흑마도사",False,False,False,False,False,False,False,True,False,False,False,False,False,False,False,False,False,False,False,False,False,False,False,False,False,True,False,False,False,False,False,False,False,False,False,False,False,False,False
56,"검술사 환술사 주술사 나이트 백마도사 흑마도사",False,True,False,False,False,False,True,True,False,False,False,False,False,False,False,False,False,False,False,True,False,False,False,False,True,True,False,False,False,False,False,False,False,False,False,False,False,False,False
57,"검술사 주술사 나이트 흑마도사",False,True,False,False,False,False,False,True,False,False,False,False,False,False,False,False,False,False,False,True,False,False,False,False,False,True,False,False,False,False,False,False,False,False,False,False,False,False,False
58,"검술사 환술사 나이트 백마도사",False,True,False,False,False,False,True,False,False,False,False,False,False,False,False,False,False,False,False,True,False,False,False,False,True,False,False,False,False,False,False,False,False,False,False,False,False,False,False
59,"검술사 도끼술사 나이트 전사 암흑기사 건브레이커",False,True,False,True,False,False,False,False,False,False,False,False,False,False,False,False,False,False,False,True,False,True,False,False,False,False,False,False,False,False,False,False,True,False,False,False,False,True,False
60,"검술사 도끼술사 창술사 나이트 전사 용기사 암흑기사 건브레이커",False,True,False,True,True,False,False,False,False,False,False,False,False,False,False,False,False,False,False,True,False,True,True,False,False,False,False,False,False,False,False,False,True,False,False,False,False,True,False
61,"환술사 주술사 비술사 백마도사 학자 점성술사",False,False,False,False,False,False,True,True,False,False,False,False,False,False,False,False,False,False,False,False,False,False,False,False,True,False,True,False,True,False,False,False,False,True,False,False,False,False,False
62,"환술사 주술사 비술사 백마도사 흑마도사 소환사 학자 점성술사",False,False,False,False,False,False,True,True,False,False,False,False,False,False,False,False,False,False,False,False,False,False,False,False,True,True,True,True,True,False,False,False,False,True,False,False,False,False,False
63,"주술사 비술사 흑마도사 소환사 적마도사 청마도사",False,False,False,False,False,False,False,True,False,False,False,False,False,False,False,False,False,False,False,False,False,False,False,False,False,True,True,True,False,False,False,False,False,False,False,True,True,False,False
64,"환술사 백마도사 학자 점성술사",False,False,False,False,False,False,True,False,False,False,False,False,False,False,False,False,False,False,False,False,False,False,False,False,True,False,False,False,True,False,False,False,False,True,False,False,False,False,False
65,"격투사 몽크 사무라이",False,False,True,False,False,False,False,False,False,False,False,False,False,False,False,False,False,False,False,False,True,False,False,False,False,False,False,False,False,False,False,False,False,False,True,False,False,False,False
66,"궁술사 음유시인 기공사 무도가",False,False,False,False,False,True,False,False,False,False,False,False,False,False,False,False,False,False,False,False,False,False,False,True,False,False,False,False,False,False,False,True,False,False,False,False,False,False,True
67,"검술사 격투사 도끼술사 창술사 쌍검사 몽크 용기사 닌자",False,True,True,True,True,False,False,False,False,False,False,False,False,False,False,False,False,False,False,False,True,False,True,False,False,False,False,False,False,True,True,False,False,False,False,False,False,False,False
68,"비술사 소환사 학자",False,False,False,False,False,False,False,False,False,False,False,False,False,False,False,False,False,False,False,False,False,False,False,False,False,False,True,True,True,False,False,False,False,False,False,False,False,False,False
69,"비술사 소환사",False,False,False,False,False,False,False,False,False,False,False,False,False,False,False,False,False,False,False,False,False,False,False,False,False,False,True,True,False,False,False,False,False,False,False,False,False,False,False
70,"요리사를 제외한 제작자",False,False,False,False,False,False,False,False,True,True,True,True,True,True,True,False,False,False,False,False,False,False,False,False,False,False,False,False,False,False,False,False,False,False,False,False,False,False,False
71,"검술사 격투사 도끼술사 창술사 궁술사 쌍검사 환술사 주술사 비술사 백마도사 흑마도사 소환사 학자",False,True,True,True,True,True,True,True,False,False,False,False,False,False,False,False,False,False,False,False,False,False,False,False,True,True,True,True,True,True,False,False,False,False,False,False,False,False,False
72,"환술사 주술사 비술사 백마도사 흑마도사 소환사 학자",False,False,False,False,False,False,True,True,False,False,False,False,False,False,False,False,False,False,False,False,False,False,False,False,True,True,True,True,True,False,False,False,False,False,False,False,False,False,False
73,"환술사 백마도사 학자 점성술사",False,False,False,False,False,False,True,False,False,False,False,False,False,False,False,False,False,False,False,False,False,False,False,False,True,False,False,False,True,False,False,False,False,True,False,False,False,False,False
74,"",True,True,True,True,True,True,True,True,True,True,True,True,True,True,True,True,True,True,True,True,True,True,True,True,True,True,True,True,True,True,True,True,True,True,True,True,True,True,True
75,"",False,True,False,True,False,False,False,False,False,False,False,False,False,False,False,False,False,False,False,True,False,True,False,False,False,False,False,False,False,False,False,False,True,False,False,False,False,True,False
76,"",False,False,False,False,True,False,False,False,False,False,False,False,False,False,False,False,False,False,False,False,False,False,True,False,False,False,False,False,False,False,False,False,False,False,False,False,False,False,False
77,"",False,False,True,False,False,False,False,False,False,False,False,False,False,False,False,False,False,False,False,False,True,False,False,False,False,False,False,False,False,False,False,False,False,False,True,False,False,False,False
78,"",False,False,False,False,False,True,False,False,False,False,False,False,False,False,False,False,False,False,False,False,False,False,False,True,False,False,False,False,False,False,False,True,False,False,False,False,False,False,True
79,"",False,False,False,False,False,False,False,True,False,False,False,False,False,False,False,False,False,False,False,False,False,False,False,False,False,True,True,True,False,False,False,False,False,False,False,True,True,False,False
80,"",False,False,False,False,False,False,True,False,False,False,False,False,False,False,False,False,False,False,False,False,False,False,False,False,True,False,False,False,True,False,False,False,False,True,False,False,False,False,False
81,"",False,False,True,False,True,True,False,False,False,False,False,False,False,False,False,False,False,False,False,False,True,False,True,True,False,False,False,False,False,True,True,True,False,False,True,False,False,False,False
82,"",False,False,False,False,False,False,True,True,False,False,False,False,False,False,False,False,False,False,False,False,False,False,False,False,True,True,True,True,True,False,False,False,False,True,False,True,True,False,False
83,"",False,False,False,False,False,False,False,False,True,True,True,True,True,True,True,True,True,True,True,False,False,False,False,False,False,False,False,False,False,False,False,False,False,False,False,False,False,False,False
84,"격투사 창술사 몽크 용기사 사무라이",False,False,True,False,True,False,False,False,False,False,False,False,False,False,False,False,False,False,False,False,True,False,True,False,False,False,False,False,False,False,False,False,False,False,True,False,False,False,False
85,"검술사 도끼술사 나이트 전사 암흑기사",False,True,False,True,False,False,False,False,False,False,False,False,False,False,False,False,False,False,False,True,False,True,False,False,False,False,False,False,False,False,False,False,True,False,False,False,False,False,False
86,"격투사 창술사 몽크 용기사",False,False,True,False,True,False,False,False,False,False,False,False,False,False,False,False,False,False,False,False,True,False,True,False,False,False,False,False,False,False,False,False,False,False,False,False,False,False,False
87,"검술사 도끼술사 격투사 창술사 쌍검사 나이트 몽크 전사 용기사 닌자",False,True,True,True,True,False,False,False,False,False,False,False,False,False,False,False,False,False,False,True,True,True,True,False,False,False,False,False,False,True,True,False,False,False,False,False,False,False,False
88,"검술사 도끼술사 격투사 창술사 궁술사 쌍검사 나이트 몽크 전사 용기사 음유시인 닌자 암흑기사 기공사",False,True,True,True,True,True,False,False,False,False,False,False,False,False,False,False,False,False,False,True,True,True,True,True,False,False,False,False,False,True,True,True,True,False,False,False,False,False,False
89,"흑마도사 소환사 적마도사",False,False,False,False,False,False,False,False,False,False,False,False,False,False,False,False,False,False,False,False,False,False,False,False,False,True,False,True,False,False,False,False,False,False,False,True,False,False,False
90,"궁술사 환술사 주술사 비술사 백마도사 음유시인 흑마도사 소환사 학자 기공사 점성술사",False,False,False,False,False,True,True,True,False,False,False,False,False,False,False,False,False,False,False,False,False,False,False,True,True,True,True,True,True,False,False,True,False,True,False,False,False,False,False
91,"쌍검사",False,False,False,False,False,False,False,False,False,False,False,False,False,False,False,False,False,False,False,False,False,False,False,False,False,False,False,False,False,True,False,False,False,False,False,False,False,False,False
92,"닌자",False,False,False,False,False,False,False,False,False,False,False,False,False,False,False,False,False,False,False,False,False,False,False,False,False,False,False,False,False,False,True,False,False,False,False,False,False,False,False
93,"쌍검사 닌자",False,False,False,False,False,False,False,False,False,False,False,False,False,False,False,False,False,False,False,False,False,False,False,False,False,False,False,False,False,True,True,False,False,False,False,False,False,False,False
94,"검술사 격투사 도끼술사 창술사 궁술사 쌍검사 닌자",False,True,True,True,True,True,False,False,False,False,False,False,False,False,False,False,False,False,False,False,False,False,False,False,False,False,False,False,False,True,True,False,False,False,False,False,False,False,False
95,"검술사 격투사 도끼술사 창술사 쌍검사 닌자",False,True,True,True,True,False,False,False,False,False,False,False,False,False,False,False,False,False,False,False,False,False,False,False,False,False,False,False,False,True,True,False,False,False,False,False,False,False,False
96,"기공사",False,False,False,False,False,False,False,False,False,False,False,False,False,False,False,False,False,False,False,False,False,False,False,False,False,False,False,False,False,False,False,True,False,False,False,False,False,False,False
97,"격투사 창술사 궁술사 쌍검사 몽크 용기사 음유시인 닌자 기공사",False,False,True,False,True,True,False,False,False,False,False,False,False,False,False,False,False,False,False,False,True,False,True,True,False,False,False,False,False,True,True,True,False,False,False,False,False,False,False
98,"암흑기사",False,False,False,False,False,False,False,False,False,False,False,False,False,False,False,False,False,False,False,False,False,False,False,False,False,False,False,False,False,False,False,False,True,False,False,False,False,False,False
99,"점성술사",False,False,False,False,False,False,False,False,False,False,False,False,False,False,False,False,False,False,False,False,False,False,False,False,False,False,False,False,False,False,False,False,False,True,False,False,False,False,False
100,"궁술사 쌍검사 음유시인 닌자 기공사",False,False,False,False,False,True,False,False,False,False,False,False,False,False,False,False,False,False,False,False,False,False,False,True,False,False,False,False,False,True,True,True,False,False,False,False,False,False,False
101,"격투사 창술사 쌍검사 몽크 용기사 닌자",False,False,True,False,True,False,False,False,False,False,False,False,False,False,False,False,False,False,False,False,True,False,True,False,False,False,False,False,False,True,True,False,False,False,False,False,False,False,False
102,"격투사 쌍검사 몽크 닌자 사무라이",False,False,True,False,False,False,False,False,False,False,False,False,False,False,False,False,False,False,False,False,True,False,False,False,False,False,False,False,False,True,True,False,False,False,True,False,False,False,False
103,"쌍검사 닌자",False,False,False,False,False,False,False,False,False,False,False,False,False,False,False,False,False,False,False,False,False,False,False,False,False,False,False,False,False,True,True,False,False,False,False,False,False,False,False
104,"",False,False,False,False,False,False,False,False,False,False,False,False,False,False,False,False,False,False,False,False,False,False,False,False,False,False,False,False,False,True,True,False,False,False,False,False,False,False,False
105,"궁술사 쌍검사 음유시인 닌자 기공사 무도가",False,False,False,False,False,True,False,False,False,False,False,False,False,False,False,False,False,False,False,False,False,False,False,True,False,False,False,False,False,True,True,True,False,False,False,False,False,False,True
106,"검술사 격투사 도끼술사 창술사 궁술사 쌍검사 음유시인",False,True,True,True,True,True,False,False,False,False,False,False,False,False,False,False,False,False,False,False,False,False,False,True,False,False,False,False,False,True,False,False,False,False,False,False,False,False,False
107,"나이트 몽크 전사 용기사 음유시인 백마도사 흑마도사 소환사 학자 닌자 기공사 암흑기사 점성술사",False,False,False,False,False,False,False,False,False,False,False,False,False,False,False,False,False,False,False,True,True,True,True,True,True,True,False,True,True,False,True,True,True,True,False,False,False,False,False
108,"투사 마법사",False,True,True,True,True,True,True,True,False,False,False,False,False,False,False,False,False,False,False,True,True,True,True,True,True,True,True,True,True,True,True,True,True,True,True,True,True,True,True
109,"",False,True,True,True,True,True,True,True,True,True,True,True,True,True,True,True,True,True,True,True,True,True,True,True,True,True,True,True,True,True,True,True,True,True,True,True,True,True,True
110,"투사 마법사 잡 전용",False,False,False,False,False,False,False,False,False,False,False,False,False,False,False,False,False,False,False,True,True,True,True,True,True,True,False,True,True,False,True,True,True,True,True,True,True,True,True
111,"사무라이",False,False,False,False,False,False,False,False,False,False,False,False,False,False,False,False,False,False,False,False,False,False,False,False,False,False,False,False,False,False,False,False,False,False,True,False,False,False,False
112,"적마도사",False,False,False,False,False,False,False,False,False,False,False,False,False,False,False,False,False,False,False,False,False,False,False,False,False,False,False,False,False,False,False,False,False,False,False,True,False,False,False
113,"검술사 도끼술사 나이트 전사 암흑기사 건브레이커",False,True,False,True,False,False,False,False,False,False,False,False,False,False,False,False,False,False,False,True,False,True,False,False,False,False,False,False,False,False,False,False,True,False,False,False,False,True,False
114,"격투사 창술사 몽크 용기사 쌍검사 닌자 사무라이",False,False,True,False,True,False,False,False,False,False,False,False,False,False,False,False,False,False,False,False,True,False,True,False,False,False,False,False,False,True,True,False,False,False,True,False,False,False,False
115,"궁술사 음유시인 기공사 무도가",False,False,False,False,False,True,False,False,False,False,False,False,False,False,False,False,False,False,False,False,False,False,False,True,False,False,False,False,False,False,False,True,False,False,False,False,False,False,True
116,"주술사 흑마도사 비술사 소환사 적마도사 청마도사",False,False,False,False,False,False,False,True,False,False,False,False,False,False,False,False,False,False,False,False,False,False,False,False,False,True,True,True,False,False,False,False,False,False,False,True,True,False,False
117,"환술사 백마도사 학자 점성술사",False,False,False,False,False,False,True,False,False,False,False,False,False,False,False,False,False,False,False,False,False,False,False,False,True,False,False,False,True,False,False,False,False,True,False,False,False,False,False
118,"격투사 창술사 궁술사 몽크 용기사 음유시인 쌍검사 닌자 기공사 사무라이 무도가",False,False,True,False,True,True,False,False,False,False,False,False,False,False,False,False,False,False,False,False,True,False,True,True,False,False,False,False,False,True,True,True,False,False,True,False,False,False,True
119,"격투사 창술사 주술사 몽크 용기사 흑마도사 비술사 소환사 쌍검사 닌자 사무라이 적마도사 청마도사",False,False,True,False,True,False,False,True,False,False,False,False,False,False,False,False,False,False,False,False,True,False,True,False,False,True,True,True,False,True,True,False,False,False,True,True,True,False,False
120,"환술사 주술사 백마도사 흑마도사 비술사 소환사 학자 점성술사 적마도사 청마도사",False,False,False,False,False,False,True,True,False,False,False,False,False,False,False,False,False,False,False,False,False,False,False,False,True,True,True,True,True,False,False,False,False,True,False,True,True,False,False
121,"나이트 전사 암흑기사 건브레이커",False,False,False,False,False,False,False,False,False,False,False,False,False,False,False,False,False,False,False,True,False,True,False,False,False,False,False,False,False,False,False,False,True,False,False,False,False,True,False
122,"몽크 용기사 닌자 사무라이",False,False,False,False,False,False,False,False,False,False,False,False,False,False,False,False,False,False,False,False,True,False,True,False,False,False,False,False,False,False,True,False,False,False,True,False,False,False,False
123,"음유시인 기공사 무도가",False,False,False,False,False,False,False,False,False,False,False,False,False,False,False,False,False,False,False,False,False,False,False,True,False,False,False,False,False,False,False,True,False,False,False,False,False,False,True
124,"흑마도사 소환사 적마도사 청마도사",False,False,False,False,False,False,False,False,False,False,False,False,False,False,False,False,False,False,False,False,False,False,False,False,False,True,False,True,False,False,False,False,False,False,False,True,True,False,False
125,"백마도사 학자 점성술사",False,False,False,False,False,False,False,False,False,False,False,False,False,False,False,False,False,False,False,False,False,False,False,False,True,False,False,False,True,False,False,False,False,True,False,False,False,False,False
126,"몽크 용기사 음유시인 닌자 기공사 사무라이 무도가",False,False,False,False,False,False,False,False,False,False,False,False,False,False,False,False,False,False,False,False,True,False,True,True,False,False,False,False,False,False,True,True,False,False,True,False,False,False,True
127,"몽크 용기사 흑마도사 소환사 닌자 사무라이 적마도사 청마도사",False,False,False,False,False,False,False,False,False,False,False,False,False,False,False,False,False,False,False,False,True,False,True,False,False,True,False,True,False,False,True,False,False,False,True,True,True,False,False
128,"백마도사 흑마도사 소환사 학자 점성술사 적마도사 청마도사",False,False,False,False,False,False,False,False,False,False,False,False,False,False,False,False,False,False,False,False,False,False,False,False,True,True,False,True,True,False,False,False,False,True,False,True,True,False,False
129,"청마도사",False,False,False,False,False,False,False,False,False,False,False,False,False,False,False,False,False,False,False,False,False,False,False,False,False,False,False,False,False,False,False,False,False,False,False,False,True,False,False
130,"모든 직업 (리미티드 잡 제외)",True,True,True,True,True,True,True,True,True,True,True,True,True,True,True,True,True,True,True,True,True,True,True,True,True,True,True,True,True,True,True,True,True,True,True,True,False,True,True
131,"몽크 용기사 음유시인 흑마도사 소환사 닌자 기공사 사무라이 적마도사 무도가",False,False,False,False,False,False,False,False,False,False,False,False,False,False,False,False,False,False,False,False,True,False,True,True,False,True,False,True,False,False,True,True,False,False,True,True,False,False,True
132,"몽크 용기사 음유시인 백마도사 흑마도사 소환사 학자 닌자 기공사 점성술사 사무라이 적마도사 무도가",False,False,False,False,False,False,False,False,False,False,False,False,False,False,False,False,False,False,False,False,True,False,True,True,True,True,False,True,True,False,True,True,False,True,True,True,False,False,True
133,"백마도사 학자 점성술사",False,False,False,False,False,False,False,False,False,False,False,False,False,False,False,False,False,False,False,False,False,False,False,False,True,False,False,False,True,False,False,False,False,True,False,False,False,False,False
134,"나이트 전사 암흑기사 건브레이커",False,False,False,False,False,False,False,False,False,False,False,False,False,False,False,False,False,False,False,True,False,True,False,False,False,False,False,False,False,False,False,False,True,False,False,False,False,True,False
135,"나이트 몽크 전사 용기사 음유시인 흑마도사 소환사 닌자 기공사 암흑기사 사무라이 적마도사 건브레이커 무도가",False,False,False,False,False,False,False,False,False,False,False,False,False,False,False,False,False,False,False,True,True,True,True,True,False,True,False,True,False,False,True,True,True,False,True,True,False,True,True
136,"나이트 전사 백마도사 학자 암흑기사 점성술사 건브레이커",False,False,False,False,False,False,False,False,False,False,False,False,False,False,False,False,False,False,False,True,False,True,False,False,True,False,False,False,True,False,False,False,True,True,False,False,False,True,False
137,"나이트 몽크 전사 용기사 음유시인 백마도사 흑마도사 소환사 학자 닌자 기공사 암흑기사 점성술사 사무라이 적마도사 건브레이커 무도가",False,False,False,False,False,False,False,False,False,False,False,False,False,False,False,False,False,False,False,True,True,True,True,True,True,True,False,True,True,False,True,True,True,True,True,True,False,True,True
138,"나이트 몽크 전사 용기사 닌자 암흑기사 사무라이 건브레이커",False,False,False,False,False,False,False,False,False,False,False,False,False,False,False,False,False,False,False,True,True,True,True,False,False,False,False,False,False,False,True,False,True,False,True,False,False,True,False
139,"음유시인 기공사 무도가",False,False,False,False,False,False,False,False,False,False,False,False,False,False,False,False,False,False,False,False,False,False,False,True,False,False,False,False,False,False,False,True,False,False,False,False,False,False,True
140,"백마도사 흑마도사 소환사 학자 점성술사 적마도사",False,False,False,False,False,False,False,False,False,False,False,False,False,False,False,False,False,False,False,False,False,False,False,False,True,True,False,True,True,False,False,False,False,True,False,True,False,False,False
141,"나이트 몽크 전사 용기사 음유시인 백마도사 흑마도사 소환사 학자 기공사 암흑기사 점성술사 사무라이 적마도사 건브레이커 무도가",False,False,False,False,False,False,False,False,False,False,False,False,False,False,False,False,False,False,False,True,True,True,True,True,True,True,False,True,True,False,False,True,True,True,True,True,False,True,True
142,"투사 마법사 (리미티드 잡 제외)",False,True,True,True,True,True,True,True,False,False,False,False,False,False,False,False,False,False,False,True,True,True,True,True,True,True,True,True,True,True,True,True,True,True,True,True,False,True,True
143,"투사 (리미티드 잡 제외)",False,True,True,True,True,True,False,False,False,False,False,False,False,False,False,False,False,False,False,True,True,True,True,True,False,False,False,False,False,True,True,True,True,False,True,False,False,True,True
144,"마법사 (리미티드 잡 제외)",False,False,False,False,False,False,True,True,False,False,False,False,False,False,False,False,False,False,False,False,False,False,False,False,True,True,True,True,True,False,False,False,False,True,False,True,False,False,False
145,"나이트 몽크 전사 용기사 음유시인 닌자 기공사 암흑기사 사무라이 건브레이커 무도가",False,False,False,False,False,False,False,False,False,False,False,False,False,False,False,False,False,False,False,True,True,True,True,True,False,False,False,False,False,False,True,True,True,False,True,False,False,True,True
146,"투사 마법사 잡 전용 (리미티드 잡 제외)",False,False,False,False,False,False,False,False,False,False,False,False,False,False,False,False,False,False,False,True,True,True,True,True,True,True,False,True,True,False,True,True,True,True,True,True,False,True,True
147,"흑마도사 소환사 적마도사",False,False,False,False,False,False,False,False,False,False,False,False,False,False,False,False,False,False,False,False,False,False,False,False,False,True,False,True,False,False,False,False,False,False,False,True,False,False,False
148,"몽크 용기사 닌자 사무라이",False,False,False,False,False,False,False,False,False,False,False,False,False,False,False,False,False,False,False,False,True,False,True,False,False,False,False,False,False,False,True,False,False,False,True,False,False,False,False
149,"건브레이커",False,False,False,False,False,False,False,False,False,False,False,False,False,False,False,False,False,False,False,False,False,False,False,False,False,False,False,False,False,False,False,False,False,False,False,False,False,True,False
150,"무도가",False,False,False,False,False,False,False,False,False,False,False,False,False,False,False,False,False,False,False,False,False,False,False,False,False,False,False,False,False,False,False,False,False,False,False,False,False,False,True
151,"연철과 (대장장이, 갑주제작사, 보석공예가)",False,False,False,False,False,False,False,False,False,True,True,True,False,False,False,False,False,False,False,False,False,False,False,False,False,False,False,False,False,False,False,False,False,False,False,False,False,False,False
152,"수공과 (목수, 가죽공예가, 재봉사)",False,False,False,False,False,False,False,False,True,False,False,False,True,True,False,False,False,False,False,False,False,False,False,False,False,False,False,False,False,False,False,False,False,False,False,False,False,False,False
153,"식약과 (연금술사, 요리사)",False,False,False,False,False,False,False,False,False,False,False,False,False,False,True,True,False,False,False,False,False,False,False,False,False,False,False,False,False,False,False,False,False,False,False,False,False,False,False
154,"조달과 (광부, 원예가)",False,False,False,False,False,False,False,False,False,False,False,False,False,False,False,False,True,True,False,False,False,False,False,False,False,False,False,False,False,False,False,False,False,False,False,False,False,False,False
155,"어업과 (어부)",False,False,False,False,False,False,False,False,False,False,False,False,False,False,False,False,False,False,True,False,False,False,False,False,False,False,False,False,False,False,False,False,False,False,False,False,False,False,False
156,"방어 역할 잡 (리미티드 잡 제외)",False,False,False,False,False,False,False,False,False,False,False,False,False,False,False,False,False,False,False,True,False,True,False,False,False,False,False,False,False,False,False,False,True,False,False,False,False,True,False
157,"회복 역할 잡 (리미티드 잡 제외)",False,False,False,False,False,False,False,False,False,False,False,False,False,False,False,False,False,False,False,False,False,False,False,False,True,False,False,False,True,False,False,False,False,True,False,False,False,False,False
158,"물리 공격 역할 잡 (리미티드 잡 제외)",False,False,False,False,False,False,False,False,False,False,False,False,False,False,False,False,False,False,False,False,True,False,True,True,False,False,False,False,False,False,True,True,False,False,True,False,False,False,True
159,"마법 공격 역할 잡 (리미티드 잡 제외)",False,False,False,False,False,False,False,False,False,False,False,False,False,False,False,False,False,False,False,False,False,False,False,False,False,True,False,True,False,False,False,False,False,False,False,True,False,False,False
160,"비술사 학자",False,False,False,False,False,False,False,False,False,False,False,False,False,False,False,False,False,False,False,False,False,False,False,False,False,False,True,False,True,False,False,False,False,False,False,False,False,False,False
161,"검술사 격투사 도끼술사 창술사 궁술사 나이트 몽크 전사 용기사 음유시인 쌍검사 닌자 기공사 암흑기사 사무라이 건브레이커 무도가",False,True,True,True,True,True,False,False,False,False,False,False,False,False,False,False,False,False,False,True,True,True,True,True,False,False,False,False,False,True,True,True,True,False,True,False,False,True,True
