key,0,1,2,3,4
#,Group,Key,LookupTable,Text,GroupTitle
int32,uint16,uint16,str,str,str
100,1,0,"@","【언어】","언어."
101,1,1,"","상용구 사전을 사용해주세요.","-"
102,1,10,"","일본어","-"
103,1,11,"","영어","-"
104,1,12,"","프랑스어","-"
105,1,13,"","독일어","-"
106,1,31,"","일본어로 대화해도 될까요?","-"
107,1,32,"","영어로 대화해도 될까요?","-"
108,1,33,"","프랑스어로 대화해도 될까요?","-"
109,1,34,"","독일어로 대화해도 될까요?","-"
110,1,41,"","저는 영어를 못합니다.","-"
111,1,40,"","저는 일본어를 못합니다.","-"
112,1,42,"","저는 프랑스어를 못합니다.","-"
113,1,43,"","저는 독일어를 못합니다.","-"
114,1,20,"","제 말을 들어주세요.","-"
115,1,21,"","들리십니까?","-"
116,1,22,"","간단한 의사소통은 가능합니다.","-"
117,1,23,"","조금은 이해할 수 있습니다.","-"
118,1,24,"","쉬운 단어로 말씀해주세요.","-"
119,1,25,"","줄임말은 사용하지 말아주세요.","-"
120,1,26,"","곧 대답하겠습니다, 잠시만 기다려주세요.","-"
121,1,30,"","모국어는 무엇입니까?","-"
200,2,0,"@","【인사】","인사."
201,2,1,"","처음 뵙겠습니다.","-"
202,2,2,"","좋은 아침입니다!","-"
203,2,3,"","안녕하세요.","-"
204,2,4,"","오늘 하루 어떠셨나요?","-"
205,2,5,"","안녕히 주무세요.","-"
206,2,6,"","좋은 하루 보내세요.","-"
207,2,7,"","재미있었어요.","-"
208,2,8,"","또 만나요!","-"
209,2,9,"","또 같이 놀아요.","-"
210,2,10,"","다녀왔습니다.","-"
211,2,11,"","어서 오세요.","-"
212,2,12,"","축하합니다!","-"
213,2,13,"","잘하셨어요!","-"
214,2,14,"","힘 내세요!","-"
215,2,15,"","야호!","-"
216,2,16,"","감사합니다.","-"
217,2,17,"","별말씀을요.","-"
218,2,18,"","조심하세요.","-"
219,2,19,"","죄송합니다.","-"
220,2,20,"","용서해주세요.","-"
221,2,21,"","아쉽네요.","-"
222,2,22,"","잠깐만요.","-"
223,2,23,"","즐거운 모험 하시길!","-"
224,2,24,"","여기는 처음 옵니다.","-"
225,2,25,"","기대되네요!","-"
226,2,26,"","수고하셨습니다.","-"
227,2,27,"","잘 부탁합니다!","-"
228,2,28,"","이만 가봐야겠어요. 실례하겠습니다.","-"
229,2,29,"","편하게 합시다!","-"
230,2,31,"","열심히 하겠습니다!","-"
231,2,30,"","함께 힘내요!","-"
232,2,32,"","즐기면서 합시다!","-"
233,2,33,"","침착하게 합시다!","-"
300,3,0,"@","【질문】","질문."
301,3,1,"","누구세요?","-"
302,3,2,"","어느 쪽인가요?","-"
303,3,3,"","어떻게 할까요?","-"
304,3,4,"","뭐예요?","-"
305,3,5,"","언제인가요?","-"
306,3,6,"","얼마나요?","-"
307,3,7,"","어디인가요?","-"
308,3,8,"","왜 그러세요?","-"
309,3,9,"","이유를 말씀해주세요.","-"
310,3,10,"","어디 가세요?","-"
311,3,11,"","가능하신가요?","-"
312,3,12,"","도와드릴까요?","-"
313,3,13,"","어떤 임무를 할까요?","-"
314,3,14,"","어떤 임무가 가능하세요?","-"
315,3,15,"","가지고 계신가요?","-"
316,3,16,"","지금 어떤 무기를 가지고 계신가요?","-"
317,3,17,"","다른 클래스는 뭐가 가능하신가요?","-"
318,3,18,"","다른 역할은 뭐가 가능하신가요?","-"
319,3,19,"","준비되어 있나요?","-"
320,3,20,"","어떤 작전으로 싸울까요?","-"
321,3,21,"","친구 신청해도 될까요?","-"
322,3,22,"","잠깐 쉬었다 갈까요?","-"
323,3,23,"","수리합시다.","-"
324,3,24,"","수리해주시면 안 될까요?","-"
325,3,25,"","마테리아 장착할까요?","-"
326,3,26,"","마테리아 장착해주시겠어요?","-"
327,3,27,"","파티에 초대해도 될까요?","-"
328,3,28,"","파티에 초대해주시겠어요?","-"
329,3,29,"","파티를 해체할까요?","-"
330,3,30,"","링크셸에 초대해도 될까요?","-"
331,3,31,"","링크셸에 초대해주시겠어요?","-"
332,3,32,"","자유부대에 초대해도 될까요?","-"
333,3,33,"","자유부대에 초대해주시겠어요?","-"
334,3,34,"","뭐 하고 계시나요?","-"
335,3,35,"","카드 대결 하실래요?","-"
336,3,36,"","규칙을 바꾸고 싶어요.","-"
337,3,37,"","대회 대결 하실래요?","-"
338,3,38,"","MP는 괜찮으세요?","-"
339,3,39,"","모르는 점이 있으신가요?","-"
340,3,40,"","보셨나요?","-"
341,3,41,"","공략 방법은 아시나요?","-"
342,3,42,"","작전을 세웁시다.","-"
343,3,43,"","같이 타실래요?","-"
344,3,44,"","태워 주시겠어요?","-"
400,4,0,"@","【대답】","대답."
401,4,1,"","모르겠어요.","-"
402,4,2,"","필요 없어요.","-"
403,4,3,"","네, 부탁합니다.","-"
404,4,4,"","부탁합니다.","-"
405,4,5,"","알겠습니다.","-"
406,4,6,"","지금은 바쁘니 나중에 이야기해요.","-"
407,4,7,"","지금은 혼자 다니고 싶어요.","-"
408,4,8,"","대답하고 싶지만 어떻게 말해야 할지 모르겠어요.","-"
409,4,9,"","그렇군요.","-"
410,4,10,"","말씀은 감사하지만 사양할게요.","-"
411,4,11,"","흐음.","-"
412,4,12,"","음…","-"
413,4,13,"","뭐!?","-"
414,4,14,"","정말?","-"
415,4,15,"","으으음.","-"
416,4,16,"","다른 약속이 있어요.","-"
417,4,17,"","재대결하고 싶습니다.","-"
418,4,18,"","대결을 마치고 싶습니다.","-"
419,4,19,"","잠시 중단하고 싶습니다.","-"
420,4,20,"","그럴지도 모릅니다.","-"
500,5,0,"@","【이유】","이유."
501,5,1,"","시전 중입니다.","-"
502,5,2,"","일하러 갈 시간입니다.","-"
503,5,3,"","약속이 있습니다.","-"
504,5,4,"","자러 갈 겁니다.","-"
505,5,5,"","힘들어요.","-"
506,5,6,"","볼일이 있어서 그만 가볼게요.","-"
507,5,7,"","몸이 안 좋습니다.","-"
508,5,8,"","내키지 않습니다.","-"
509,5,9,"","재미있을 것 같네요.","-"
510,5,10,"","임무 중입니다.","-"
511,5,11,"","전투 중입니다.","-"
512,5,12,"","돈을 벌고 싶습니다.","-"
513,5,13,"","기억이 안 납니다.","-"
514,5,14,"","모릅니다.","-"
515,5,15,"","방금 사용했습니다.","-"
516,5,16,"","경험치를 벌고 싶습니다.","-"
517,5,17,"","실수했습니다.","-"
518,5,18,"","이미 참가 중입니다.","-"
519,5,19,"","이미 가지고 있습니다.","-"
520,5,20,"","모집이 끝났습니다.","-"
521,5,21,"","준비 중입니다.","-"
522,5,22,"","바쁩니다.","-"
523,5,23,"","잡담을 나누고 있습니다.","-"
524,5,24,"","키보드를 안 쓰고 있습니다.","-"
525,5,25,"","탐색 중입니다.","-"
600,6,0,"@","【교환】","교환."
601,6,1,"","주시면 안 될까요?","-"
602,6,2,"","해 주시면 안 될까요?","-"
603,6,3,"","깎아 주시면 안 될까요?","-"
604,6,4,"","사 주시면 안 될까요?","-"
605,6,5,"","파시면 안 될까요?","-"
606,6,6,"","교환하시겠어요?","-"
607,6,7,"","필요 없으신가요?","-"
608,6,8,"","제작 가능하신가요?","-"
609,6,9,"","가지고 계신가요?","-"
610,6,10,"","필요한 재료를 알려주세요.","-"
611,6,11,"","돈이 없습니다.","-"
612,6,12,"","아이템이 없습니다.","-"
613,6,13,"","줄 수 있는 게 없습니다.","-"
614,6,14,"","이걸 드리겠습니다.","-"
615,6,15,"","주세요.","-"
616,6,16,"","보상:","-"
617,6,17,"","가격:","-"
618,6,18,"","우편물","-"
700,7,0,"@","【편성】","편성."
701,7,1,"","모집 중입니다.","-"
702,7,2,"","모여주세요.","-"
703,7,3,"","함께 하실래요?","-"
704,7,4,"","한 분이신가요?","-"
705,7,5,"","빈자리 있나요?","-"
706,7,6,"","초대해주세요.","-"
707,7,7,"","참가하고 싶습니다.","-"
708,7,8,"","리더가 누구인가요?","-"
709,7,9,"","짧게 도는 것도 괜찮습니다.","-"
710,7,10,"","파티에 빈자리가 없습니다.","-"
711,7,11,"","도와주세요.","-"
712,7,12,"","파티 해체하겠습니다.","-"
713,7,13,"","자리 비우겠습니다.","-"
714,7,14,"","파티에 참가하고 싶습니다.","-"
715,7,15,"","소규모 파티","-"
716,7,16,"","대규모 파티","-"
717,7,17,"","아직 익숙하지 않습니다.","-"
718,7,18,"","파티원을 보충할까요?","-"
800,8,0,"@","【전술】","전술."
801,8,201,"","따라오세요.","-"
802,8,202,"","따라가겠습니다.","-"
803,8,203,"","조사해주세요.","-"
804,8,204,"","찾았어요!","-"
805,8,1,"","전력을 다해 공격하세요!","-"
806,8,2,"","뒤로 물러나주세요.","-"
807,8,3,"","적개심 수치에 주의하세요.","-"
808,8,4,"","이거 먼저 처치할게요!","-"
809,8,5,"","공격하지 마세요.","-"
810,8,6,"","발을 묶어주세요!","-"
811,8,7,"","효과 없애주세요!","-"
812,8,8,"","회복해주세요!","-"
813,8,9,"","걸어주세요!","-"
814,8,10,"","도망쳐요!","-"
815,8,11,"","도와주세요!","-"
816,8,12,"","멈추세요!","-"
817,8,13,"","대기하세요.","-"
818,8,14,"","없어졌습니다.","-"
819,8,15,"","없습니다.","-"
820,8,16,"","아껴 쓰세요.","-"
821,8,17,"","아껴 쓰겠습니다.","-"
822,8,18,"","장비 내구도가 떨어졌습니다.","-"
823,8,19,"","준비완료!","-"
824,8,100,"","표식을 설정해주세요.","-"
825,8,20,"","이거 쓰세요.","-"
826,8,205,"","조금만 쉴게요.","-"
827,8,21,"","적을 끌고 오겠습니다.","-"
828,8,22,"","적은 제가 맡을게요.","-"
829,8,206,"","잠깐만요.","-"
830,8,207,"","현지에서 모이죠.","-"
831,8,208,"","이동합니다.","-"
832,8,209,"","그 자리에 있으세요.","-"
833,8,210,"","지금 그쪽으로 갈게요.","-"
834,8,211,"","금방 돌아올게요.","-"
835,8,212,"","주사위 굴려주세요.","-"
836,8,300,"","약점:","-"
837,8,301,"","주의:","-"
838,8,302,"","추천:","-"
839,8,303,"","토벌 순서:","-"
840,8,304,"","원하는 것:","-"
841,8,23,"","적개심 끌어주세요.","-"
842,8,24,"","적이 다가옵니다!","-"
843,8,25,"","신경 쓰지 마세요.","-"
844,8,26,"","무시하세요.","-"
845,8,1084,"","교대","-"
846,8,27,"","교대해주세요!","-"
847,8,28,"","제가 먼저 공격하겠습니다!","-"
848,8,200,"","천천히 진행합시다.","-"
849,8,30,"","실행해주세요!","-"
850,8,305,"","방향","-"
851,8,31,"","피하세요!","-"
852,8,32,"","뒤를 보세요.","-"
853,8,33,"","공격에 맞아주세요.","-"
854,8,34,"","적을 멀리 떨어뜨리세요.","-"
855,8,35,"","멀리 가세요.","-"
856,8,36,"","가까이 가세요.","-"
857,8,37,"","운반해 주세요.","-"
859,8,39,"","끊어 주세요!","-"
860,8,40,"","유지해 주세요!","-"
861,8,41,"","동시에 쓰러뜨립시다!","-"
862,8,42,"","숨어요!","-"
863,8,43,"","탑승하겠습니다!","-"
864,8,44,"","탑승해주세요!","-"
900,9,0,"@","【역할】","역할."
901,9,1,"","파티장","-"
902,9,2,"","부대장","-"
903,9,10,"","투사","-"
904,9,11,"","마법사","-"
905,9,12,"","채집가","-"
906,9,13,"","제작자","-"
907,9,20,"","방어 역할","-"
908,9,23,"","근거리 공격 역할","-"
909,9,24,"","원거리 공격 역할","-"
910,9,21,"","회복 역할","-"
911,9,26,"","강화 역할","-"
912,9,25,"","마법 공격 역할","-"
913,9,22,"","공격 역할","-"
950,10,0,"@","【위치】","위치."
951,10,1,"","위치","-"
952,10,13,"","북쪽","-"
953,10,12,"","남쪽","-"
954,10,10,"","동쪽","-"
955,10,11,"","서쪽","-"
956,10,20,"","위쪽","-"
957,10,21,"","아래쪽","-"
958,10,23,"","오른쪽","-"
959,10,22,"","왼쪽","-"
960,10,30,"","앞","-"
961,10,31,"","뒤","-"
962,10,43,"","옆","-"
963,10,40,"","정면","-"
964,10,46,"","중앙","-"
965,10,41,"","측면","-"
966,10,44,"","안쪽","-"
967,10,45,"","바깥쪽","-"
968,10,50,"","이쪽","-"
969,10,51,"","저쪽","-"
970,10,52,"","그쪽","-"
971,10,53,"","좀 더 가까이","-"
972,10,54,"","좀 더 멀리","-"
973,10,60,"","입구","-"
974,10,61,"","출구","-"
975,10,42,"","후방","-"
976,10,70,"","1시","-"
977,10,71,"","2시","-"
978,10,72,"","3시","-"
979,10,73,"","4시","-"
980,10,74,"","5시","-"
981,10,75,"","6시","-"
982,10,76,"","7시","-"
983,10,77,"","8시","-"
984,10,78,"","9시","-"
985,10,79,"","10시","-"
986,10,80,"","11시","-"
987,10,81,"","12시","-"
1000,11,0,"@","【시간】","시간."
1001,11,3,"","그저께","-"
1002,11,2,"","어제","-"
1003,11,1,"","오늘","-"
1004,11,4,"","내일","-"
1005,11,5,"","모레","-"
1006,11,11,"","저번 주","-"
1007,11,10,"","이번 주","-"
1008,11,12,"","다음 주","-"
1009,11,20,"","오전","-"
1010,11,21,"","오후","-"
1011,11,30,"","아침","-"
1012,11,31,"","낮","-"
1013,11,32,"","밤","-"
1014,11,40,"","요일","-"
1015,11,41,"","일요일","-"
1016,11,42,"","월요일","-"
1017,11,43,"","화요일","-"
1018,11,44,"","수요일","-"
1019,11,45,"","목요일","-"
1020,11,46,"","금요일","-"
1021,11,47,"","토요일","-"
1022,11,50,"","휴일","-"
1023,11,51,"","휴가","-"
1024,11,60,"","장기","-"
1025,11,61,"","단기","-"
1026,11,70,"","날짜","-"
1027,11,75,"","초","-"
1028,11,74,"","분","-"
1029,11,71,"","시간","-"
1030,11,73,"","월","-"
1031,11,72,"","년","-"
1032,11,120,"","1월","-"
1033,11,121,"","2월","-"
1034,11,122,"","3월","-"
1035,11,123,"","4월","-"
1036,11,124,"","5월","-"
1037,11,125,"","6월","-"
1038,11,126,"","7월","-"
1039,11,127,"","8월","-"
1040,11,128,"","9월","-"
1041,11,129,"","10월","-"
1042,11,130,"","11월","-"
1043,11,131,"","12월","-"
1044,11,81,"","지난달","-"
1045,11,80,"","이번 달","-"
1046,11,82,"","다음 달","-"
1047,11,84,"","작년","-"
1048,11,83,"","올해","-"
1049,11,85,"","내년","-"
1050,11,90,"","지금","-"
1051,11,91,"","곧","-"
1052,11,92,"","언제든지","-"
1053,11,100,"","처음","-"
1054,11,101,"","마지막","-"
1055,11,110,"","대기 시간","-"
1056,11,111,"","남은 시간","-"
1057,11,112,"","종료 시간","-"
1058,11,140,"","제6성력","-"
1059,11,141,"","제7재해","-"
1060,11,142,"","제7성력","-"
1061,11,93,"","직전","-"
1062,11,94,"","직후","-"
1150,13,0,"@","【이동 방법】","이동 방법."
1151,13,2,"","걷기","-"
1152,13,1,"","달리기","-"
1153,13,3,"","따라가기","-"
1154,13,10,"","초코보","-"
1155,13,11,"","내 초코보","-"
1156,13,12,"","초코보 대여","-"
1157,13,13,"","초코보 수송","-"
1158,13,20,"","탈것","-"
1159,13,30,"","텔레포","-"
1160,13,31,"","데존","-"
1161,13,33,"","도시 내 이동","-"
1162,13,34,"","비공정","-"
1163,13,32,"","귀환 지점","-"
1164,13,35,"","정기선","-"
1165,13,21,"","나는 탈것","-"
1200,14,0,"@","【시설】","시설."
1201,14,10,"","에테라이트","-"
1202,14,11,"","도시 내 이동","-"
1203,14,20,"","모험가 길드","-"
1204,14,21,"","길드","-"
1205,14,30,"","상점","-"
1206,14,31,"","초코보 대여소","-"
1207,14,90,"","여관","-"
1208,14,32,"","초인종","-"
1209,14,42,"","휴식 지역","-"
1210,14,39,"","길드 의뢰 발행 담당자","-"
1211,14,40,"","링크셸 배포 담당자","-"
1212,14,33,"","장터 게시판","-"
1213,14,41,"","집사 고용창구","-"
1214,14,34,"","수리공","-"
1215,14,71,"","비공정 승강장","-"
1216,14,35,"","배달부 모그리","-"
1217,14,72,"","선착장","-"
1218,14,73,"","여객선 부두","-"
1219,14,70,"","발착장","-"
1220,14,80,"","흑와단 군령부","-"
1221,14,81,"","쌍사당 통합사령부","-"
1222,14,82,"","불멸대 작전본부","-"
1223,14,91,"","모험가 거주구역","-"
1224,14,60,"","투기장 대결 접수처","-"
1225,14,36,"","마물 수배 게시판","-"
1226,14,37,"","일기예보사","-"
1227,14,100,"","미용사 호출 초인종","-"
1228,14,92,"","확장 구역","-"
1229,14,101,"","오케스트리온","-"
1230,14,50,"","나무인형","-"
1231,14,38,"","마테리아 장인","-"
1232,14,93,"","아파트","-"
1233,14,102,"","환상의 옷장","-"
1234,14,110,"","방명록","-"
1235,14,103,"","추억의 보관함","-"
1236,14,104,"","추억의 일기장","-"
1250,15,0,"@","【총사령부】","총사령부."
1251,15,1,"","총사령부","-"
1252,15,2,"","계급","-"
1253,15,3,"","군수물자","-"
1254,15,4,"","보급물자","-"
1255,15,5,"","희소물자","-"
1256,15,6,"","흑와단","-"
1257,15,7,"","쌍사당","-"
1258,15,8,"","불멸대","-"
1270,16,0,"@","【자유부대】","자유부대."
1271,16,1,"","자유부대","-"
1272,16,2,"","서명","-"
1273,16,3,"","부대 게시판","-"
1274,16,4,"","부대 금고","-"
1275,16,5,"","부대 문장","-"
1276,16,6,"","부대 혜택","-"
1277,16,7,"","부대 제작","-"
1278,16,8,"","지하공방","-"
1279,16,9,"","비공정 탐사","-"
1280,16,10,"","잠수함 탐사","-"
1300,17,0,"@","【게임 시스템】","게임 시스템."
1301,17,1,"","클래스","-"
1302,17,2,"","클래스 체인지","-"
1303,17,3,"","잡","-"
1304,17,4,"","잡 체인지","-"
1305,17,6,"","소울 크리스탈","-"
1306,17,10,"","레벨","-"
1307,17,11,"","경험치","-"
1308,17,500,"","수호신","-"
1309,17,501,"","민족","-"
1310,17,502,"","부족","-"
1311,17,700,"","지역","-"
1312,17,5,"","장비","-"
1313,17,23,"","아이템","-"
1314,17,801,"","장비세트","-"
1315,17,12,"","휴식 보너스","-"
1316,17,50,"","개인","-"
1317,17,51,"","파티","-"
1318,17,200,"","탈것","-"
1319,17,201,"","꼬마 친구","-"
1320,17,202,"","집사","-"
1321,17,20,"","전투","-"
1322,17,21,"","제작","-"
1323,17,22,"","채집","-"
1324,17,24,"","내구도","-"
1325,17,25,"","결속도","-"
1326,17,26,"","장비 적성","-"
1327,17,60,"","보물상자","-"
1328,17,210,"","대상","-"
1329,17,213,"","대상 고정","-"
1330,17,211,"","주시 대상","-"
1331,17,214,"","대상 표식","-"
1332,17,800,"","메뉴","-"
1333,17,803,"","지도","-"
1334,17,810,"","게임 문의","-"
1335,17,820,"","스크린샷","-"
1336,17,811,"","로그아웃","-"
1337,17,812,"","게임 종료","-"
1338,17,813,"","강제 종료","-"
1339,17,821,"","상용구 사전","-"
1340,17,802,"","감정 표현","-"
1341,17,80,"","업적","-"
1342,17,81,"","칭호","-"
1343,17,100,"","화폐","-"
1344,17,101,"","길","-"
1345,17,91,"","교환","-"
1346,17,90,"","조사","-"
1347,17,92,"","따라가기","-"
1348,17,52,"","연합 파티","-"
1349,17,380,"","하우징","-"
1350,17,391,"","우호도","-"
1351,17,392,"","우호도 단계","-"
1352,17,70,"","플레이어 추천","-"
1353,17,150,"","알라그 석판","-"
1356,17,73,"","추방 투표","-"
1357,17,72,"","포기 투표","-"
1358,17,215,"","지면 표식","-"
1359,17,212,"","지면 대상","-"
1360,17,350,"","장비 투영","-"
1362,17,351,"","미용사","-"
1363,17,302,"","집사 수행","-"
1364,17,400,"","아트마","-"
1365,17,410,"","조디악 웨폰","-"
1366,17,401,"","알렉산드라이트","-"
1367,17,412,"","아니무스","-"
1368,17,413,"","노우스","-"
1369,17,103,"","동맹 휘장","-"
1370,17,300,"","마물 수배서","-"
1371,17,301,"","무법자의 전장","-"
1372,17,550,"","초월하는 힘","-"
1373,17,381,"","초코보 육성","-"
1374,17,303,"","일기예보","-"
1375,17,154,"","알라그 석판: 시학","-"
1376,17,390,"","공헌도","-"
1377,17,102,"","군표","-"
1378,17,105,"","명예 점수","-"
1379,17,411,"","제니스","-"
1380,17,414,"","넥서스","-"
1381,17,104,"","센추리오 휘장","-"
1384,17,63,"","파티장 분배","-"
1385,17,62,"","선입찰 금지","-"
1386,17,61,"","일반 전리품 규칙","-"
1387,17,420,"","아니마 웨폰","-"
1389,17,352,"","영원한 언약식","-"
1390,17,12,"","아이템 레벨","-"
1391,17,13,"","레벨 보정","-"
1392,17,353,"","쿠로의 공상 수첩","-"
1396,17,71,"","제한 해제","-"
1397,17,354,"","악기 연주","-"
1398,17,356,"","패션 체크","-"
1400,18,0,"@","【전투】","전투."
1401,18,1,"","공격","-"
1402,18,2,"","기술","-"
1403,18,6,"","일반 기술","-"
1404,18,15,"","특성","-"
1405,18,3,"","잡 기술","-"
1406,18,5,"","보조 기술","-"
1407,18,11,"","마법","-"
1408,18,10,"","무기 기술","-"
1409,18,12,"","능력","-"
1410,18,13,"","시전 시간","-"
1411,18,14,"","재사용 대기 시간","-"
1412,18,16,"","사용 적성","-"
1413,18,56,"","링크","-"
1414,18,20,"","소환수","-"
1415,18,21,"","버디","-"
1416,18,53,"","적개심","-"
1417,18,54,"","호전적","-"
1418,18,55,"","비호전적","-"
1419,18,59,"","전투불능","-"
1420,18,70,"","전리품","-"
1421,18,72,"","분배","-"
1422,18,71,"","주사위","-"
1423,18,18,"","저항","-"
1424,18,17,"","습득","-"
1425,18,57,"","감지","-"
1426,18,58,"","범위","-"
1427,18,7,"","리미트 브레이크","-"
1428,18,50,"","적","-"
1429,18,51,"","마물","-"
1430,18,52,"","악명 높은 마물","-"
1432,18,81,"","연속 처치 보너스","-"
1433,18,80,"","추가 직업 보너스","-"
1434,18,83,"","레벨 조정","-"
1435,18,8,"","PvP 기술","-"
1436,18,102,"","범위공격","-"
1437,18,104,"","전방 범위공격","-"
1438,18,105,"","후방 범위공격","-"
1439,18,103,"","전체공격","-"
1440,18,300,"","외곽 거점","-"
1441,18,301,"","거주구역 유적","-"
1442,18,302,"","거점","-"
1443,18,303,"","깃발","-"
1444,18,304,"","점령","-"
1445,18,305,"","중립","-"
1446,18,306,"","전술 점수","-"
1447,18,307,"","시장 유적","-"
1448,18,308,"","태양신전","-"
1449,18,19,"","콤보","-"
1450,18,9,"","아드레날린 폭주","-"
1451,18,100,"","단일 공격","-"
1452,18,90,"","쇠뇌","-"
1453,18,309,"","알라그 석탑","-"
1454,18,200,"","발톱 팀","-"
1455,18,201,"","송곳니 팀","-"
1456,18,203,"","메달","-"
1458,18,206,"","위기 시간","-"
1462,18,210,"","아드레날린 단지","-"
1466,18,211,"","아드레날린 용품","-"
1467,18,214,"","보급 상자","-"
1468,18,215,"","처치","-"
1469,18,216,"","졸도","-"
1470,18,217,"","도움","-"
1471,18,101,"","연속공격","-"
1472,18,106,"","돌진공격","-"
1473,18,107,"","밀쳐내기","-"
1474,18,108,"","끌어당기기","-"
1475,18,310,"","얼음탑","-"
1476,18,311,"","정보 점수","-"
1477,18,212,"","늑대심장 상자","-"
1478,18,213,"","늑대심장","-"
1479,18,400,"","중추","-"
1480,18,401,"","마도 필드","-"
1481,18,402,"","탑","-"
1482,18,403,"","격납고","-"
1483,18,404,"","청린수","-"
1484,18,405,"","자원 공급기","-"
1485,18,406,"","증기포","-"
1486,18,407,"","자동인형 바이킹","-"
1487,18,408,"","자동인형 마구스","-"
1488,18,409,"","기공병기","-"
1489,18,410,"","순항추격기","-"
1490,18,411,"","억압자","-"
1491,18,412,"","포악한 심판자","-"
1492,18,4,"","역할 기술","-"
1494,18,202,"","전략적 대화","-"
1496,18,413,"","청린기관차","-"
1497,18,415,"","고블린 탱크","-"
1498,18,416,"","고블린 용병","-"
1499,18,500,"","전략 점수","-"
1500,19,0,"@","【접속 상태】","접속 상태."
1501,19,1,"","접속 중","-"
1502,19,5,"","자리 비움","-"
1503,19,6,"","다른 용무 중","-"
1504,19,8,"","파티 가입 희망","-"
1505,19,9,"","마테리아 장착 대행 중","-"
1506,19,3,"","임무 중","-"
1507,19,2,"","접속 종료","-"
1508,19,4,"","파티 모집 중","-"
1509,19,11,"","초보자","-"
1510,19,13,"","멘토","-"
1511,19,14,"","PvE 멘토","-"
1512,19,15,"","PvP 멘토","-"
1513,19,16,"","제작채집 멘토","-"
1514,19,10,"","역할극 중","-"
1515,19,11,"","복귀자","-"
1516,19,7,"","이벤트 중","-"
1521,18,501,"","순결한 땅","-"
1522,18,502,"","계약","-"
1523,18,600,"","전술 크리스탈","-"
1524,18,601,"","크리스탈 점수","-"
1525,18,602,"","승점","-"
1526,18,603,"","별빛 팀","-"
1527,18,604,"","그림자 팀","-"
1550,20,0,"@","【의사소통】","의사소통."
1551,20,1,"","대화","-"
1552,20,3,"","귓속말","-"
1553,20,2,"","말하기","-"
1554,20,4,"","외치기","-"
1555,20,5,"","떠들기","-"
1556,20,20,"","친구 목록","-"
1557,20,21,"","차단 목록 관리","-"
1558,20,23,"","플레이어 검색","-"
1559,20,24,"","링크셸","-"
1560,20,26,"","모그레터","-"
1564,20,33,"","포럼","-"
1565,20,34,"","순위","-"
1566,20,35,"","총사령부 순위","-"
1567,20,36,"","자유부대 순위","-"
1568,20,6,"","파티","-"
1569,20,7,"","연합 파티","-"
1570,20,8,"","링크셸","-"
1571,20,9,"","자유부대","-"
1572,20,10,"","초보자","-"
1573,20,11,"","PvP팀","PvP팀."
1574,20,12,"","서버 초월 링크셸","-"
1575,20,25,"","서버 초월 링크셸","-"
1576,20,22,"","최근 파티","-"
1600,22,0,"@","【제작 & 채집】","제작 & 채집."
1601,22,1,"","샤드","-"
1602,22,2,"","크리스탈","-"
1603,22,3,"","클러스터","-"
1604,22,20,"","마테리아","-"
1605,22,21,"","마테리아 정제","-"
1606,22,22,"","마테리아 공예","-"
1607,22,30,"","장터","-"
1608,22,31,"","장터 검색","-"
1609,22,10,"","HQ","-"
1610,22,11,"","고유","-"
1611,22,12,"","거래 불가","-"
1612,22,40,"","재료","-"
1613,22,41,"","간이 제작","-"
1614,22,42,"","품질","-"
1615,22,43,"","고품질","-"
1616,22,44,"","최고품질","-"
1617,22,50,"","수리","-"
1618,22,51,"","수리 재료","-"
1619,22,60,"","염색","-"
1620,22,70,"","성목","-"
1621,22,71,"","나무 베기","-"
1622,22,72,"","풀 베기","-"
1623,22,73,"","채굴장","-"
1624,22,74,"","채굴","-"
1625,22,75,"","암석 캐기","-"
1626,22,90,"","낚시","-"
1627,22,23,"","마테리아 장착","-"
1628,22,24,"","금단의 마테리아 장착","-"
1629,22,200,"","재배","-"
1630,22,201,"","육성","-"
1631,22,202,"","수확","-"
1632,22,45,"","비전서","-"
1633,22,100,"","분해","-"
1634,22,91,"","터주 낚시","-"
1635,22,92,"","놓아주기","-"
1636,22,76,"","미지의 채집 장소","-"
1637,22,13,"","소장품","-"
1638,22,101,"","전문 장인","-"
1639,22,102,"","호부","-"
1640,22,103,"","전승록","-"
1642,22,160,"","채집가용 화폐","-"
1647,22,153,"","제작자용 화폐: 황화","-"
1648,22,163,"","채집가용 화폐: 황화","-"
1649,22,154,"","제작자용 화폐: 백화","-"
1650,22,164,"","채집가용 화폐: 백화","-"
1651,22,77,"","간이 채집","-"
1652,22,78,"","제작 연습","-"
1653,22,252,"","창천 거리 진흥권","-"
1654,22,14,"","소장 가치","-"
1655,22,155,"","제작자용 화폐: 자화","-"
1656,22,165,"","채집가용 화폐: 자화","-"
1657,22,93,"","작살질","-"
1658,22,79,"","개척 채집","-"
1659,22,80,"","개척 제작","-"
1660,22,166,"","시엘달레 화폐: 청선화","-"
1661,22,167,"","시엘달레 화폐: 녹도화","-"
1662,22,81,"","채집가 역할 기술","-"
1900,23,0,"@","【야만신과 야만족】","야만신과 야만족."
1901,23,1,"","야만신","-"
1902,23,10,"","이프리트","-"
1903,23,11,"","타이탄","-"
1904,23,12,"","가루다","-"
1905,23,18,"","바하무트","-"
1906,23,13,"","모그루 모그 XII세","-"
1907,23,2,"","야만족","-"
1908,23,101,"","아말쟈","-"
1909,23,102,"","실프","-"
1910,23,103,"","이크살","-"
1911,23,104,"","코볼드","-"
1912,23,105,"","사하긴","-"
1913,23,14,"","리바이어선","-"
1914,23,15,"","라무","-"
1915,23,16,"","시바","-"
1916,23,32,"","알렉산더","-"
1917,23,30,"","라바나","-"
1918,23,31,"","비스마르크","-"
1919,23,110,"","그나스","-"
1920,23,111,"","바누바누","-"
1921,23,106,"","고블린","-"
1922,23,113,"","드래곤","-"
1923,23,33,"","니드호그","-"
1924,23,34,"","세피로트","-"
1925,23,35,"","소피아","-"
1926,23,36,"","주르반","-"
1927,23,112,"","코우진","-"
1928,23,120,"","아난타","-"
1929,23,40,"","스사노오","-"
1930,23,41,"","락슈미","-"
1931,23,42,"","신룡","-"
1932,23,43,"","오메가","-"
1933,23,44,"","백호","-"
1934,23,45,"","츠쿠요미","-"
1935,23,114,"","모그리","-"
1936,23,121,"","나마즈오","-"
1937,23,17,"","피닉스","-"
1938,23,19,"","오딘","-"
1939,23,46,"","주작","-"
1940,23,47,"","청룡","-"
1941,23,48,"","티타니아","-"
1942,23,49,"","이노센스","-"
1943,23,50,"","하데스","-"
1944,23,122,"","드워프","-"
1945,23,123,"","픽시","-"
1946,23,124,"","응 모우","-"
1947,23,125,"","키타리","-"
1948,23,51,"","루비 웨폰","-"
1949,23,52,"","빛의 전사","-"
1950,23,53,"","에메랄드 웨폰","-"
1951,23,54,"","다이아몬드 웨폰","-"
1952,23,126,"","마탕가","-"
1953,23,127,"","아르카소다라","-"
1954,23,128,"","레포릿","-"
1955,23,55,"","조디아크","-"
1956,23,56,"","하이델린","-"
1957,23,129,"","오미크론","-"
1958,23,57,"","바르바리차","-"
2000,24,0,"@","【임무】","임무."
2001,24,100,"","임무","-"
2002,24,1,"","퀘스트","-"
2003,24,2,"","주요 퀘스트","-"
2004,24,3,"","부가 퀘스트","-"
2005,24,4,"","클래스 퀘스트","-"
2006,24,5,"","잡 퀘스트","-"
2007,24,6,"","총사령부 퀘스트","-"
2008,24,101,"","돌발 임무","-"
2009,24,600,"","길드 의뢰","-"
2010,24,601,"","의뢰","-"
2011,24,602,"","용병업","-"
2012,24,603,"","채집업","-"
2013,24,604,"","제작업","-"
2015,24,606,"","총사령부 의뢰","-"
2017,24,608,"","의뢰 협동","-"
2018,24,609,"","의뢰 수주권","-"
2019,24,610,"","의뢰 난이도","-"
2020,24,500,"","길드 작전","-"
2021,24,1000,"","던전","-"
2022,24,2000,"","토벌전","-"
2023,24,2001,"","토벌전","-"
2024,24,2002,"","강습전","-"
2025,24,3000,"","레이드","-"
2026,24,6101,"","투기장","-"
2027,24,1005,"","토토라크 감옥","-"
2028,24,1002,"","탐타라 묘소","-"
2029,24,1003,"","구리종 광산","-"
2030,24,1001,"","사스타샤 침식 동굴","-"
2031,24,1012,"","금빛 골짜기","-"
2032,24,1006,"","하우케타 별궁","-"
2033,24,1004,"","할라탈리 수련장","-"
2034,24,1007,"","브레이플록스의 야영지","-"
2035,24,1008,"","카른의 무너진 사원","-"
2036,24,1013,"","방랑자의 궁전","-"
2037,24,1010,"","돌방패 경계초소","-"
2038,24,1009,"","나무꾼의 비명","-"
2039,24,1011,"","제멜 요새","-"
2040,24,1016,"","옛 암다포르 성","-"
2041,24,1014,"","카스트룸 메리디아눔","-"
2042,24,1015,"","마도성 프라이토리움","-"
2043,24,501,"","집단전 훈련을 완수하라!","-"
2044,24,502,"","방황하는 사령을 쓰러뜨려라!","-"
2045,24,503,"","관문을 돌파하고 최심부에 있는 적을 쓰러뜨려라!","-"
2046,24,504,"","길거북을 사로잡아라!","-"
2047,24,505,"","독성 요괴꽃을 제거하라!","-"
2048,24,506,"","무법자 '나나니단'을 섬멸하라!","-"
2049,24,507,"","몽환의 브라크시오를 쓰러뜨려라!","-"
2050,24,508,"","폭탄마 고블린 군단을 소탕하라!","-"
2051,24,509,"","오염원 몰볼을 쓰러뜨려라!","-"
2052,24,510,"","갱도에 나타난 요마 부소를 쓰러뜨려라!","-"
2053,24,511,"","무적의 부하를 조종하는 요마를 쓰러뜨려라!","-"
2054,24,512,"","봄들을 통솔하는 '봄 여왕'을 쓰러뜨려라!","-"
2055,24,513,"","불길한 진형을 짜는 요마를 섬멸하라!","-"
2056,24,514,"","세 거인족을 제압하여 유물을 지켜내라!","-"
2057,24,2010,"","이프리트 토벌전","-"
2058,24,2015,"","타이탄 토벌전","-"
2059,24,2020,"","가루다 토벌전","-"
2060,24,2011,"","진 이프리트 토벌전","-"
2061,24,2016,"","진 타이탄 토벌전","-"
2062,24,2021,"","진 가루다 토벌전","-"
2063,24,2025,"","리트아틴 강습전","-"
2064,24,3010,"","대미궁 바하무트","-"
2065,24,6100,"","늑대우리","-"
2066,24,2012,"","극 이프리트 토벌전","-"
2067,24,2017,"","극 타이탄 토벌전","-"
2068,24,2022,"","극 가루다 토벌전","-"
2069,24,2030,"","선왕 모그루 모그 12세 토벌전","-"
2070,24,2035,"","알테마 웨폰 파괴작전","-"
2071,24,3501,"","크리스탈 타워","-"
2072,24,3012,"","해후편","-"
2073,24,3502,"","고대인의 미궁","-"
2074,24,300,"","지도 해독","-"
2075,24,301,"","어려움","-"
2076,24,110,"","무작위 임무","-"
2077,24,3013,"","침공편","-"
2078,24,1020,"","시리우스 대등대","-"
2079,24,2031,"","극왕 모그루 모그 XII세 토벌전","-"
2080,24,2040,"","진 리바이어선 토벌전","-"
2081,24,2041,"","극 리바이어선 토벌전","-"
2082,24,2026,"","도름 키마이라 토벌전","-"
2083,24,2027,"","하이드라 토벌전","-"
2084,24,2045,"","길가메시 토벌전","-"
2085,24,6000,"","PvP","-"
2086,24,10,"","우호부족 퀘스트","-"
2087,24,11,"","우호부족 일일 퀘스트","-"
2088,24,12,"","우호부족 이야기 퀘스트","-"
2089,24,20,"","외전 퀘스트","-"
2090,24,104,"","보물찾기","-"
2091,24,21,"","연대기 퀘스트","-"
2092,24,22,"","기간 한정 이벤트","-"
2093,24,1021,"","옛 암다포르 시가지","-"
2094,24,310,"","황도십이문서","-"
2095,24,311,"","천공의 두루마리","-"
2096,24,105,"","마물 사냥","-"
2097,24,106,"","정예 마물","-"
2098,24,2050,"","진 라무 토벌전","-"
2099,24,2051,"","극 라무 토벌전","-"
2100,24,3503,"","시르쿠스 탑","-"
2101,24,3011,"","대미궁 바하무트(영웅)","-"
2102,24,6201,"","카르테노 평원","-"
2103,24,1022,"","난파선의 섬","-"
2104,24,6200,"","전장","-"
2106,24,112,"","숙련자","-"
2108,24,3014,"","진성편","-"
2109,24,2055,"","진 시바 토벌전","-"
2110,24,2056,"","극 시바 토벌전","-"
2111,24,1023,"","얼음외투 대빙벽","-"
2112,24,2060,"","아마지나배 투기대회 결승전","-"
2113,24,23,"","납품 퀘스트","-"
2114,24,2061,"","투신 오딘 토벌전","-"
2115,24,3504,"","어둠의 세계","-"
2117,24,6203,"","외곽 유적지대(제압전)","-"
2119,24,1024,"","묵약의 탑","-"
2120,24,2046,"","진 길가메시 토벌전","-"
2121,24,320,"","아씨엔","-"
2122,24,321,"","보이드","-"
2123,24,1104,"","구브라 환상도서관","-"
2124,24,1106,"","거두지 않는 섬","-"
2125,24,1103,"","이슈가르드 교황청","-"
2126,24,1107,"","무한연속 박물함","-"
2127,24,1100,"","어스름 요새","-"
2128,24,1101,"","솜 알","-"
2129,24,1105,"","마과학 연구소","-"
2130,24,1102,"","용의 둥지","-"
2131,24,2100,"","진 라바나 토벌전","-"
2132,24,2101,"","극 라바나 토벌전","-"
2133,24,2105,"","진 비스마르크 토벌전","-"
2134,24,2106,"","극 비스마르크 토벌전","-"
2135,24,6205,"","봉인된 바위섬(쟁탈전)","-"
2137,24,3050,"","기공성 알렉산더","-"
2138,24,3051,"","기공성 알렉산더(영웅)","-"
2139,24,3052,"","기동편","-"
2140,24,2065,"","아씨엔 나브리알레스 토벌전","-"
2141,24,2066,"","성도 이슈가르드 방어전","-"
2142,24,2110,"","나이츠 오브 라운드 토벌전","-"
2143,24,611,"","신전기사단 의뢰","-"
2144,24,1108,"","성 모샨 식물원","-"
2145,24,3510,"","마하의 그림자","-"
2146,24,3511,"","보이드의 방주","-"
2147,24,102,"","초보자의 집","-"
2148,24,1109,"","거꾸로 선 탑","-"
2149,24,3053,"","율동편","-"
2150,24,2120,"","마신 세피로트 토벌전","-"
2151,24,2121,"","극 마신 세피로트 토벌전","-"
2153,24,6103,"","더 피스트","-"
2154,24,103,"","나무인형 토벌전","-"
2155,24,1110,"","소르 카이","-"
2156,24,3512,"","금기도시 마하","-"
2157,24,4000,"","딥 던전","-"
2158,24,4001,"","망자의 궁전","-"
2159,24,2115,"","니드호그 토벌전","-"
2160,24,2116,"","극 니드호그 토벌전","-"
2161,24,6207,"","영광의 평원(쇄빙전)","-"
2163,24,6001,"","결투","-"
2164,24,1111,"","젤파톨","-"
2165,24,2125,"","여신 소피아 토벌전","-"
2166,24,2126,"","극 여신 소피아 토벌전","-"
2167,24,3054,"","천동편","-"
2168,24,1112,"","바일사르 장성","-"
2169,24,3513,"","둔 스카","-"
2170,24,2130,"","귀신 주르반 토벌전","-"
2171,24,2131,"","극 귀신 주르반 토벌전","-"
2172,24,1201,"","시스이 궁","-"
2173,24,1202,"","바르담 패도","-"
2174,24,1203,"","도마 성","-"
2175,24,1204,"","카스트룸 아바니아","-"
2176,24,2200,"","스사노오 토벌전","-"
2177,24,2201,"","극 스사노오 토벌전","-"
2178,24,2205,"","락슈미 토벌전","-"
2179,24,2206,"","극 락슈미 토벌전","-"
2180,24,2210,"","신룡 토벌전","-"
2181,24,3100,"","차원의 틈 오메가","-"
2182,24,3101,"","차원의 틈 오메가(영웅)","-"
2183,24,3102,"","델타편","-"
2184,24,1207,"","성도산 사원","-"
2185,24,1208,"","스칼라 유적","-"
2186,24,2211,"","극 신룡 토벌전","-"
2187,24,3500,"","연합 레이드","-"
2188,24,3520,"","이발리스로의 귀환","-"
2189,24,3521,"","왕도 라바나스터","-"
2190,24,3400,"","절 바하무트 토벌전","-"
2191,24,6300,"","경쟁의 날개","-"
2192,24,6301,"","아스트라갈로스(기공전)","-"
2193,24,1209,"","지옥뚜껑","-"
2194,24,2215,"","백호 토벌전","-"
2195,24,2216,"","극 백호 토벌전","-"
2196,24,3103,"","시그마편","-"
2197,24,4050,"","금단의 땅 에우레카","-"
2198,24,4051,"","아네모스편","-"
2200,49,0,"Mount[1-1,4-6,8-9,15-15,18-22,25-38,40-50,52-56,58-59,62-62,65-65,67-78,80-84,86-87,90-102,104-106,108-116,121-127,130-130,133-133,135-136,138-146,148-148,150-154,156-156,158-164,166-168,170-195,197-197,200-209,211-220,222-226,228-243,245-250,252-257,261-269,273-274,277-277,279-281,284-288,291-294,298-298,299-299,303-306,308-308,311-317]","【탈것】","탈것."
2201,50,0,"ClassJob[1-40]","【클래스와 잡】","클래스와 잡."
2202,51,0,"PlaceName[20-37,39-59,61-65,94-94,107-107,112-112,123-123,125-125,128-129,140-140,154-154,184-184,206-206,216-216,218-218,223-223,230-230,237-237,239-239,260-260,271-271,290-290,300-300,313-313,323-323,325-325,331-331,337-337,350-350,357-361,386-386,388-388,392-392,401-401,404-404,406-406,411-411,418-418,425-427,430-430,457-457,464-468,478-478,493-493,496-498,548-548,617-617,694-695,733-733,1301-1304,1334-1334,1363-1363,1374-1374,1377-1377,1390-1390,1399-1399,1406-1409,1431-1431,1484-1484,1500-1500,1628-1628,1633-1633,1638-1638,1645-1645,1647-1647,1664-1665,1708-1708,1714-1714,1723-1723,1731-1731,1740-1740,1742-1742,1759-1759,1792-1793,1799-1802,1805-1805,1807-1807,1809-1809,1835-1835,1841-1841,1847-1847,1853-1853,1857-1857,1868-1868,1884-1884,2000-2002,2018-2018,2025-2025,2031-2031,2034-2034,2038-2038,2042-2042,2046-2046,2050-2050,2081-2082,2088-2088,2090-2090,2099-2101,2116-2116,2123-2123,2130-2131,2147-2148,2151-2151,2178-2178,2181-2181,2200-2200,2204-2204,2214-2214,2256-2256,2265-2266,2295-2295,2297-2301,2310-2310,2327-2327,2340-2340,2354-2354,2357-2360,2367-2367,2372-2372,2383-2383,2400-2404,2406-2414,2448-2450,2462-2462,2483-2483,2485-2485,2496-2496,2499-2499,2510-2510,2529-2530,2545-2545,2549-2549,2586-2586,2589-2589,2613-2613,2634-2634,2646-2646,2660-2660,2665-2665,2670-2670,2691-2691,2693-2693,2707-2708,2715-2715,2717-2720,2725-2725,2727-2727,2736-2736,2762-2762,2769-2769,2773-2773,2775-2775,2779-2779,2793-2793,2801-2801,2805-2805,2810-2810,2813-2814,2822-2822,2833-2833,2850-2851,2864-2864,2936-2936,2950-2958,2979-2979,2982-2982,2985-2985,2997-2997,3007-3007,3017-3018,3044-3044,3050-3050,3057-3057,3075-3075,3094-3094,3105-3105,3122-3122,3129-3129,3135-3135,3139-3139,3147-3147,3156-3157,3170-3170,3179-3179,3195-3195,3205-3205,3214-3220,3222-3222,3229-3229,3378-3378,3385-3385,3425-3425,3435-3435,3442-3442,3467-3469,3477-3477,3486-3487,3492-3492,3511-3511,3534-3534,3568-3568,3581-3581,3590-3590,3595-3597,3620-3620,3635-3635,3644-3644,3647-3647,3662-3663,3684-3686,3700-3713,3736-3736,3759-3759,3769-3770,3783-3783,3797-3798,3818-3818,3833-3833,3850-3850,3852-3852,3880-3880,3886-3886,3894-3894,3903-3903,3915-3915,3926-3926,3928-3929,3938-3938,3949-3949,3966-3966,3973-3973,3978-3978,3983-3983,4015-4015,4042-4043,4090-4093,4098-4098,4100-4100,4111-4111,4118-4118,4135-4135,4139-4139,4146-4146,4154-4154,4167-4167,4180-4180,4196-4199,4227-4227,4249-4250,4258-4258,4270-4270,4287-4287,4289-4289]","【지명】","지명."
2203,52,0,"Race","【민족】","민족."
2204,53,0,"Tribe","【부족】","부족."
2205,54,0,"GuardianDeity[1-12]","【수호신】","수호신."
2206,55,0,"GeneralAction[1-10,12-22,24-27]","【일반 기술】","일반 기술."
2207,56,0,"Action[9-9,15-17,20-22,23-24,27-31,37-38,40-46,48-49,51-54,56-56,61-62,65-66,69-70,74-75,78-78,83-88,90-90,92-92,94-98,100-101,106-107,110-110,112-114,116-121,124-125,127-127,131-133,135-137,139-142,144-144,147-147,149-149,152-159,162-163,166-167,172-173,181-181,185-186,188-190,197-208,210-211,215-215,218-218,220-222,224-224,227-228,232-232,235-235,237-241,260-260,268-269,272-273,280-280,288-291,294-297,299-300,303-303,802-803,805-805,2135-2135,2240-2242,2245-2248,2254-2255,2258-2272,2864-2864,2866-2866,2868-2868,2870-2870,2872-2874,2876-2876,2878-2878,2887-2887,2890-2890,3538-3543,3545-3547,3549-3552,3554-3563,3566-3566,3568-3571,3573-3574,3576-3579,3581-3587,3590-3590,3593-3596,3598-3601,3603-3603,3606-3606,3608-3608,3610-3610,3612-3615,3617-3617,3621-3621,3623-3625,3629-3629,3632-3632,3634-3634,3636-3636,3638-3641,3643-3643,4072-4073,4081-4081,4086-4087,4095-4095,4100-4100,4102-4106,4179-4179,4238-4248,4262-4262,4401-4406,4574-4574,4589-4589,4595-4596,4631-4631,4639-4639,7381-7416,7418-7422,7426-7445,7447-7447,7449-7449,7477-7493,7495-7499,7503-7507,7509-7521,7523-7531,7533-7533,7535-7535,7537-7538,7540-7542,7546-7546,7548-7549,7551-7551,7553-7554,7557-7557,7559-7562,7568-7568,7571-7571,7632-7632,7861-7863,7867-7867,7869-7869,7903-7906,7909-7911,8324-8324,9629-9629,15989-16015,16137-16165,16191-16196,16457-16489,16491-16507,16510-16511,16514-16519,16524-16536,16539-16543,16545-16546,16548-16548,16550-16557,16559-16560,16578-16578,16766-16766,16889-16889,17055-17055,17105-17106,17206-17206,17209-17209,17215-17216,17864-17865,18073-18073,19004-19004,19012-19012,19264-19264,19297-19297,21177-21178,21203-21205,22182-22185,24283-24318,24373-24405,24858-24859,25589-25590,25746-25755,25757-25774,25776-25840,25843-25851,25855-25862,25865-25868,25870-25876,25880-25880,25882-25885,26521-26521,26804-26806,26870-26872,27523-27523,29729-29734,32065-32068]","【기술】","기술."
2208,57,0,"CraftAction[100001-100004,100010-100010,100128-100128,100177-100177,100203-100203,100227-100227,100235-100235,100243-100243,100283-100283,100299-100299,100315-100315,100323-100323,100339-100339,100355-100355,100363-100363,100371-100371,100379-100379,100387-100387,100395-100395,100403-100403,100411-100411,100419-100419,100427-100427,100435-100435]","【제작 기술】","제작 기술."
2209,58,0,"BuddyAction","【버디 기술】","버디 기술."
2210,59,0,"PetAction[1-6]","【소환수 기술】","소환수 기술."
2211,60,0,"Weather[col-1,1-20,22-23,25-25,29-29,35-36,40-40,44-44,49-51,53-54,60-60,66-66,69-69,71-71,74-74,77-77,80-80,82-82,84-84,87-87,92-92,95-95,97-97,101-102,109-113,116-116,118-118,120-120,122-122,125-125,133-138,144-145,147-149,151-151,156-157,160-162,171-171]","【날씨】","날씨."
2212,61,0,"MainCommand[col-<Value>5</Value>,1-36,41-42,44-44,56-62,64-70,72-82,84-99]","【주 메뉴】","주 메뉴."
2213,62,0,"TextCommand[col-<Value>8</Value>,col-<Value>5</Value>,1-31,33-211,213-271,273-275,277-321,323-455,459-634,636-643,646-649,652-653]","【텍스트 명령어】","텍스트 명령어."
2214,63,0,"Action[29054-29061,29064-29067,29069-29076,29078-29088,29091-29095,29097-29110,29123-29126,29128-29130,29223-29240,29242-29245,29249-29250,29253-29264,29266-29266,29371-29371,29391-29396,29399-29409,29412-29423,29428-29432,29469-29469,29472-29497,29499-29515,29523-29533,29535-29554,29559-29559,29566-29566,29649-29651,29653-29655,29657-29657,29659-29691,29695-29695,29697-29700,29702-29704,29707-29707,29711-29711,29736-29737,29783-29784]","【PvP 기술】","PvP 기술."
2215,64,0,"Pet[<Value>0</Value>,1-2,6-8,10-10,14-15,17-19,23-24,27-32]","【소환수】","소환수."
2216,65,0,"Companion[noun,1-67,71-152,154-222,224-453,455-460,462-475,477-477]","【꼬마 친구】","꼬마 친구."
2217,66,0,"PetMirage[col-<Value>2</Value>]","【에기 외형】","에기 외형."
2218,67,0,"ActionComboRoute[50-59]","【PvP 콤보】","PvP 콤보."
2219,68,0,"Action[12958-13007,14476-14481]","【로고스 기술】","로고스 기술."
2220,69,0,"Action[11383-11431,18295-18325,23264-23267,23269-23273,23275-23288,23290-23290]","【청마법】","청마법."
2221,70,0,"Action[20701-20770,22344-22356,23907-23922]","【로스트 기술】","로스트 기술."
2900,28,0,"@","【직업 HUD】","직업 HUD."
2901,28,1,"","나이트 - 충의","-"
2902,28,2,"","충의","-"
2904,28,11,"","투기","-"
2905,28,20,"","전사 - 원초","-"
2906,28,21,"","원초","-"
2907,28,30,"","용기사 - 용혈","-"
2908,28,31,"","용의 눈","-"
2909,28,40,"","음유시인 - 노래와 시상","-"
2910,28,41,"","시상","-"
2911,28,50,"","백마도사 - 치유의 백합","-"
2912,28,51,"","치유의 백합","-"
2913,28,60,"","흑마도사 - 극성과 언어","-"
2914,28,61,"","얼어붙은 마음","-"
2915,28,70,"","비술사 - 에테르 순환","-"
2916,28,72,"","바하무트 에테르","-"
2917,28,71,"","소환사 - 빙의","-"
2919,28,80,"","학자 - 요정 에테르","-"
2920,28,81,"","요정 에테르","-"
2921,28,90,"","닌자 - 풍둔술","-"
2922,28,91,"","닌자 - 인법","-"
2923,28,92,"","인법","-"
2926,28,102,"","열기","-"
2927,28,103,"","과열","-"
2928,28,110,"","암흑기사 - 흑혈","-"
2930,28,120,"","점성술사 - 아르카나","-"
2931,28,130,"","사무라이 - 설월화","-"
2932,28,131,"","섬","-"
2933,28,132,"","사무라이 - 검기","-"
2934,28,133,"","검기","-"
2935,28,140,"","적마도사 - 마나의 균형","-"
2936,28,141,"","백마나","-"
2937,28,142,"","흑마나","-"
2938,28,111,"","암흑","-"
2939,28,52,"","피의 백합","-"
2940,28,100,"","기공사 - 열기와 충전지","-"
2941,28,101,"","충전지","-"
2942,28,150,"","건브레이커 - 소일의 마력","-"
2943,28,160,"","무도가 - 무도 순서","-"
2944,28,161,"","환상부채","-"
2946,28,134,"","검압","-"
2947,28,1000,"","리퍼 - 영혼과 수의","-"
2948,28,1003,"","리퍼 - 레무르","-"
2949,28,1010,"","현자 - 정상건강","-"
2950,28,1011,"","현자 - 의술석","-"
2951,28,13,"","필살기","-"
2952,28,143,"","마나 중첩","-"
2953,28,162,"","에스프리","-"
2954,28,44,"","종결부","-"
2955,28,42,"","영혼의 소리 게이지","-"
2956,28,63,"","역설","-"
2957,28,1012,"","의술석","-"
2958,28,1023,"","의술침","-"
2959,28,112,"","어둠의 기교","-"
2960,28,62,"","언어 통달","-"
2961,28,135,"","검압","-"
2962,28,122,"","점성 징조","-"
2963,28,14,"","차크라","-"
2964,28,12,"","투기","-"
2965,28,1002,"","수의","-"
2966,28,1001,"","수의 게이지","-"
2967,28,163,"","에스프리","-"
2968,28,1004,"","보이드 영혼","-"
2969,28,1005,"","레무르 영혼","-"
2970,28,43,"","영혼의 소리","-"
3000,25,0,"@","【골드 소서】","골드 소서."
3001,25,200,"","초코보 경주","-"
3002,25,201,"","경주 초코보","-"
3003,25,202,"","신입 초코보","-"
3004,25,203,"","은퇴 초코보","-"
3005,25,204,"","교배","-"
3006,25,205,"","체급","-"
3007,25,206,"","혈통 레벨","-"
3008,25,210,"","무작위 코스","-"
3009,25,211,"","사골리 사막","-"
3010,25,213,"","고요한 야영지","-"
3011,25,300,"","트리플 트라이어드","-"
3012,25,301,"","카드","-"
3013,25,302,"","카드 유형","-"
3014,25,303,"","희귀도","-"
3015,25,304,"","대결","-"
3016,25,305,"","대회","-"
3017,25,306,"","토너먼트","-"
3018,25,307,"","승점","-"
3019,25,308,"","특수 규칙","-"
3020,25,309,"","유행 규칙","-"
3021,25,310,"","대결 규칙","-"
3022,25,311,"","대회 규칙","-"
3023,25,312,"","모두 공개","-"
3024,25,313,"","3장 공개","-"
3025,25,314,"","동수","-"
3026,25,315,"","연장전","-"
3027,25,316,"","합산","-"
3028,25,317,"","무작위 패","-"
3029,25,318,"","순서대로","-"
3030,25,319,"","무작위 순서","-"
3031,25,320,"","역전","-"
3032,25,321,"","에이스 약화","-"
3033,25,322,"","유형 강화","-"
3034,25,323,"","유형 약화","-"
3035,25,324,"","카드 교환","-"
3036,25,325,"","무작위 규칙","-"
3037,25,327,"","덱","-"
3038,25,328,"","원하는 규칙","-"
3039,25,1,"","돌발 게임","-"
3040,25,100,"","복권","-"
3041,25,101,"","주간 복권","-"
3042,25,102,"","일일 복권","-"
3043,25,103,"","당첨번호","-"
3044,25,400,"","꼬마 친구 공방전","-"
3045,25,401,"","파괴 특화","-"
3046,25,402,"","비전석","-"
3047,25,403,"","소환진","-"
3048,25,404,"","방어막 ","-"
3049,25,405,"","탐색의 눈","-"
3050,25,410,"","동물","-"
3051,25,411,"","인형","-"
3052,25,413,"","기계","-"
3053,25,406,"","특수기","-"
3054,25,407,"","함정","-"
3055,25,2,"","버텨라! 콧바람 폭풍","-"
3056,25,3,"","구해라! 꼬마 친구 구조대","-"
3060,25,212,"","코스타 델 솔","-"
3061,25,412,"","마물","-"
3062,25,7,"","뛰어라! 점핑 운동회","-"
3063,25,8,"","출격! 에어포스 조종사","-"
3064,25,500,"","작패유희","-"
3065,25,9,"","피해라! 참마 삼매경","-"
3300,26,0,"@","【상태 이상】","상태 이상"
3301,26,2,"","마비","-"
3302,26,3,"","침묵","-"
3303,26,4,"","기절","-"
3304,26,5,"","수면","-"
3305,26,6,"","과중력","-"
3306,26,7,"","석화","-"
3307,26,8,"","매료","-"
3308,26,9,"","흡수","-"
3309,26,10,"","구속","-"
3310,26,11,"","변신","-"
3311,26,1,"","독","-"
3313,25,326,"","카드 선발","-"
3314,25,329,"","공식 토너먼트","-"
3500,8,101,"","","동그라미"
3501,8,102,"","","가위표"
3502,8,103,"","","세모"
3503,8,104,"","","네모"
3504,8,1000,"","안쪽","-"
3505,8,1001,"","바깥쪽","-"
3506,8,1002,"","시계방향","-"
3507,8,1003,"","반시계방향","-"
3508,8,1004,"","공격 태세","-"
3509,8,1005,"","방어 태세","-"
3510,8,1050,"","장판","-"
3511,8,1051,"","시선","-"
3512,8,1052,"","원형","-"
3513,8,1053,"","부채꼴","-"
3514,8,1054,"","대각선","-"
3515,8,1055,"","직선","-"
3516,8,1056,"","도넛형","-"
3517,8,1057,"","선","-"
3518,8,1058,"","구체","-"
3519,8,1059,"","지면","-"
3520,8,1060,"","벽","-"
3521,8,1061,"","기둥","-"
3522,8,1062,"","바위","-"
3523,8,1063,"","불","-"
3524,8,1064,"","물","-"
3525,8,1065,"","얼음","-"
3526,8,105,"","","십자."
3527,8,1066,"","폭발","-"
3528,8,1067,"","동시","-"
3529,8,1068,"","교대로","-"
3531,8,1070,"","합체","-"
3535,8,1074,"","집합","-"
3536,8,1075,"","산개","-"
3540,8,1076,"","나눠 맞기","-"
3541,8,1077,"","반사 피해","-"
3542,8,1078,"","지속 피해","-"
3543,8,1079,"","모드 전환","-"
3544,8,1080,"","페이즈","-"
3545,8,1081,"","강화 중첩","-"
3546,8,1082,"","약화 중첩","-"
3547,8,1083,"","무작위 대상","-"
3600,27,0,"@","【딥 던전】","-"
3601,27,1,"","전송 석탑","-"
3602,27,2,"","부활 석탑","-"
3603,27,100,"","마토기: 함정 해제","-"
3604,27,101,"","마토기: 사이트로","-"
3605,27,102,"","마토기: 자기 강화","-"
3606,27,103,"","마토기: 방어 강화","-"
3607,27,104,"","마토기: 보물상자 증가","-"
3608,27,105,"","마토기: 적 감소","-"
3609,27,106,"","마토기: 적 대체","-"
3610,27,107,"","마토기: 저주 해제","-"
3611,27,108,"","마토기: 운 상승","-"
3612,27,109,"","마토기: 적 변형","-"
3613,27,110,"","마토기: 마법 효과 해제","-"
3614,27,111,"","마토기: 만티코어 변신","-"
3615,27,112,"","마토기: 서큐버스 변신","-"
3616,27,113,"","마토기: 보물 탐지","-"
3617,27,114,"","마토기: 리레이즈","-"
3618,27,115,"","마토기: 쿠리부 변신","-"
3619,27,116,"","마토기: 적 약화","-"
3620,27,117,"","마토기: 배니시","-"
3621,27,118,"","마토기: 적 석화","-"
3622,27,200,"","이프리트 마석","-"
3623,27,201,"","타이탄 마석","-"
3624,27,202,"","가루다 마석","-"
3625,27,203,"","오딘 마석","-"
3626,27,3,"","전송 등불","-"
3627,27,4,"","부활 등불","-"
4000,17,430,"","마정반","-"
4001,17,431,"","마정석 배열기","-"
4002,17,432,"","마정석","-"
4003,17,433,"","속성치","-"
4004,17,434,"","엘리멘탈레벨","-"
4005,17,435,"","로고스 샤드","-"
4007,17,437,"","로고스 융합기","-"
4008,17,438,"","로고스 기술","-"
4009,17,439,"","에우레카 웨폰","-"
4011,17,55,"","친선 경기","-"
4012,17,106,"","MGP","-"
4013,17,107,"","집사 급료","-"
4014,17,355,"","단골 거래","-"
4017,17,357,"","이슈가르드 부흥","-"
4019,17,360,"","먼바다 낚시","-"
4020,17,359,"","하늘강철 도구","-"
4021,17,361,"","총당님의 환상반","-"
4022,17,445,"","로스트 기술","-"
4023,17,444,"","로스트 휴대함","-"
4024,17,443,"","로스트 보관함","-"
4025,17,442,"","로스트 샤드","-"
4026,17,440,"","전과","-"
4027,17,441,"","레지스탕스 랭크","-"
4028,17,74,"","자유 탐색","-"
4030,17,446,"","보즈야 클러스터","-"
4031,17,203,"","패션 소품","-"
4032,17,448,"","레지스탕스 웨폰","-"
4033,17,447,"","보즈야 임무 찾기","-"
4034,17,358,"","창천 운동회","-"
4035,17,167,"","알라그 석판: 경전","-"
4036,17,168,"","알라그 석판: 천문","-"
4037,17,362,"","추억의 견문록","-"
4038,17,108,"","트로피 크리스탈","-"
4039,17,363,"","초상화","-"
4040,17,364,"","모험가 카드","-"
4041,17,365,"","무인도 개척","-"
4042,17,169,"","알라그 석판: 인과","-"
4043,17,449,"","맨더빌 웨폰","-"
5000,24,3001,"","일반 레이드","-"
5001,24,6002,"","일일 도전","-"
5002,24,1210,"","강엔 종묘","-"
5003,24,3522,"","대등대 리도르아나","-"
5004,24,2220,"","츠쿠요미 토벌전","-"
5005,24,2221,"","극 츠쿠요미 토벌전","-"
5006,24,3401,"","절 알테마 웨폰 파괴작전","-"
5007,24,4002,"","천궁탑","-"
5008,24,2225,"","리오레우스 수렵전","-"
5009,24,2226,"","극 리오레우스 수렵전","-"
5010,24,4052,"","파고스편","-"
5011,24,1200,"","세이렌 해","-"
5012,24,1205,"","알라미고","-"
5013,24,2111,"","극 나이츠 오브 라운드 토벌전","-"
5014,24,1211,"","영구 초토지대","-"
5015,24,2227,"","주작 토벌전","-"
5016,24,2228,"","극 주작 토벌전","-"
5017,24,3104,"","알파편","-"
5018,24,4053,"","피로스편","-"
5019,24,1206,"","쿠가네 성","-"
5020,24,4049,"","디아뎀 제도","-"
5021,24,1212,"","김리트 황야","-"
5022,24,2229,"","청룡 토벌전","-"
5023,24,2230,"","극 청룡 토벌전","-"
5024,24,3523,"","오본느 수도원","-"
5025,24,4054,"","히다토스편","-"
5026,24,6302,"","숨겨진 보루(기공전)","-"
5027,24,1213,"","홀민스터","-"
5028,24,1214,"","도느 메그","-"
5029,24,1215,"","키타나 신굴","-"
5030,24,1216,"","말리카 큰우물","-"
5031,24,1217,"","굴그 화산","-"
5032,24,1218,"","아모로트","-"
5033,24,1219,"","쌍둥이 시르쿠스","-"
5034,24,1220,"","애나이더 아카데미아","-"
5035,24,2232,"","티타니아 토벌전","-"
5036,24,2233,"","극 티타니아 토벌전","-"
5037,24,2234,"","이노센스 토벌전","-"
5038,24,2235,"","극 이노센스 토벌전","-"
5039,24,2236,"","하데스 토벌전","-"
5040,24,3105,"","희망의 낙원 에덴","-"
5041,24,3106,"","희망의 낙원 에덴(영웅)","-"
5042,24,3107,"","각성편","-"
5043,24,2231,"","진 요우진보 토벌전","-"
5044,24,4055,"","발데시온 무기고","-"
5045,24,1221,"","그랑 코스모스","-"
5046,24,2237,"","극 하데스 토벌전","-"
5047,24,3402,"","절 알렉산더 토벌전","-"
5048,24,3530,"","복제된 공장 폐허","-"
5049,24,6209,"","온살 하카이르(계절끝 합전)","-"
5050,24,1222,"","애니드라스 아남네시스","-"
5051,24,3108,"","공명편","-"
5052,24,2238,"","루비 웨폰 파괴작전","-"
5053,24,2239,"","극 루비 웨폰 파괴작전","-"
5054,24,2240,"","극 보즈야 추억전","-"
5055,24,4057,"","남부 보즈야 전선","-"
5056,24,1223,"","노르브란트","-"
5057,24,2241,"","빛의 전사 토벌전","-"
5058,24,2242,"","극 빛의 전사 토벌전","-"
5059,24,3531,"","인형들의 군사 기지","-"
5061,24,4058,"","돌발 교전","-"
5062,24,4059,"","비상 교전","-"
5063,24,4056,"","세이브 더 퀸","-"
5064,24,1224,"","마토야의 공방","-"
5065,24,3109,"","재생편","-"
5066,24,2244,"","에메랄드 웨폰 파괴작전","-"
5067,24,2245,"","극 에메랄드 웨폰 파괴작전","-"
5068,24,4061,"","군힐드 사원","-"
5070,24,4060,"","카스트룸 라쿠스리토레 공성전","-"
5071,24,1225,"","파글단","-"
5072,24,2247,"","다이아몬드 웨폰 포획작전","-"
5073,24,2248,"","극 다이아몬드 웨폰 포획작전","-"
5074,24,3532,"","희망의 포대: '탑'","-"
5076,24,4062,"","자트노르 고원","-"
5077,24,4063,"","기함 달리아다 공략전","-"
5078,24,1226,"","조트 탑","-"
5079,24,1227,"","바브일 탑","-"
5080,24,1228,"","바나스파티","-"
5081,24,1229,"","휘페르보레아 조물원","-"
5082,24,1230,"","아이티온 별현미경","-"
5083,24,1231,"","잔해별","-"
5084,24,1232,"","스마일턴","-"
5085,24,1233,"","스티그마-4","-"
5086,24,2250,"","조디아크 토벌전","-"
5087,24,2251,"","극 조디아크 토벌전","-"
5088,24,2252,"","하이델린 토벌전","-"
5089,24,2253,"","극 하이델린 토벌전","-"
5090,24,2254,"","종언의 결전","-"
5091,24,3110,"","마의 전당 판데모니움","-"
5092,24,3111,"","마의 전당 판데모니움(영웅)","-"
5093,24,3112,"","변옥편","-"
5094,24,1234,"","알자달 해저 유적","-"
5095,24,2255,"","종극의 결전","-"
5097,24,3533,"","찬란한 신역 아글라이아","-"
5098,24,3403,"","절 용시전쟁","-"
5099,24,6303,"","크리스탈라인 컨플릭트","-"
5100,24,6304,"","팔라이스트라","-"
5101,24,6305,"","화산심장","-"
5102,24,6306,"","절정의 구름","-"
5103,24,2257,"","바르바리차 토벌전","-"
5104,24,2258,"","극 바르바리차 토벌전","-"
5106,24,3113,"","연옥편","-"
5107,24,1235,"","트로이아 궁정","-"
5108,24,4100,"","변형 던전","-"
5109,24,4101,"","파생 던전","-"
5110,24,4102,"","실디하 지하수도","-"
5111,24,4103,"","번외 실디하 지하수도","-"
5112,24,4104,"","번외 실디하 지하수도(영웅)","-"
5113,24,1236,"","라피스 마날리스","-"
5115,24,3404,"","절 오메가 검증전","-"
5116,24,3534,"","환희의 신역 에우프로시네","-"
5119,24,2262,"","환 여신 소피아 토벌전","-"
5120,24,6307,"","동방 꼭두각시 어전","-"
