key,0,1,2,3,4,5,6,7,8,9,10,11,12,13,14,15,16,17,18,19,20,21,22,23,24,25,26,27
#,,,,,,,,,,,,,,,,,,,,,,,,,,,,
int32,byte,byte,bit&01,uint16,byte,uint16,bit&02,uint16,uint16,uint16,uint16,uint16,uint16,uint16,uint16,uint16,uint16,str,str,str,str,str,str,str,str,str,str,str
0,0,0,False,0,0,0,False,0,0,0,0,0,0,0,0,0,0,"","","","","","","","","","",""
1,0,0,False,0,0,0,False,0,0,0,0,0,0,0,0,0,0,"","","","","","","","","","",""
2,0,0,False,0,0,0,False,0,0,0,0,0,0,0,0,0,0,"","","","","","","","","","",""
3,0,0,False,0,0,0,False,0,0,0,0,0,0,0,0,0,0,"","","","","","","","","","",""
4,0,0,False,0,0,0,False,0,0,0,0,0,0,0,0,0,0,"","","","","","","","","","",""
5,0,0,False,0,0,0,False,0,0,0,0,0,0,0,0,0,0,"","","","","","","","","","",""
6,0,0,False,0,0,0,False,0,0,0,0,0,0,0,0,0,0,"","","","","","","","","","",""
7,0,0,False,0,0,0,False,0,0,0,0,0,0,0,0,0,0,"","","","","","","","","","",""
8,0,0,False,0,0,0,False,0,0,0,0,0,0,0,0,0,0,"","","","","","","","","","",""
9,0,0,False,0,0,0,False,0,0,0,0,0,0,0,0,0,0,"","","","","","","","","","",""
10,0,0,False,0,0,0,False,0,0,0,0,0,0,0,0,0,0,"","","","","","","","","","",""
11,0,0,False,0,0,0,False,0,0,0,0,0,0,0,0,0,0,"","","","","","","","","","",""
12,0,0,False,0,0,0,False,0,0,0,0,0,0,0,0,0,0,"","","","","","","","","","",""
13,0,0,False,0,0,0,False,0,0,0,0,0,0,0,0,0,0,"","","","","","","","","","",""
14,0,0,False,0,0,0,False,0,0,0,0,0,0,0,0,0,0,"","","","","","","","","","",""
15,3,0,False,0,0,0,False,0,0,0,0,0,0,0,0,0,0,"必要MGP：<Format(IntegerParameter(1),FF022C)/>MGP","やる","やる(無料券)","キャンセル","","","","","","",""
16,2,0,False,0,2,764,False,0,0,0,0,0,0,0,0,0,0,"도전하려면 <Value>IntegerParameter(1)</Value> MGP가 필요합니다.
계속하시겠습니까?
[소지 MGP: <Format(IntegerParameter(2),FF022C)/>]","예","아니요","","","","","","","",""
17,1,0,False,44,2,0,False,0,0,0,0,0,0,0,0,0,0,"MGP가 부족하신 모양이군요…….
먼저 'MGP 교환원'을 찾아가 보시는 게 좋겠네요.","","","","","","","","","",""
18,1,0,False,45,2,0,False,0,0,0,0,0,0,0,0,0,0,"앗, 손님께선 조금 전에도 도전하지 않으셨나요……?
'일일 복권'을 사랑해주셔서 영광입니다만,
한 분당 하루에 3번까지만 도전하실 수 있습니다…….","","","","","","","","","",""
19,1,0,False,16,2,764,False,0,0,0,0,0,0,0,0,0,0,"제<Value>IntegerParameter(3)</Value>회 '일일 복권'이 진행되고 있습니다!
손님도 한번 오늘의 행운을 확인해보세요!","","","","","","","","","",""
20,1,0,False,21,2,764,False,0,0,0,0,0,0,0,0,0,0,"앗, 잠깐만요. 큰일 났어요!
길 잃은 병아리 초코보를 발견했는데
심술궂은 고블린족이 방해를 해서 다가갈 수가 없어요.","","","","","","","","","",""
21,1,0,False,158,2,0,False,0,0,0,0,0,0,0,0,0,0,"쏟아지는 폭탄 때문에 저는 도저히…….
당신이 '코렐 산' 정상까지 올라가서
저 아이를 구해주세요!","","","","","","","","","",""
22,1,0,False,23,2,764,False,0,0,0,0,0,0,0,0,0,0,"용감하게 도전했다 떨어지는 모습…… 정말 감동적이에요!
하지만 병아리 초코보는 아직 산꼭대기에서 떨고 있어요…….
저 아이를 꼭 구해주세요!","","","","","","","","","",""
23,2,0,False,0,2,764,False,0,0,0,0,0,0,0,0,0,0,"다시 한 번 도전하시겠습니까?","예","아니요","","","","","","","",""
24,1,0,False,0,2,764,False,0,0,0,0,0,0,0,0,0,0,"병아리 초코보를 구해주셔서 고맙습니다!
그런데 만약 저 아이가 또 길을 잃으면……
그때도 물론 도와주실 거죠?","","","","","","","","","",""
25,1,0,False,140,2,0,False,0,0,0,0,0,0,0,0,0,0,"어려운 부탁을 드려 죄송하지만, 이 '값비싼 항아리'를
놈들의 눈을 피해 운반해주세요.
부서지기 쉬운 물건이니 조~심조심 가셔야 합니다!","","","","","","","","","",""
26,1,0,False,143,2,0,False,0,0,0,0,0,0,0,0,0,0,"어려운 부탁을 드려 죄송하지만, 이 '값비싼 항아리'를
놈들의 눈을 피해 운반해주세요.
부서지기 쉬운 물건이니 조~심조심 가셔야 합니다!","","","","","","","","","",""
27,1,0,False,28,2,764,False,0,0,0,0,0,0,0,0,0,0,"<If(PlayerParameter(4))>언니<Else/>오빠</If>, 큰일 났어요!
길 잃은 병아리 초코보를 발견했는데
나쁜 고블린족이 방해해서 못 구해주겠어요!","","","","","","","","","",""
28,1,0,False,159,2,0,False,0,0,0,0,0,0,0,0,0,0,"쏟아지는 폭탄 때문에 도저히 못 갈 것 같아요.
'자보텐더' 꼭대기까지 올라가서
저 아이를 구해주세요!","","","","","","","","","",""
29,1,0,False,30,2,764,False,0,0,0,0,0,0,0,0,0,0,"<If(PlayerParameter(4))>언니<Else/>오빠</If>가 열심히 올라가는 거 보고 있었어요!
하지만 병아리 초코보가 아직 못 내려와서……
부탁해요. 조금만 더 힘내주세요!","","","","","","","","","",""
30,2,0,False,0,2,764,False,0,0,0,0,0,0,0,0,0,0,"다시 한 번 도전하시겠습니까?","예","아니요","","","","","","","",""
31,1,0,False,0,2,764,False,0,0,0,0,0,0,0,0,0,0,"병아리 초코보를 구해줘서 고맙습니다!
그런데 만약 저 아이가 또 길을 잃으면……
그때도 <If(PlayerParameter(4))>언니<Else/>오빠</If>가 도와줬으면 좋겠어요!","","","","","","","","","",""
32,1,0,False,0,2,764,False,0,0,0,0,0,0,0,0,0,0,"저런, 소지품이 꽉 찬 모양이군요…….
경품을 받기 전에 물건을 정리하시는 게 좋겠네요.","","","","","","","","","",""
33,1,0,True,100,2,764,False,0,0,0,0,0,0,0,0,0,0,"교환 가능한 복권을 가지고 계시네요.
그럼 추첨결과를 발표하겠습니다!","","","","","","","","","",""
34,1,0,False,35,2,764,False,0,0,0,0,0,0,0,0,0,0,"……어머, 당신 소질 있어 보이네.
혹시 여기서 춤 배워볼 생각 없어?
울다하 사교계를 주름잡는 스타가 되는 거야!","","","","","","","","","",""
35,1,0,False,37,2,0,False,0,0,0,0,0,0,0,0,0,0,"관심 있으면 무대 위로 올라가서
댄스 마스터들의 동작을 잘 보고 따라 해봐.
모든 동작을 멋지게 소화하면 당신도 댄스 마스터가 될 수 있어!","","","","","","","","","",""
36,2,0,False,0,2,764,False,0,0,0,0,0,0,0,0,0,0,"무대 위로 이동하시겠습니까?","예","아니요","","","","","","","",""
37,1,7,False,277,2,0,False,0,0,0,0,0,0,0,0,0,0,"댄스 마스터들은 4가지 감정 표현을 연속으로 사용합니다.
잘 기억했다가, 시작 신호가 울리면 똑같은 순서로 사용하세요.
사용할 감정 표현은 보조 단축바에 등록되어 있습니다.","","","","","","","","","",""
38,1,0,False,39,2,764,False,0,0,0,0,0,0,0,0,0,0,"주간 복권'은 참가자가 많이 모일수록
지급되는 MGP도 늘어납니다. 친구들과 함께 도전해보세요!","","","","","","","","","",""
39,1,7,False,40,0,0,False,0,0,0,0,0,0,0,0,0,0,"'주간 복권'으로 얻을 수 있는
'맨더빌 골드 소서 포인트(MGP)'에는
그 주에 구매한 인원수에 따라 구매자 보너스가 추가됩니다.","","","","","","","","","",""
40,1,7,False,105,0,0,False,0,0,0,0,0,0,0,0,0,0,"구매자 보너스에는 여러 단계가 있습니다.
복권 구매자가 많을수록 단계가 올라가며,
이에 따라 지급되는 보너스도 늘어납니다.","","","","","","","","","",""
41,1,7,False,42,0,0,False,0,0,0,0,0,0,0,0,0,0,"추첨결과는 일주일에 한 번,
현실 시간으로 매주 <ResetTime>1607</ResetTime><Switch(TopLevelParameter(220))><Case(1)>일</Case><Case(2)>월</Case><Case(3)>화</Case><Case(4)>수</Case><Case(5)>목</Case><Case(6)>금</Case><Case(7)>토</Case></Switch>요일 <If(GreaterThanOrEqualTo(TopLevelParameter(218),12))>오후<Else/>오전</If> <If(TopLevelParameter(218))><Switch(TopLevelParameter(218))><Case(1)>1</Case><Case(2)>2</Case><Case(3)>3</Case><Case(4)>4</Case><Case(5)>5</Case><Case(6)>6</Case><Case(7)>7</Case><Case(8)>8</Case><Case(9)>9</Case><Case(10)>10</Case><Case(11)>11</Case><Case(12)>0</Case><Case(13)>1</Case><Case(14)>2</Case><Case(15)>3</Case><Case(16)>4</Case><Case(17)>5</Case><Case(18)>6</Case><Case(19)>7</Case><Case(20)>8</Case><Case(21)>9</Case><Case(22)>10</Case><Case(23)>11</Case></Switch><Else/>0</If>시에 발표됩니다.","","","","","","","","","",""
42,1,7,False,0,0,0,False,0,0,0,0,0,0,0,0,0,0,"또한, 복권 교환 기간은 결과 발표일로부터 (현실 시간) 일주일 후,
<ResetTime>1607</ResetTime><Switch(TopLevelParameter(220))><Case(1)>일</Case><Case(2)>월</Case><Case(3)>화</Case><Case(4)>수</Case><Case(5)>목</Case><Case(6)>금</Case><Case(7)>토</Case></Switch>요일 <If(GreaterThanOrEqualTo(TopLevelParameter(218),12))>오후<Else/>오전</If> <If(TopLevelParameter(218))><Switch(TopLevelParameter(218))><Case(1)>1</Case><Case(2)>2</Case><Case(3)>3</Case><Case(4)>4</Case><Case(5)>5</Case><Case(6)>6</Case><Case(7)>7</Case><Case(8)>8</Case><Case(9)>9</Case><Case(10)>10</Case><Case(11)>11</Case><Case(12)>0</Case><Case(13)>1</Case><Case(14)>2</Case><Case(15)>3</Case><Case(16)>4</Case><Case(17)>5</Case><Case(18)>6</Case><Case(19)>7</Case><Case(20)>8</Case><Case(21)>9</Case><Case(22)>10</Case><Case(23)>11</Case></Switch><Else/>0</If>시까지입니다.
기한이 지나면 교환할 수 없으니 주의하시기 바랍니다.","","","","","","","","","",""
43,1,7,False,0,0,0,False,0,0,0,0,0,0,0,0,0,0,"추첨결과는 일주일에 한 번,
현실 시간으로 매주 <ResetTime>1607</ResetTime><Switch(TopLevelParameter(220))><Case(1)>일</Case><Case(2)>월</Case><Case(3)>화</Case><Case(4)>수</Case><Case(5)>목</Case><Case(6)>금</Case><Case(7)>토</Case></Switch>요일 <If(GreaterThanOrEqualTo(TopLevelParameter(218),12))>오후<Else/>오전</If> <If(TopLevelParameter(218))><Switch(TopLevelParameter(218))><Case(1)>1</Case><Case(2)>2</Case><Case(3)>3</Case><Case(4)>4</Case><Case(5)>5</Case><Case(6)>6</Case><Case(7)>7</Case><Case(8)>8</Case><Case(9)>9</Case><Case(10)>10</Case><Case(11)>11</Case><Case(12)>0</Case><Case(13)>1</Case><Case(14)>2</Case><Case(15)>3</Case><Case(16)>4</Case><Case(17)>5</Case><Case(18)>6</Case><Case(19)>7</Case><Case(20)>8</Case><Case(21)>9</Case><Case(22)>10</Case><Case(23)>11</Case></Switch><Else/>0</If>시에 발표됩니다.","","","","","","","","","",""
44,1,7,False,0,0,0,False,0,0,0,0,0,0,0,0,0,0,"'일일 복권'에 도전하려면
<Value>IntegerParameter(1)</Value> MGP가 필요합니다.","","","","","","","","","",""
45,1,7,False,0,0,0,False,0,0,0,0,0,0,0,0,0,0,"'일일 복권' 도전 횟수는
(현실 시간) 매일 <ResetTime>01</ResetTime><If(GreaterThanOrEqualTo(TopLevelParameter(218),12))>오후<Else/>오전</If> <If(TopLevelParameter(218))><Switch(TopLevelParameter(218))><Case(1)>1</Case><Case(2)>2</Case><Case(3)>3</Case><Case(4)>4</Case><Case(5)>5</Case><Case(6)>6</Case><Case(7)>7</Case><Case(8)>8</Case><Case(9)>9</Case><Case(10)>10</Case><Case(11)>11</Case><Case(12)>0</Case><Case(13)>1</Case><Case(14)>2</Case><Case(15)>3</Case><Case(16)>4</Case><Case(17)>5</Case><Case(18)>6</Case><Case(19)>7</Case><Case(20)>8</Case><Case(21)>9</Case><Case(22)>10</Case><Case(23)>11</Case></Switch><Else/>0</If>시에 초기화됩니다.
초기화되기 전에는 재도전할 수 없습니다.","","","","","","","","","",""
46,1,0,False,0,2,764,False,0,0,0,0,0,0,0,0,0,0,"<Value>IntegerParameter(1)</Value>등 당첨 축하드립니다!
조기 교환 보너스가 가산된
MGP를 드리겠습니다!","","","","","","","","","",""
47,1,0,False,0,2,764,False,0,0,0,0,0,0,0,0,0,0,"진심으로 축하드립니다! 1등에 당첨되셨습니다!
조기 교환 보너스가 가산된 MGP와 함께
상품으로 <Sheet(Item,IntegerParameter(1),0)/><13>FF0E02280AFF054974656DE8020103FF04EBA5BCFF04EC9D84</13> 드리겠습니다!","","","","","","","","","",""
48,1,0,False,0,2,764,False,0,0,0,0,0,0,0,0,0,0,"저런, 이미 교환 기간이 지났네요…….
유효기간이 지난 복권은 저희가 회수하겠습니다.
다음번에는 잊지 말고 교환해주세요!","","","","","","","","","",""
49,2,0,False,0,0,0,False,0,0,0,0,0,0,0,0,0,0,"","","","","","","","","","",""
50,1,0,False,51,2,764,False,0,0,0,0,0,0,0,0,0,0,"골드 소서 내부에 '변신 능력자'라는
골치 아픈 능력을 가진 임프가 숨어들었다.
그 녀석이 내 모습으로 변신해서 장난을 치고 있어……!","","","","","","","","","",""
51,1,0,False,163,2,0,False,0,0,0,0,0,0,0,0,0,0,"나랑 완전히 똑같이 생긴 녀석을 찾아
이 '특제 연막탄'을 던지면 변신이 풀릴 거다!
내 모습을 확인하고 싶으면 다시 한 번 말을 걸어줘!","","","","","","","","","",""
52,0,0,False,0,0,0,False,0,0,0,0,0,0,0,0,0,0,"","","","","","","","","","",""
53,1,0,False,0,2,764,False,0,0,0,0,0,0,0,0,0,0,"오오, 잘했다. 고마워!
그 임프가 어지간히 장난을 좋아해야 말이지…….
또 소동이 벌어지면 잘 부탁해!","","","","","","","","","",""
54,1,0,False,0,2,764,False,0,0,0,0,0,0,0,0,0,0,"그래, 못 잡았구나…….
어쩔 수 없지. 이번엔 포기하는 수밖에…….","","","","","","","","","",""
55,1,0,False,0,2,0,False,0,0,0,0,0,0,0,0,0,0,"아따~ 눈썰미 한번 좋으시네!
좋은 거 줄 테니까 좀 봐주면 안 될까?
이제 장난 안 칠 테니, 걱정 붙들어 매셔!","","","","","","","","","",""
56,1,0,False,0,2,0,False,0,0,0,0,0,0,0,0,0,0,"이젠 장난 안 친다니까……?
장담은 못 하지만!","","","","","","","","","",""
57,1,0,False,0,2,764,False,0,0,0,0,0,0,0,0,0,0,"쿨럭쿨럭, 우웩!!
이 자식, 뭐 하는 짓이야!","","","","","","","","","",""
58,1,0,False,0,2,764,False,0,0,0,0,0,0,0,0,0,0,"윽………… 눈 따가워.","","","","","","","","","",""
59,1,0,False,0,2,764,False,0,0,0,0,0,0,0,0,0,0,"이건 또 뭐야!?
재밌게 노는 중이니까 방해하지 말라고.","","","","","","","","","",""
60,1,0,False,0,2,764,False,0,0,0,0,0,0,0,0,0,0,"윽, 또냐……!?
왜 자꾸 연막탄을 던져대는 거야?
나한테 혼 좀 나볼래!?","","","","","","","","","",""
61,1,0,False,0,2,764,False,0,0,0,0,0,0,0,0,0,0,"으악!?
너, 그런 장난은 하면 안 돼!","","","","","","","","","",""
62,1,0,False,0,2,764,False,0,0,0,0,0,0,0,0,0,0,"어머나! 아무리 내 관심을 끌고 싶어도 그렇지~
못된 장난 치면 꼬집어 줄 거야!","","","","","","","","","",""
63,1,0,False,0,2,764,False,0,0,0,0,0,0,0,0,0,0,"꺅! 무슨 짓이에요!?","","","","","","","","","",""
64,1,0,False,0,2,764,False,0,0,0,0,0,0,0,0,0,0,"콜록…… 갑자기 무슨 짓이야?
기분 나쁘게…….","","","","","","","","","",""
65,1,0,False,0,2,764,False,0,0,0,0,0,0,0,0,0,0,"콜록, 콜록…….
날 뭘로 보고 이러는 거야?","","","","","","","","","",""
66,1,0,False,0,2,764,False,0,0,0,0,0,0,0,0,0,0,"으악!? 지금부터 본격적으로 놀 거란 말이야.
방해하지 말아줄래!?","","","","","","","","","",""
67,1,0,False,0,2,764,False,0,0,0,0,0,0,0,0,0,0,"푸핫, 쿨럭…….
이, 이것도 행사의 일종인가?","","","","","","","","","",""
68,1,0,False,0,2,764,False,0,0,0,0,0,0,0,0,0,0,"으아앗!?
내, 내가 촌놈이라고 이러는 거야?
……응? 아니라고?","","","","","","","","","",""
69,1,0,False,0,2,764,False,0,0,0,0,0,0,0,0,0,0,"크헉!?
아, 앞이 안 보여……!","","","","","","","","","",""
70,1,0,False,0,2,764,False,0,0,0,0,0,0,0,0,0,0,"커헉………….
이게 골드 소서식 환영 인사인가?","","","","","","","","","",""
71,1,0,False,72,2,764,False,0,0,0,0,0,0,0,0,0,0,"골드 소서 종업원에게 배달할 물건이 있는데……
공교롭게도 저희에게 '원한'을 품은 도적단이
냄새를 맡은 모양입니다.","","","","","","","","","",""
72,1,0,False,80,2,0,False,0,0,0,0,0,0,0,0,0,0,"어려운 부탁을 드려 죄송하지만, 이 '값비싼 항아리'를
놈들의 눈을 피해 운반해주세요.
부서지기 쉬운 물건이니 조~심조심 가셔야 합니다!","","","","","","","","","",""
73,1,0,False,0,2,764,False,0,0,0,0,0,0,0,0,0,0,"오오, 항아리를 무사히 전해주셨군요!
감사합니다! 다음번에도 잘 부탁드리겠습니다!","","","","","","","","","",""
74,1,0,False,0,2,764,False,0,0,0,0,0,0,0,0,0,0,"그들은 워낙 막무가내인 놈들이라
발각되면 '값비싼 항아리'는 산산조각 날 겁니다.
아무쪼록 들키지 않게 조심히 다녀오세요!","","","","","","","","","",""
75,1,0,False,76,2,0,False,0,0,0,0,0,0,0,0,0,0,"큭, 놈들한테 당하셨군요…….
하지만 저희 '랍토르 운수'는 보험도 빵빵합니다!
이런 일에 대비하여 예비용 항아리를 마련해두었지요.","","","","","","","","","",""
76,2,0,False,0,2,764,False,0,0,0,0,0,0,0,0,0,0,"다시 도전하시겠습니까?","예","아니요","","","","","","","",""
77,1,0,False,0,2,764,False,0,0,0,0,0,0,0,0,0,0,"오오, 항아리를 무사히 배달한 모양이군.
네 신중함과 주의력에 경의를 표한다!","","","","","","","","","",""
78,1,0,False,0,2,764,False,0,0,0,0,0,0,0,0,0,0,"후후, 여기까지 오다니 제법이네요!
물건 잘 받았어요.
안전하게 가져다줘서 고마워요!","","","","","","","","","",""
79,1,0,False,0,2,764,False,0,0,0,0,0,0,0,0,0,0,"제 앞으로 온 물건이군요…….
보통 힘든 일이 아니었겠네요.
감사합니다!","","","","","","","","","",""
80,2,0,False,97,2,764,False,0,0,0,0,0,0,0,0,0,0,"도전하시겠습니까?","예","아니요","","","","","","","",""
81,1,0,False,82,2,0,False,0,0,0,0,0,0,0,0,0,0,"참고로 '주간 복권'은
'당첨번호' 발표 후 바로 교환하러 오시는 손님께
특별 보너스를 드리고 있습니다!","","","","","","","","","",""
82,1,0,False,130,2,0,False,0,0,0,0,0,0,0,0,0,0,"보너스 내용은 당첨번호를 발표할 때
함께 알려드리고 있으니 기대하세요!","","","","","","","","","",""
83,1,7,False,105,0,0,False,0,0,0,0,0,0,0,0,0,0,"당첨번호 발표 후
(현실 시간) <Value>IntegerParameter(3)</Value>시간 이내에 복권을 교환하면
조기 교환 보너스를 받을 수 있습니다.","","","","","","","","","",""
84,0,0,False,0,0,0,False,0,0,0,0,0,0,0,0,0,0,"","","","","","","","","","",""
85,0,0,False,0,0,0,False,0,0,0,0,0,0,0,0,0,0,"","","","","","","","","","",""
86,0,0,False,0,0,0,False,0,0,0,0,0,0,0,0,0,0,"","","","","","","","","","",""
87,0,0,False,0,0,0,False,0,0,0,0,0,0,0,0,0,0,"","","","","","","","","","",""
88,0,0,False,0,0,0,False,0,0,0,0,0,0,0,0,0,0,"","","","","","","","","","",""
89,1,0,False,90,2,764,False,0,0,0,0,0,0,0,0,0,0,"눈부신 무대 위에서 펼쳐지는 티폰 선생님의 '콧바람' 쇼!
당신은 콧바람이 몰아치는 무대 위에서
끝까지 살아남을 수 있을 것인가……?","","","","","","","","","",""
90,1,0,False,276,2,0,False,0,0,0,0,0,0,0,0,0,0,"콧바람을 전부 피할 자신이 있으면 무대 위로 올라가라!
그러나 만약 한 방이라도 맞게 되면……
엄청난 정신적 충격이 널 덮치겠지!","","","","","","","","","",""
91,1,0,False,92,2,764,False,0,0,0,0,0,0,0,0,0,0,"음? 이젠 티폰 선생님이 두려운가?
아직 콧바람에 맞설 용기가 남아있다면
다시 한 번 무대 위로 안내해주마!","","","","","","","","","",""
92,2,0,False,0,2,0,False,0,0,0,0,0,0,0,0,0,0,"무대 위로 이동하시겠습니까?","예","아니요","","","","","","","",""
93,1,0,False,0,2,0,False,0,0,0,0,0,0,0,0,0,0,"흠, 티폰 선생님의 활약을 보러 왔는가?
밑에서 구경만 하면 심심할 텐데…….
기회가 되면 꼭 한번 참가해보도록!","","","","","","","","","",""
94,1,0,False,0,2,764,False,0,0,0,0,0,0,0,0,0,0,"콧바람을 직접 맞으니 기분이 어때?
하지만 너무 좌절하지 마…….
그 분한 마음이 너의 도전정신을 증명하는 거니까.","","","","","","","","","",""
95,1,0,False,36,2,764,False,0,0,0,0,0,0,0,0,0,0,"앗, 빨리 안 가면 시작하겠다!
다시 무대 위로 이동할래?","","","","","","","","","",""
96,0,0,False,0,0,0,False,0,0,0,0,0,0,0,0,0,0,"","","","","","","","","","",""
97,1,0,False,0,2,764,False,0,0,0,0,0,0,0,0,0,0,"당신의 지도에 표시를 해드릴게요.
누구라도 좋으니 표시된 곳에 있는 종업원 '1명'에게
항아리를 전해주세요!","","","","","","","","","",""
98,1,0,False,0,2,764,False,0,0,0,0,0,0,0,0,0,0,"<Unknown60>0203</Unknown60>축하드립니다.
<Format(IntegerParameter(1),FF022C)/> MGP를 드리겠습니다!
언제든지 또 찾아주세요!","","","","","","","","","",""
99,1,0,False,0,2,764,False,0,0,0,0,0,0,0,0,0,0,"도전해주셔서 감사합니다.
언제든지 또 찾아주세요!","","","","","","","","","",""
100,1,7,False,134,0,0,False,0,0,0,0,0,0,0,0,0,0,"조기 교환 보너스가 적용되어
획득 MGP가 증가했습니다!","","","","","","","","","",""
101,1,0,False,105,2,764,False,0,0,0,0,0,0,0,0,0,0,"제<Value>IntegerParameter(1)</Value>회 '주간 복권'이 진행 중입니다!
당신도 한번 도전해보실래요?","","","","","","","","","",""
102,1,0,False,105,2,764,False,0,0,0,0,0,0,0,0,0,0,"당첨번호 발표는 좀 더 기다려야 해요.
……아니면 다른 용건인가요?","","","","","","","","","",""
103,1,0,False,0,2,764,False,0,0,0,0,0,0,0,0,0,0,"어머, 추첨이 끝난 복권이 있으시네요?
우선 '당첨복권 교환원'한테 가보세요.","","","","","","","","","",""
104,1,0,False,0,2,764,False,0,0,0,0,0,0,0,0,0,0,"그 복권은 유효 기간이 지났네요…….
미안하지만 그 복권은 회수할게요.
다음에는 잊어버리지 말고 꼭 교환하세요!","","","","","","","","","",""
105,5,0,False,0,2,0,False,0,0,0,0,0,0,0,0,0,0,"무엇을 하시겠습니까?","'주간 복권'에 도전한다","구매자 보너스를 확인한다","역대 1등 당첨자를 확인한다","'주간 복권'에 대한 설명을 듣는다","구매자 보너스에 대한 설명을 듣는다","취소","","","",""
106,8,0,False,137,2,764,False,0,0,0,0,0,0,0,0,0,0,"","","","","","","","","","",""
107,7,0,False,105,2,764,False,0,0,0,0,0,0,0,0,0,0,"","","","","","","","","","",""
108,1,0,False,128,2,764,False,0,0,0,0,0,0,0,0,0,0,"복권에 도전하려면 <Value>IntegerParameter(1)</Value> MGP를 지불하시고,
'마음에 드는 4자리 숫자'를 고르세요.
그 숫자가 바로 당신의 '추첨번호'예요!","","","","","","","","","",""
109,6,0,False,105,2,764,False,0,0,0,0,0,0,0,0,0,0,"","","","","","","","","","",""
110,1,0,False,105,2,764,False,0,0,0,0,0,0,0,0,0,0,"아직 1등 당첨자가 나오지 않았네요.
당신이 첫 당첨자가 될 수도 있겠는데요?","","","","","","","","","",""
111,1,0,False,0,2,764,False,0,0,0,0,0,0,0,0,0,0,"교환 가능한 복권을 안 가지고 계시네요.
먼저 중앙에 있는 카운터에 가서
추첨번호를 골라보세요!","","","","","","","","","",""
112,1,0,False,43,2,764,False,0,0,0,0,0,0,0,0,0,0,"손님의 복권은 아직 당첨번호가 발표되지 않았습니다…….
당첨번호가 발표될 때까지 조금만 기다려주세요.","","","","","","","","","",""
113,1,0,False,134,2,764,False,0,0,0,0,0,0,0,0,0,0,"교환 가능한 복권을 가지고 계시네요.
그럼 추첨결과를 발표하겠습니다!","","","","","","","","","",""
114,1,0,False,0,0,0,False,0,0,0,0,0,0,0,0,0,0,"'초코보 경주' 참가 등록은 여기서 하면 돼!","","","","","","","","","",""
115,1,0,False,0,0,0,False,0,0,0,0,0,0,0,0,0,0,"……어? '굽은가지 목장'에 있는 '케이트링' 씨는 만나봤어?
네 경주 초코보를 보게 될 날을 기대하고 있을게!","","","","","","","","","",""
116,2,0,False,0,0,0,False,0,0,0,0,0,0,0,0,0,0,"참가 등록을 취소하시겠습니까?","예","아니요","","","","","","","",""
117,1,0,False,0,0,0,False,0,0,0,0,0,0,0,0,0,0,"참가 등록을 취소했습니다.","","","","","","","","","",""
118,10,0,False,0,2,764,False,0,0,0,0,0,0,0,0,0,0,"무엇을 하시겠습니까?","참가 등록","설명을 듣는다","취소","","","","","","",""
119,10,0,False,0,2,764,False,120,121,122,281,282,283,284,285,118,0,"무엇을 물어보시겠습니까?","'초코보 경주'에 대해서","경주 초코보 등록에 대해서","참가 등록 방법에 대해서","체급과 경주 등급에 대해서","경주 아이템에 대해서","경주 아이템의 종류에 대해서","경주 초코보의 특수 능력에 대해서","경주장 날씨에 대해서","취소",""
120,1,0,True,286,2,764,False,0,0,0,0,0,0,0,0,0,0,"달리기 능력에 특화된 경주 초코보들이
서로 먼저 결승선을 통과하기 위해 일제히 질주하는 경기야!
골드 소서에서도 큰 인기를 자랑하고 있지!","","","","","","","","","",""
121,1,0,True,287,2,764,False,0,0,0,0,0,0,0,0,0,0,"경주 초보에 해당하는 '신입 초코보'를
'경주 초코보'로 등록하면
경주에 출전하거나 훈련을 시킬 자격이 생겨.","","","","","","","","","",""
122,1,0,True,289,2,764,False,0,0,0,0,0,0,0,0,0,0,"경주 초코보는 참가 등록을 하면 경주에 나갈 수 있어!
그리고 경주는 초코보의 능력에 따라
여러 단계의 '등급'으로 분류되어 있지.","","","","","","","","","",""
123,1,0,False,0,0,0,False,0,0,0,0,0,0,0,0,0,0,"아직 등록한 경주 초코보가 없나 보네?
그럼 일단 '초코보 조련사'한테 가서
'신입 초코보'를 경주 초코보로 등록해봐!","","","","","","","","","",""
124,1,0,False,0,0,0,False,0,0,0,0,0,0,0,0,0,0,"파티원들과 함께 경주하고 싶은 경우에는
'파티장'이 참가 등록을 하면 돼!","취소","","","","","","","","",""
125,11,0,False,0,0,0,False,0,0,0,0,0,0,0,0,0,0,"경주 선택","체급별 경주","도전 경주","튜토리얼","취소","","","","","",""
126,12,0,False,0,0,0,False,0,0,0,0,0,0,0,0,0,0,"코스 선택","무작위 코스","취소","","","","","","","",""
127,1,0,False,0,0,0,False,0,0,0,0,0,0,0,0,0,0,"<Sheet(GoldSaucerTextData,IntegerParameter(1),0)/> '<Sheet(GoldSaucerTextData,IntegerParameter(2),0)/>'에
참가 등록했어!
경주가 시작될 때까지 '초코보 광장'에서 기다려줘!","","","","","","","","","",""
128,1,0,False,129,2,0,False,0,0,0,0,0,0,0,0,0,0,"당신이 고른 '추첨번호'와 발표된 '당첨번호'를
일의 자리부터 차례대로 대조해서
숫자가 어디까지 일치했는지에 따라 등수를 정한답니다.","","","","","","","","","",""
129,1,0,False,81,2,764,False,0,0,0,0,0,0,0,0,0,0,"추첨이 끝나면 복권 추첨소에 와서 결과를 확인하세요!
운명의 여신이 당신에게 '당첨번호'를 알려줄 거예요!","","","","","","","","","",""
130,1,0,False,131,2,0,False,0,0,0,0,0,0,0,0,0,0,"결과가 발표된 후 '당첨복권 교환원'에게
복권을 가져가면 MGP를 받을 수 있어요.
1등에 당첨되면 호화 경품도 드린답니다!","","","","","","","","","",""
131,1,7,False,132,2,0,False,0,0,0,0,0,0,0,0,0,0,"복권은 일주일에 3번까지 구매할 수 있습니다.
추첨 결과는 (현실 시간) 매주 <ResetTime>1607</ResetTime><Switch(TopLevelParameter(220))><Case(1)>일</Case><Case(2)>월</Case><Case(3)>화</Case><Case(4)>수</Case><Case(5)>목</Case><Case(6)>금</Case><Case(7)>토</Case></Switch>요일 <If(GreaterThanOrEqualTo(TopLevelParameter(218),12))>오후<Else/>오전</If> <If(TopLevelParameter(218))><Switch(TopLevelParameter(218))><Case(1)>1</Case><Case(2)>2</Case><Case(3)>3</Case><Case(4)>4</Case><Case(5)>5</Case><Case(6)>6</Case><Case(7)>7</Case><Case(8)>8</Case><Case(9)>9</Case><Case(10)>10</Case><Case(11)>11</Case><Case(12)>0</Case><Case(13)>1</Case><Case(14)>2</Case><Case(15)>3</Case><Case(16)>4</Case><Case(17)>5</Case><Case(18)>6</Case><Case(19)>7</Case><Case(20)>8</Case><Case(21)>9</Case><Case(22)>10</Case><Case(23)>11</Case></Switch><Else/>0</If>시에 발표됩니다.","","","","","","","","","",""
132,1,7,False,133,2,0,False,0,0,0,0,0,0,0,0,0,0,"추첨이 끝난 복권의 교환 기간은 결과 발표일로부터
(현실 시간) 일주일 후 <ResetTime>1607</ResetTime><Switch(TopLevelParameter(220))><Case(1)>일</Case><Case(2)>월</Case><Case(3)>화</Case><Case(4)>수</Case><Case(5)>목</Case><Case(6)>금</Case><Case(7)>토</Case></Switch>요일 <If(GreaterThanOrEqualTo(TopLevelParameter(218),12))>오후<Else/>오전</If> <If(TopLevelParameter(218))><Switch(TopLevelParameter(218))><Case(1)>1</Case><Case(2)>2</Case><Case(3)>3</Case><Case(4)>4</Case><Case(5)>5</Case><Case(6)>6</Case><Case(7)>7</Case><Case(8)>8</Case><Case(9)>9</Case><Case(10)>10</Case><Case(11)>11</Case><Case(12)>0</Case><Case(13)>1</Case><Case(14)>2</Case><Case(15)>3</Case><Case(16)>4</Case><Case(17)>5</Case><Case(18)>6</Case><Case(19)>7</Case><Case(20)>8</Case><Case(21)>9</Case><Case(22)>10</Case><Case(23)>11</Case></Switch><Else/>0</If>시까지입니다.","","","","","","","","","",""
133,1,7,False,83,2,0,False,0,0,0,0,0,0,0,0,0,0,"교환 기간이 지나면 '맨더빌 골드 소서 포인트(MGP)'와
경품이 지급되지 않으므로 주의하시기 바랍니다.","","","","","","","","","",""
134,9,0,False,0,2,764,False,0,0,0,0,0,0,0,0,0,0,"","","","","","","","","","",""
135,1,0,False,0,2,764,False,0,0,0,0,0,0,0,0,0,0,"<Value>IntegerParameter(1)</Value>등 당첨 축하드립니다!
상품으로 MGP를 드리겠습니다!","","","","","","","","","",""
136,1,0,False,0,2,764,False,0,0,0,0,0,0,0,0,0,0,"진심으로 축하드립니다! 1등에 당첨되셨습니다!
MGP와 함께
<Sheet(Item,IntegerParameter(1),0)/><13>FF0E02280AFF054974656DE8020103FF04EBA5BCFF04EC9D84</13> 드리겠습니다!","","","","","","","","","",""
137,1,0,False,41,2,764,False,0,0,0,0,0,0,0,0,0,0,"이제 결과 발표만 기다리면 되겠네요!
발표 시각에 꼭 복권 추첨소에서 지켜봐 주세요!","","","","","","","","","",""
138,2,0,False,0,0,0,False,0,0,0,0,0,0,0,0,0,0,"'특제 연막탄'을 던지시겠습니까?","예","아니요","","","","","","","",""
139,1,0,False,25,2,764,False,0,0,0,0,0,0,0,0,0,0,"골드 소서 종업원에게 배달할 물건이 있는데……
공교롭게도 저희에게 '원한'을 품은 도적단이
냄새를 맡은 모양입니다.","","","","","","","","","",""
140,2,0,False,141,2,0,False,0,0,0,0,0,0,0,0,0,0,"도전하시겠습니까?","예","아니요","","","","","","","",""
141,1,0,False,0,2,764,False,0,0,0,0,0,0,0,0,0,0,"당신의 지도에 표시를 해드릴게요.
누구라도 좋으니 표시된 곳에 있는 종업원 '2명'에게
항아리를 전해주세요!","","","","","","","","","",""
142,1,0,False,26,2,764,False,0,0,0,0,0,0,0,0,0,0,"골드 소서 종업원에게 배달할 물건이 있는데……
공교롭게도 저희에게 '원한'을 품은 도적단이
냄새를 맡은 모양입니다.","","","","","","","","","",""
143,2,0,False,144,2,0,False,0,0,0,0,0,0,0,0,0,0,"도전하시겠습니까?","예","아니요","","","","","","","",""
144,1,0,False,0,2,764,False,0,0,0,0,0,0,0,0,0,0,"당신의 지도에 표시를 해드릴게요.
누구라도 좋으니 표시된 곳에 있는 종업원 '3명'에게
항아리를 전해주세요!","","","","","","","","","",""
145,1,0,False,0,0,0,False,0,0,0,0,0,0,0,0,0,0,"춤출 땐 침착함을 유지하는 게 중요해!
조급하게 굴면 될 것도 안 된다고.","","","","","","","","","",""
146,1,0,False,0,0,0,False,0,0,0,0,0,0,0,0,0,0,"4가지 움직임을 완벽하게 기억하는 건 어려울걸~?","","","","","","","","","",""
147,1,0,False,0,0,0,False,0,0,0,0,0,0,0,0,0,0,"움직임을 자세히 보는 게 중요해…….
집중력과 관찰력이 필요하지.","","","","","","","","","",""
148,1,0,False,0,0,0,False,0,0,0,0,0,0,0,0,0,0,"당신, 몸놀림이 제법인데?
얼마나 잘하는지 지켜보겠어!","","","","","","","","","",""
149,1,0,False,0,0,0,False,0,0,0,0,0,0,0,0,0,0,"우아하면서도 부드럽게…….
댄스에 기품은 빠질 수 없는 요소지.","","","","","","","","","",""
150,1,0,False,0,0,0,False,0,0,0,0,0,0,0,0,0,0,"호오, 수다 떨 여유가 있나 보네?
자자, 마지막까지 집중!","","","","","","","","","",""
151,1,0,False,0,0,0,False,0,0,0,0,0,0,0,0,0,0,"안무에는 다 의미가 있어.
이걸 이해해야 댄스의 본질을 파악할 수 있지!","","","","","","","","","",""
152,1,0,False,0,0,0,False,0,0,0,0,0,0,0,0,0,0,"자, 더 열정적으로!
하나 둘, 하나 둘, 한 번 더!","","","","","","","","","",""
153,1,0,False,0,0,0,False,0,0,0,0,0,0,0,0,0,0,"손끝까지 의식을 집중해.
온몸의 신경을 잠에서 깨워!","","","","","","","","","",""
154,1,0,False,0,0,0,False,0,0,0,0,0,0,0,0,0,0,"밖으로 벌린 다리를 교차해서……
미안한데 집중해야 하니까 말 걸지 마세요!","","","","","","","","","",""
155,1,0,False,0,0,0,False,0,0,0,0,0,0,0,0,0,0,"……과연 따라올 수 있을까?
내 댄스 실력은 차원이 다르다고!","","","","","","","","","",""
156,1,0,False,0,0,0,False,0,0,0,0,0,0,0,0,0,0,"댄스는 즐기면서 하는 게 최고야!
자, 감정을 폭발시켜보라고!","","","","","","","","","",""
157,2,0,False,0,0,0,False,0,0,0,0,0,0,0,0,0,0,"출전하려면 <Value>IntegerParameter(1)</Value>MGP가 필요합니다.
계속하시겠습니까?
[소지 MGP: <Format(IntegerParameter(2),FF022C)/>]","예","아니요","","","","","","","",""
158,2,0,False,0,2,0,False,0,0,0,0,0,0,0,0,0,0,"도전하시겠습니까?","예","아니요","","","","","","","",""
159,2,0,False,0,2,0,False,0,0,0,0,0,0,0,0,0,0,"도전하시겠습니까?","예","아니요","","","","","","","",""
160,1,0,False,0,2,764,False,0,0,0,0,0,0,0,0,0,0,"여기 칵테일은 마치 천상의 맛이랄까…….
포근한 꿈속에 안긴 듯한 편안함이 느껴진다며
많은 호평을 받고 있습니다…….","","","","","","","","","",""
161,1,0,False,0,2,764,False,0,0,0,0,0,0,0,0,0,0,"나는 이 오락장 지배인이신 고드베르트 님께
'손님을 위한 정성'이 어떤 것인지를 배웠어…….
그래서 저 조각상을 볼 때마다 바짝 긴장이 된다니까.","","","","","","","","","",""
162,1,0,False,0,2,0,False,0,0,0,0,0,0,0,0,0,0,"……내가 노는 것처럼 보여?
이래 봬도 열심히 일하는 중이거든.
후후, 무슨 일인지는…… 비밀이야!","","","","","","","","","",""
163,2,0,False,0,2,0,False,0,0,0,0,0,0,0,0,0,0,"도전하시겠습니까?","예","아니요","","","","","","","",""
164,1,0,False,165,2,764,False,0,0,0,0,0,0,0,0,0,0,"이, 이거 난감하네…….
장난꾸러기 임프가 내 모습으로 변신하고 돌아다니는 모양이야.","","","","","","","","","",""
165,1,0,False,163,2,0,False,0,0,0,0,0,0,0,0,0,0,"나랑 완전히 똑같이 생긴 사람을 찾아서
이 '특제 연막탄'으로 정체를 밝혀주지 않을래?
괜히 닮은 사람한테 던지지 않게 조심하고…….","","","","","","","","","",""
166,1,0,False,167,2,764,False,0,0,0,0,0,0,0,0,0,0,"잠깐 부탁 좀 하지…….
실은 변신 능력을 가진 임프가
내 모습으로 변신해서 돌아다니고 있는 것 같다.","","","","","","","","","",""
167,1,0,False,163,2,0,False,0,0,0,0,0,0,0,0,0,0,"나와 똑같이 생긴 자를 찾아내서
이 '특제 연막탄'으로 정체를 밝혀내 주지 않겠나?
머리부터 발끝까지 똑같은 자를 찾아다오!","","","","","","","","","",""
168,1,0,False,169,2,764,False,0,0,0,0,0,0,0,0,0,0,"앗, 잠깐 나 좀 도와주지 않을래?
장난꾸러기 임프를 찾아달라는 의뢰를 받았는데,
그 고얀 놈이 하필 내 모습으로 변신해서 도망 다니고 있다는군.","","","","","","","","","",""
169,1,0,False,163,2,0,False,0,0,0,0,0,0,0,0,0,0,"나랑 똑~같이 생긴 녀석을 찾아서
이 '특제 연막탄'으로 혼쭐을 내줘!
자, 우선 내 모습을 잘 확인하고 가!","","","","","","","","","",""
170,1,0,False,171,2,764,False,0,0,0,0,0,0,0,0,0,0,"혹시 나랑 똑같이 생긴 녀석 못 봤어?
지금 장난꾸러기 임프를 찾아다니는 중인데
하필이면 내 모습으로 변신해서 줄행랑을 쳤어!","","","","","","","","","",""
171,1,0,False,163,2,0,False,0,0,0,0,0,0,0,0,0,0,"이 '특제 연막탄'을 줄게!
이걸 맞추면 임프가 정체를 드러낼 거야.
나랑 완전히 똑같이 생긴 녀석을 찾아서 한 방 먹여줘!","","","","","","","","","",""
172,1,0,False,173,2,764,False,0,0,0,0,0,0,0,0,0,0,"있잖아~ 저기~ 골드 소서 종업원이 부탁해서
장난꾸러기 임프를 찾고 있었는데~
그 녀석이~ 내 모습으로 변신해서~ 뿅 하고 사라졌거든~","","","","","","","","","",""
173,1,0,False,163,2,0,False,0,0,0,0,0,0,0,0,0,0,"이 '특제 연막탄'을 줄 테니까~
나랑 똑같이 생긴 사람이 있으면 던져줄래~?
내 모습을 잘 확인한 다음에 찾으러 가~!","","","","","","","","","",""
174,1,0,False,175,2,764,False,0,0,0,0,0,0,0,0,0,0,"골드 소서에 변신 능력을 가진 못된 임프가 들어왔는데……
하필이면 내 모습으로 변신해서 여기저기 다니고 있는 것 같아!","","","","","","","","","",""
175,1,0,False,163,2,0,False,0,0,0,0,0,0,0,0,0,0,"나랑 똑같이 생긴 모험가를 찾아서
이 '특제 연막탄'으로 정체를 밝혀내 줄래?
우연히 나랑 닮은 사람한테 던지지 않게 조심하고!","","","","","","","","","",""
176,1,0,False,177,2,764,False,0,0,0,0,0,0,0,0,0,0,"으으~ 이거 어쩌죠?
장난꾸러기 임프가 제 모습으로 변해서 어슬렁거리고 있어요.","","","","","","","","","",""
177,1,0,False,163,2,0,False,0,0,0,0,0,0,0,0,0,0,"저랑 똑같이 생긴 여자를 찾아서
이 '특제 연막탄'을 던져주실래요?
부탁해요, <If(PlayerParameter(4))>언니<Else/>오빠</If>!","","","","","","","","","",""
178,1,0,False,179,2,764,False,0,0,0,0,0,0,0,0,0,0,"있잖아, 부탁이 하나 있는데……
이 근처에 있는 '수상한 모험가' 중에서
나랑 완전히 똑같이 생긴 사람을 찾아줄래?","","","","","","","","","",""
179,1,0,False,163,2,0,False,0,0,0,0,0,0,0,0,0,0,"장난꾸러기 임프가 내 모습으로
변신하고 다니는데 못 잡겠어…….
발견하면 이 '특제 연막탄'을 던져줘!","","","","","","","","","",""
180,1,0,False,181,2,764,False,0,0,0,0,0,0,0,0,0,0,"저기, 잠깐만요…….
실은 이 오락장에 숨어든 임프가
제 모습으로 둔갑해 장난을 치려고 하거든요.","","","","","","","","","",""
181,1,0,False,163,2,0,False,0,0,0,0,0,0,0,0,0,0,"저랑 똑같이 생긴 사람을 찾아서
이 '특제 연막탄'으로 정체를 밝혀주시면 안 될까요?
아무쪼록 잘 부탁드립니다.","","","","","","","","","",""
182,1,0,False,183,2,764,False,0,0,0,0,0,0,0,0,0,0,"이봐, 혹시 나 못 봤어……?
실은 이 근처에 나로 변신한 임프가 있는 것 같거든.
아무리 임무라지만 자기 자신을 찾으려니 기분이 이상해서…….","","","","","","","","","",""
183,1,0,False,163,2,0,False,0,0,0,0,0,0,0,0,0,0,"부탁인데 나랑 같이 그 녀석 좀 찾아줘!
이 '특제 연막탄'을 던지면 임프가 정체를 드러낼 거다!","","","","","","","","","",""
184,1,0,False,185,2,764,False,0,0,0,0,0,0,0,0,0,0,"흐음~ 안 보이는군…….
이 근처에 변신 능력을 사용해서
내 행세를 하는 임프가 있을 텐데…….","","","","","","","","","",""
185,1,0,False,163,2,0,False,0,0,0,0,0,0,0,0,0,0,"미안하지만 나랑 똑같이 생긴 사람을 찾아서
이 '특제 연막탄'으로 정체를 밝혀주겠나?
우연히 닮은 사람한테 던지지 않도록 조심하고.","","","","","","","","","",""
186,1,0,False,187,2,764,False,0,0,0,0,0,0,0,0,0,0,"……이거 난처하네.
이곳에 숨어든 임프를 쫓고 있었는데
하필이면 내 모습으로 변해서 도망쳤거든.","","","","","","","","","",""
187,1,0,False,163,2,0,False,0,0,0,0,0,0,0,0,0,0,"그 임프는 나랑 완전히 똑같이 생겼으니
이 '특제 연막탄'을 던져 정체를 밝혀주면 고맙겠어.","","","","","","","","","",""
188,1,0,False,189,2,764,False,0,0,0,0,0,0,0,0,0,0,"젠장~! 빌어먹을 임프 자식……!
이봐, 장난꾸러기 임프 좀 찾게 도와줘.
하필이면 내 모습으로 변신해서 내뺐다고!","","","","","","","","","",""
189,1,0,False,163,2,0,False,0,0,0,0,0,0,0,0,0,0,"나랑 완전히 똑같이 생긴 녀석이 있으면
이 '특제 연막탄'을 먹여버려!
아, 상관없는 녀석한테 던지지 않게 조심하고.","","","","","","","","","",""
190,1,0,False,191,2,764,False,0,0,0,0,0,0,0,0,0,0,"내 얼굴이 저렇게 생겼던가…….
아, 실은 장난꾸러기 임프를 쫓고 있었는데
갑자기 나로 변신하더라고. 깜짝 놀라서 놓쳐버렸지…….","","","","","","","","","",""
191,1,0,False,163,2,0,False,0,0,0,0,0,0,0,0,0,0,"나 자신을 찾는 게 막상 해보니까 어렵더라고.
부탁인데 나랑 똑같이 생긴 모험가를 찾아서
이 '특제 연막탄'으로 정체를 밝혀줘!","","","","","","","","","",""
192,1,0,False,193,2,764,False,0,0,0,0,0,0,0,0,0,0,"내 말 좀 들어봐~
장난꾸러기 임프가 변신 능력으로~
내 행세를 하고 다닌다는 거야~","","","","","","","","","",""
193,1,0,False,163,2,0,False,0,0,0,0,0,0,0,0,0,0,"너무하지 않아~?
그래서 그런데~ 그 장난꾸러기 임프를 찾아서~
이 '특제 연막탄'으로 정체를 밝혀주지 않을래~?","","","","","","","","","",""
194,1,0,False,195,2,764,False,0,0,0,0,0,0,0,0,0,0,"혹시 이 근처에서 저를 쏙 빼닮은 애 못 보셨어요?
변신 능력을 가진 임프를 찾고 있는데
아무리 찾아도 안 보여서 난처해 죽겠어요.","","","","","","","","","",""
195,1,0,False,163,2,0,False,0,0,0,0,0,0,0,0,0,0,"괜찮으시면 제 모습으로 변신한 임프를 찾아서
이 '특제 연막탄'을 던져주세요.
비슷한 복장을 한 사람도 많으니까 조심하시고요.","","","","","","","","","",""
196,1,0,False,197,2,764,False,0,0,0,0,0,0,0,0,0,0,"으앙~ 어떡해~!
내 모습으로 변신한 장난꾸러기 임프가 도망갔어!","","","","","","","","","",""
197,1,0,False,163,2,0,False,0,0,0,0,0,0,0,0,0,0,"어디서 장난이라도 치면 내가 의심받을 텐데!
빨리 찾아서 이 '특제 연막탄'으로 정체를 밝혀줘!
제발 부탁해~!","","","","","","","","","",""
198,1,0,False,199,2,764,False,0,0,0,0,0,0,0,0,0,0,"어휴…… 장난꾸러기 임프 때문에 난감하네.
다 잡은 줄 알았는데, 나로 변신해서 도망간 거 있지.
에고, 힘들어 죽겠다…….","","","","","","","","","",""
199,1,0,False,163,2,0,False,0,0,0,0,0,0,0,0,0,0,"미안한데 나 대신 임프 좀 찾아줄래?
발견하면 이 '특제 연막탄'으로 혼내줘!
내 생김새를 잘 보고 완전히 똑같은 사람을 찾으면 돼.","","","","","","","","","",""
200,1,0,False,201,2,764,False,0,0,0,0,0,0,0,0,0,0,"이런, 대체 어딜 간 거야…….
저기요, 잠깐 저 좀 도와주실래요?
제 모습으로 변신한 장난꾸러기 임프를 찾고 싶어요.","","","","","","","","","",""
201,1,0,False,163,2,0,False,0,0,0,0,0,0,0,0,0,0,"그 장난꾸러기 임프는 저랑 완전히 똑같이 생겼을 거예요.
녀석을 찾아내서 이 '특제 연막탄'으로 정체를 밝혀주세요.
부탁할게요!","","","","","","","","","",""
202,1,0,False,203,2,764,False,0,0,0,0,0,0,0,0,0,0,"으음…… 장난꾸러기 임프를 쫓고 있었는데
나로 변신하는 바람에 눈앞에서 놓치고 말았네.
아주 건방진 놈이더군……!","","","","","","","","","",""
203,1,0,False,163,2,0,False,0,0,0,0,0,0,0,0,0,0,"미안한데 내 모습으로 변한 임프를 찾아봐 주지 않겠나?
발견하면 이 '특제 연막탄'으로 정체를 밝혀주게.
주변에 비슷하게 생긴 사람이 많으니 조심하게나.","","","","","","","","","",""
204,1,0,False,205,2,764,False,0,0,0,0,0,0,0,0,0,0,"장난꾸러기 임프를 쫓다가 절세의 미녀가 눈앞에 딱!
그런데 자세히 보니까…… 내 얼굴이더라고.
알고 보니 임프가 변신 능력으로 내 외모를 흉내 낸 거야.","","","","","","","","","",""
205,1,0,False,163,2,0,False,0,0,0,0,0,0,0,0,0,0,"그 임프를 찾아서 이 '특제 연막탄'으로 정체를 밝혀줄래?
절세의 미녀는 나 하나만 있으면 되거든.
인정사정 볼 것 없이 던져버려!","","","","","","","","","",""
206,1,0,False,207,2,764,False,0,0,0,0,0,0,0,0,0,0,"이곳에 숨어든 임프를 쫓고 있었는데
그만 놓치고 말았습니다…….
게다가 그 임프는 저와 똑같은 모습으로 변신했죠.","","","","","","","","","",""
207,1,0,False,163,2,0,False,0,0,0,0,0,0,0,0,0,0,"번거롭게 해 드려 죄송하지만
저와 똑같이 생긴 사람을 찾아주시겠습니까?
발견하면 이 '특제 연막탄'으로 정체를 밝혀주세요.","","","","","","","","","",""
208,1,0,False,209,2,764,False,0,0,0,0,0,0,0,0,0,0,"장난꾸러기 임프에겐 두 손 두 발 다 들었어…….
변신 능력을 이용해서 내 흉내를 내고 다닌다니까.
당신, 나 대신 녀석 좀 찾아줄래?","","","","","","","","","",""
209,1,0,False,163,2,0,False,0,0,0,0,0,0,0,0,0,0,"나랑 똑같이 생긴 사람을 발견하면
이 '특제 연막탄'을 사용해봐. 바로 정체를 드러낼 거야.
단…… 나랑 닮은 사람도 많으니까 조심해.","","","","","","","","","",""
210,1,0,False,211,2,764,False,0,0,0,0,0,0,0,0,0,0,"아까부터 사람들이 날 이상한 눈으로 보길래 의아했는데,
아무래도 임프가 나로 변신해서 장난을 치고 있나 봐.
일이 커지기 전에 임프를 찾아줬으면 좋겠어.","","","","","","","","","",""
211,1,0,False,163,2,0,False,0,0,0,0,0,0,0,0,0,0,"나랑 똑같이 생긴 여자를 보면 이 '특제 연막탄'을 사용해.
그러면 변신이 풀려 정체가 드러날 거야.
나랑 닮은 일반인한테는 던지지 않게 주의하고.","","","","","","","","","",""
212,1,0,False,213,2,764,False,0,0,0,0,0,0,0,0,0,0,"으어억~! 더러운 임프 놈!
감히 내 모습으로 변해 장난을 치고 다녀!?
이봐, 잠깐 나로 변신한 임프 좀 찾아줘!","","","","","","","","","",""
213,1,0,False,163,2,0,False,0,0,0,0,0,0,0,0,0,0,"우선 나랑 완전히 똑같이 생긴 놈을 찾아!
그런 다음에 이 '특제 연막탄'을 먹이는 거야!
나로 변신한 걸 후회하게 만들어줘!","","","","","","","","","",""
214,1,0,False,215,2,764,False,0,0,0,0,0,0,0,0,0,0,"내가 쫓던 장난꾸러기 임프가 나로 변신하지 뭔가.
그 티 한 점 없는 미모를 넋 놓고 감상하다가
깔끔히 놓치고 말았지…….","","","","","","","","","",""
215,1,0,False,163,2,0,False,0,0,0,0,0,0,0,0,0,0,"녀석을 내버려두면 뭇 여성들이 위험해.
나랑 똑같이 생긴 미남을 찾아 '특제 연막탄'을 던져줘.
행여나…… 나를 닮은 사람에게 잘못 던지지 않도록 조심하고!","","","","","","","","","",""
216,1,0,False,217,2,764,False,0,0,0,0,0,0,0,0,0,0,"변신 능력을 이용해서 내 모습이 된 임프가
손님들 사이에 숨어있는 모양이야.
큰일이 벌어지기 전에 빨리 찾았으면 좋겠어.","","","","","","","","","",""
217,1,0,False,163,2,0,False,0,0,0,0,0,0,0,0,0,0,"나랑 닮은 사람이 너무 많아 혼란스러워 죽겠어…….
이 '특제 연막탄'을 던지면 정체를 드러낸다고 하니까
나랑 완전히 똑같은 녀석을 찾아서 던져버려!","","","","","","","","","",""
218,1,0,False,219,2,764,False,0,0,0,0,0,0,0,0,0,0,"나로 변신한 장난꾸러기 임프가 몹쓸 짓을 꾸미고 있는데
손님이 너무 많아 도저히 못 찾겠더라고…….
나 대신 그 임프 좀 찾아주지 않을래?","","","","","","","","","",""
219,1,0,False,163,2,0,False,0,0,0,0,0,0,0,0,0,0,"녀석은 나랑 완전히 똑같이 생겼어.
발견하면 이 '특제 연막탄'으로 정체를 밝혀줘.
하지만 닮은 사람들도 많으니까 조심해야 해!","","","","","","","","","",""
220,1,0,False,221,2,764,False,0,0,0,0,0,0,0,0,0,0,"고얀 임프 놈! 감히 나로 변신하다니!
내가 내 덩치에 쫄아서 당황하는 바람에 놓치고 말았어.
멀리 가진 못했을 테니 좀 찾아봐 줄래?","","","","","","","","","",""
221,1,0,False,163,2,0,False,0,0,0,0,0,0,0,0,0,0,"나랑 똑같이 생긴 녀석을 찾아서 이 '특제 연막탄'을 먹여버려.
덩치 큰 건 다 뻥이니까 겁먹지 말고!","","","","","","","","","",""
222,1,0,False,223,2,764,False,0,0,0,0,0,0,0,0,0,0,"이봐, <If(PlayerParameter(4))>아가씨<Else/>형씨</If>. 혹시 또 다른 나를 못 봤어?
아무래도 임프가 내 모습으로 변신한 모양이거든.
그 녀석이 못된 짓을 저지르기 전에 막고 싶어.","","","","","","","","","",""
223,1,0,False,163,2,0,False,0,0,0,0,0,0,0,0,0,0,"그 녀석은 나랑 완전히 판박이인가 봐.
발견하면 이 '특제 연막탄'을 던져줄래?
요즘 이상하게 나랑 닮은 녀석이 많으니까 조심하고.","","","","","","","","","",""
224,1,0,False,225,2,764,False,0,0,0,0,0,0,0,0,0,0,"일 났네, 일 났어. 나로 변신한 임프가 나타났대!
녀석이 골드 소서 안에서 수작을 부리기라도 하면
난 하루아침에 길거리에 나앉게 될 거야!","","","","","","","","","",""
225,1,0,False,163,2,0,False,0,0,0,0,0,0,0,0,0,0,"빨리 나랑 똑같이 생긴 녀석을 찾아서
이 '특제 연막탄'으로 정체를 밝혀주라!
아~ 일 났네, 일 났어!","","","","","","","","","",""
226,1,0,False,0,2,764,False,0,0,0,0,0,0,0,0,0,0,"쿨럭, 쿨럭, 크헉!?
여, 여기서는 연막탄을 던지고 놀기도 하나?","","","","","","","","","",""
227,1,0,False,0,2,764,False,0,0,0,0,0,0,0,0,0,0,"냐, 냥!?
냐하하하하, 연기가 뭉게뭉게다냥!","","","","","","","","","",""
228,1,0,False,0,2,764,False,0,0,0,0,0,0,0,0,0,0,"힉……!
골드 소서에 이렇게 과격한 놀이가 있었나, 콜록…….","","","","","","","","","",""
229,1,0,False,0,2,764,False,0,0,0,0,0,0,0,0,0,0,"윽…… 잠깐, 알았다……!
네가 바로 소문이 자자한 장난꾸러기 임프구나!
또 이렇게 장난치면 요마 사냥꾼한테 끌고 간다!","","","","","","","","","",""
230,1,0,False,0,2,764,False,0,0,0,0,0,0,0,0,0,0,"쿨럭……!
으으, 불만이 있으면 말로 하자냥…….","","","","","","","","","",""
231,1,0,False,0,2,764,False,0,0,0,0,0,0,0,0,0,0,"으앗, 이게 뭐야!?
아하, 날 더욱 돋보이게 하기 위한 연출인가 보지?","","","","","","","","","",""
232,1,0,False,0,2,764,False,0,0,0,0,0,0,0,0,0,0,"크헉!?
……거참 특이한 행사로군요.","","","","","","","","","",""
233,1,0,False,0,2,764,False,0,0,0,0,0,0,0,0,0,0,"콜록…….
이, 이제야 알겠어. 이 순간을 놓치지 않으려고
다들 날 힐끔거리며 쳐다보고 있었던 거군…….","","","","","","","","","",""
234,1,0,False,0,2,764,False,0,0,0,0,0,0,0,0,0,0,"어, 어엇!?
제, 제가 뭘 잘못했나요……?
깜짝 놀랐잖아요…….","","","","","","","","","",""
235,1,0,False,0,2,764,False,0,0,0,0,0,0,0,0,0,0,"꺅!?
이러려고 저한테 말을 건 거예요?
정말 너무해요…….","","","","","","","","","",""
236,1,0,False,0,2,764,False,0,0,0,0,0,0,0,0,0,0,"어흑……!
이, 이것도 놀이의 일종인가요?","","","","","","","","","",""
237,1,0,False,0,2,764,False,0,0,0,0,0,0,0,0,0,0,"크헉!?
……크하하!
대놓고 연막탄을 던지다니, 재밌는 연출이구만!","","","","","","","","","",""
238,1,0,False,0,2,764,False,0,0,0,0,0,0,0,0,0,0,"으음…… 이것도 무슨 행사의 일종인가?
완전히 예측불능이군, 재밌는 곳이야.","","","","","","","","","",""
239,1,0,False,0,2,764,False,0,0,0,0,0,0,0,0,0,0,"우앗, 깜짝이야!
이건 또 무슨 연출이지?","","","","","","","","","",""
240,1,0,False,0,2,764,False,0,0,0,0,0,0,0,0,0,0,"뭐, 뭐야 이건! 장난이 심하잖아?
앞이 하나도 안 보여!","","","","","","","","","",""
241,1,0,False,0,2,764,False,0,0,0,0,0,0,0,0,0,0,"뭐지? 이상한 냄새가…….
이거 평범한 연막탄이 아니군…….","","","","","","","","","",""
242,1,0,False,0,2,764,False,0,0,0,0,0,0,0,0,0,0,"커헉!
……연막탄으로 손님을 환영하다니,
역시 골드 소서는 뭐가 달라도 다르군.","","","","","","","","","",""
243,1,0,False,0,2,764,False,0,0,0,0,0,0,0,0,0,0,"으읍……!?
어쩐지 묘한 시선이 느껴지더니만…….
이런 장난을 치려던 거였군.","","","","","","","","","",""
244,1,0,False,0,2,764,False,0,0,0,0,0,0,0,0,0,0,"뭐지……?
여기저기서 시선이 느껴지는데…….","","","","","","","","","",""
245,1,0,False,0,2,764,False,0,0,0,0,0,0,0,0,0,0,"……남의 얼굴을 왜 그렇게 쳐다봐?
얼굴에 뭐 묻었나?","","","","","","","","","",""
246,1,0,False,0,2,764,False,0,0,0,0,0,0,0,0,0,0,"이야~ 골드 소서는 역시 즐겁다니까.
……그런데 왠지 묘한 시선이 느껴지는걸.","","","","","","","","","",""
247,1,0,False,0,2,764,False,0,0,0,0,0,0,0,0,0,0,"때로는 모험을 잊고 즐기는 것도 괜찮네.","","","","","","","","","",""
248,1,0,False,0,2,764,False,0,0,0,0,0,0,0,0,0,0,"내 착각인가? 다들 날 쳐다보고 있는 것 같은데…….","","","","","","","","","",""
249,1,0,False,0,2,764,False,0,0,0,0,0,0,0,0,0,0,"다들 날 주목하는 것 같은데…….
후후, 아름다운 건 역시 죄라니까.","","","","","","","","","",""
250,1,0,False,0,2,764,False,0,0,0,0,0,0,0,0,0,0,"뭐지……. 자꾸 누가 날 쳐다보는 것 같네요…….","","","","","","","","","",""
251,1,0,False,0,2,764,False,0,0,0,0,0,0,0,0,0,0,"여기서 놀다 보면 시간이 눈 깜짝할 사이에 지나가.
그렇지 않아?","","","","","","","","","",""
252,1,0,False,0,2,764,False,0,0,0,0,0,0,0,0,0,0,"이 근처에 장난꾸러기 임프가 숨어있다고 하는데…… 정말일까?","","","","","","","","","",""
253,1,0,False,0,2,764,False,0,0,0,0,0,0,0,0,0,0,"자~ 오늘도 마음껏 놀아보자~
후후후, 그 누구도 날 막을 순 없어……!","","","","","","","","","",""
254,1,0,False,0,2,764,False,0,0,0,0,0,0,0,0,0,0,"아아, 여기가 골드 소서로구나!
소문으론 들었지만, 이 정도일 줄이야…….
이거 하루종일 놀아도 될 것 같은데.","","","","","","","","","",""
255,1,0,False,0,2,764,False,0,0,0,0,0,0,0,0,0,0,"내, 내가 뭐 이상한 짓 했나……!?
촌뜨기처럼 안 보이게 얼마나 조심했는데…….","","","","","","","","","",""
256,1,0,False,0,2,764,False,0,0,0,0,0,0,0,0,0,0,"아까부터 누가 자꾸 쳐다보는 것 같아서 거슬리네…….","","","","","","","","","",""
257,1,0,False,0,2,764,False,0,0,0,0,0,0,0,0,0,0,"이렇게 화려한 곳은 처음 봤어.
정말 입이 떡 벌어진다니까.","","","","","","","","","",""
258,1,0,False,0,2,764,False,0,0,0,0,0,0,0,0,0,0,"오늘은 마음껏 놀아야지!
뭐부터 즐겨야 할지 고민되네.","","","","","","","","","",""
259,1,0,False,0,2,764,False,0,0,0,0,0,0,0,0,0,0,"냐하하하하! 여긴 천국이다냥!","","","","","","","","","",""
260,1,0,False,0,2,764,False,0,0,0,0,0,0,0,0,0,0,"골드 소서는 하루종일 놀아도 질리지가 않아.
다음엔 뭘 하고 놀까나~","","","","","","","","","",""
261,1,0,False,0,2,764,False,0,0,0,0,0,0,0,0,0,0,"골드 소서 안에 장난꾸러기 임프가 숨어있었다니…….
즐겁게 놀고 있는데 방해하지 않았으면 좋겠네.","","","","","","","","","",""
262,1,0,False,0,2,764,False,0,0,0,0,0,0,0,0,0,0,"왠지 누가 날 쳐다보고 있는 것 같다냥.
……내 착각일까냥?","","","","","","","","","",""
263,1,0,False,0,2,764,False,0,0,0,0,0,0,0,0,0,0,"지나친 생각인지도 모르지만
다들 날 쳐다보고 있는 것 같아…….","","","","","","","","","",""
264,1,0,False,0,2,764,False,0,0,0,0,0,0,0,0,0,0,"여긴 정말 활기찬 곳이군요.
요마가 사람들 사이에 숨어있어도 모르겠는걸요.","","","","","","","","","",""
265,1,0,False,0,2,764,False,0,0,0,0,0,0,0,0,0,0,"날 힐끗힐끗 쳐다보는 분이 있는 것 같은데
대체 왜 그러는지…….","","","","","","","","","",""
266,1,0,False,0,2,764,False,0,0,0,0,0,0,0,0,0,0,"이상하게 자꾸 시선이 느껴집니다.
주목받을 이유가 없는데 말이지요.","","","","","","","","","",""
267,1,0,False,0,2,764,False,0,0,0,0,0,0,0,0,0,0,"다, 당신도 저한테 할 말이 있나요!?
아까부터 사람들이 자꾸 절 훔쳐보고 말을 걸어와서……
이젠 무서울 지경이에요…….","","","","","","","","","",""
268,1,0,False,0,2,764,False,0,0,0,0,0,0,0,0,0,0,"재밌을 것 같은 오락이 너무 많아서
뭐부터 즐겨야 할지 망설이게 되네요…….","","","","","","","","","",""
269,1,0,False,0,2,764,False,0,0,0,0,0,0,0,0,0,0,"크하하, 너무 즐거워서 웃음이 멈추질 않는구만!","","","","","","","","","",""
270,1,0,False,0,2,764,False,0,0,0,0,0,0,0,0,0,0,"야, 지금 무슨 일 있냐?
뭐랄까, 주위 사람들이 다 날 쳐다보는 것 같거든…….","","","","","","","","","",""
271,1,0,False,0,2,764,False,0,0,0,0,0,0,0,0,0,0,"설마 다들 날 주목하고 있는 건가?
드디어 세상 사람들이 내 매력을 알아봤군!","","","","","","","","","",""
272,1,0,False,0,2,764,False,0,0,0,0,0,0,0,0,0,0,"묘한 기운이 느껴진단 말이야…….
설마 인간이 아닌 놈들이 숨어있는 건 아니겠지.","","","","","","","","","",""
273,1,0,False,0,2,764,False,0,0,0,0,0,0,0,0,0,0,"장난꾸러기 임프가 나타났다는군.
하지만 안심해, 발견하는 즉시 한 방에 보내버릴 테니까!","","","","","","","","","",""
274,1,0,False,0,2,764,False,0,0,0,0,0,0,0,0,0,0,"흠, 여기가 골드 소서로군요…….
소문대로 떠들썩하고 즐거워 보이는 곳이네요.","","","","","","","","","",""
275,1,0,False,0,2,764,False,0,0,0,0,0,0,0,0,0,0,"뭘 그렇게 힐끔힐끔 쳐다봐?
헉, 설마 내가 복권에 당첨된 걸 알고!?
아무리 쳐다봐도 너한테 줄 MGP는 없어!","","","","","","","","","",""
276,2,0,False,0,2,764,False,0,0,0,0,0,0,0,0,0,0,"도전하시겠습니까?","예","아니요","","","","","","","",""
277,2,0,False,0,2,764,False,0,0,0,0,0,0,0,0,0,0,"도전하시겠습니까?","예","아니요","","","","","","","",""
278,1,0,False,0,2,764,False,0,0,0,0,0,0,0,0,0,0,"오늘만이라도 모험을 잊고 즐겁게 놀아봐요.","","","","","","","","","",""
279,1,0,False,0,2,764,False,0,0,0,0,0,0,0,0,0,0,"장난꾸러기 임프가 이 근처에 있다는군요.
정말 민폐가 따로 없다니까요.","","","","","","","","","",""
280,1,0,False,0,2,764,False,0,0,0,0,0,0,0,0,0,0,"나를 힐끔힐끔 쳐다보는 사람이 한둘이 아니야…….
난 아무 짓도 안 했는데, 왜 그러는 거지?","","","","","","","","","",""
281,1,0,True,290,2,764,False,0,0,0,0,0,0,0,0,0,0,"경주 초코보가 성장해서 능력치가 오르면
실력자들이 모이는 상위 등급 경주에 출전할 수 있어!","","","","","","","","","",""
282,1,0,True,294,2,764,False,0,0,0,0,0,0,0,0,0,0,"초코보 경주에는 경기 중에만 사용 가능한
특수한 '경주 아이템'이 있어!","","","","","","","","","",""
283,1,0,True,296,2,764,False,0,0,0,0,0,0,0,0,0,0,"그럼 '경주 아이템'에는 어떤 것들이 있는지
간단하게 설명해줄게!","","","","","","","","","",""
284,1,0,True,306,2,764,False,0,0,0,0,0,0,0,0,0,0,"경주 초코보는 경주 중에 특별한 능력을 쓸 수 있어.
이걸 잘 활용하면 경주를 유리하게 풀어나갈 수 있을 거야!","","","","","","","","","",""
285,1,0,True,308,2,764,False,0,0,0,0,0,0,0,0,0,0,"'초코보 경주'는 대자연 속에서 펼쳐지는 경기야.
당연히 맑은 날이 있으면 비가 오는 날도 있지.","","","","","","","","","",""
286,1,0,False,119,2,0,False,0,0,0,0,0,0,0,0,0,0,"MGP도 획득할 수 있으니까
꼭 한번 '초코보 경주'에 출전해봐!","","","","","","","","","",""
287,1,0,True,288,2,0,False,0,0,0,0,0,0,0,0,0,0,"경주 초코보의 주인을 '기수'라고 하는데,
경주 초코보로 동시에 등록할 수 있는 건
기수 한 명당 초코보 한 마리뿐이니까 조심해!","","","","","","","","","",""
288,1,0,True,293,2,0,False,0,0,0,0,0,0,0,0,0,0,"경주 초코보를 '은퇴'시킨 다음에는
다시 다른 초코보를 경주 초코보로 등록할 수 있어.
참고로 은퇴 절차는 '초코보 조련사'가 담당하고 있어.","","","","","","","","","",""
289,1,0,False,119,2,0,False,0,0,0,0,0,0,0,0,0,0,"네 경주 초코보의 능력에 맞는 등급을 안내해줄 테니까
그중에서 마음에 드는 경주를 골라 참가 등록을 해봐!","","","","","","","","","",""
290,1,7,True,291,2,0,False,0,0,0,0,0,0,0,0,0,0,"경주 초코보는 '체급' 수치에 따라
출전 가능한 경주 등급이 정해져 있습니다.","","","","","","","","","",""
291,1,7,True,292,2,0,False,0,0,0,0,0,0,0,0,0,0,"이 수치가 오를수록 더 높은 등급에 출전할 수 있으나
'체급'이 각 등급의 상한을 초과하면
하위 등급에는 출전할 수 없게 됩니다.","","","","","","","","","",""
292,1,7,False,119,2,0,False,0,0,0,0,0,0,0,0,0,0,"현재의 체급 수치는 주 메뉴의 '내 캐릭터' 중 '골드 소서'를 보시면
'초코보' 항목에 표시되어 있습니다.","","","","","","","","","",""
293,1,0,False,119,2,0,False,0,0,0,0,0,0,0,0,0,0,"그리고 새로운 '신입 초코보 등록증'이 필요하면
'굽은가지 목장'에 있는 '초코보 중개인'에게
구매할 수 있으니까 기억해둬!","","","","","","","","","",""
294,1,0,True,295,2,0,False,0,0,0,0,0,0,0,0,0,0,"'경주 아이템'을 적절히 사용하면
형세를 단숨에 역전시킬 수도 있어!
경주 중에 아이템을 얻으면 적극적으로 사용해봐!","","","","","","","","","",""
295,1,7,False,119,2,0,False,0,0,0,0,0,0,0,0,0,0,"'경주 아이템'은 경주가 진행되는 코스에서 얻을 수 있습니다.
손에 넣은 경주 아이템은 전용 단축바에 등록되며
원할 때 사용할 수 있습니다.","","","","","","","","","",""
296,1,7,True,297,2,0,False,0,0,0,0,0,0,0,0,0,0,"초코 포션:
경주 초코보의 체력을 최대치의 10%만큼 회복합니다.","","","","","","","","","",""
297,1,7,True,298,2,0,False,0,0,0,0,0,0,0,0,0,0,"체력의 약:
체력을 1 회복하고
10초 동안 경주 초코보의 체력이 소모되지 않습니다.","","","","","","","","","",""
298,1,7,True,299,2,0,False,0,0,0,0,0,0,0,0,0,0,"질주 신발:
경주 초코보가 전력으로 질주합니다.","","","","","","","","","",""
299,1,7,True,300,2,0,False,0,0,0,0,0,0,0,0,0,0,"초코 에테르:
이미 사용한 기술 중 하나를 다시 사용할 수 있게 됩니다.","","","","","","","","","",""
300,1,7,True,301,2,0,False,0,0,0,0,0,0,0,0,0,0,"중력 구체:
자기 앞을 달리는 초코보를 과중력 상태로 만듭니다.","","","","","","","","","",""
301,1,7,True,302,2,0,False,0,0,0,0,0,0,0,0,0,0,"바커스의 물:
자기 앞을 달리는 초코보를 일정 시간 광분 상태로 만듭니다.
흥분 시에는 강제로 가속하며 체력을 소모하게 됩니다.","","","","","","","","","",""
302,1,7,True,303,2,0,False,0,0,0,0,0,0,0,0,0,0,"가시나무 씨앗:
자기 주위에 가시나무를 생성합니다.
범위 안에 들어온 초코보는 지속적으로 체력이 소모됩니다.","","","","","","","","","",""
303,1,7,True,481,2,0,False,0,0,0,0,0,0,0,0,0,0,"영웅의 약:
15초 동안 능력치가 상승하며, 모든 약화 효과를 무효화합니다.","","","","","","","","","",""
304,1,7,True,305,2,0,False,0,0,0,0,0,0,0,0,0,0,"초코 메테오:
자신보다 앞선 모든 경주 초코보에게
초코 메테오를 떨어뜨립니다.","","","","","","","","","",""
305,1,0,False,119,2,764,False,0,0,0,0,0,0,0,0,0,0,"……자, 설명은 여기까지.
경주를 즐기다 보면 자연스레 몸에 익을 테니
한 번에 다 외우려 할 필요는 없어!","","","","","","","","","",""
306,1,0,True,307,2,0,False,0,0,0,0,0,0,0,0,0,0,"'특수 능력'은 크게 두 종류가 있어.
습득하기만 하면 항상 효과를 발휘하는 기술과
경주 중에 직접 사용하도록 지시해야 하는 기술이 있지.","","","","","","","","","",""
307,1,0,False,119,2,0,False,0,0,0,0,0,0,0,0,0,0,"지시를 내려야 하는 '특수 능력'은
해당 경주에서 딱 한 번만 사용할 수 있으니까
언제 쓸지 잘 판단해야 해!","","","","","","","","","",""
308,1,0,True,309,2,0,False,0,0,0,0,0,0,0,0,0,0,"초코보는 성격에 따라 좋아하는 날씨가 달라.
맑은 날에 기운이 넘치는 아이가 있는 한편
비 오는 날을 좋아하는 아이도 있거든.","","","","","","","","","",""
309,1,0,False,119,2,0,False,0,0,0,0,0,0,0,0,0,0,"자신의 경주 초코보가 싫어하는 날씨일 때는
평소보다 어려운 경주가 될지도 몰라!","","","","","","","","","",""
310,1,0,True,316,2,764,False,0,0,0,0,0,0,0,0,0,0,"기본적인 설명은 이걸로 끝이야!
경주 초코보를 잘 육성해서
더 높은 등급에 출전할 수 있도록 노력해봐!","","","","","","","","","",""
311,0,0,False,0,0,0,False,0,0,0,0,0,0,0,0,0,0,"","","","","","","","","","",""
312,3,0,False,0,0,0,False,0,0,0,0,0,0,0,0,0,0,"挑戦には<Format(IntegerParameter(1),FF022C)/>MGPが必要です","","","","","","","","","",""
313,3,0,False,0,0,0,False,0,0,0,0,0,0,0,0,0,0,"挑戦には<Format(IntegerParameter(1),FF022C)/>MGPが必要です","","","","","","","","","",""
314,3,0,False,0,0,0,False,0,0,0,0,0,0,0,0,0,0,"挑戦には<Format(IntegerParameter(1),FF022C)/>MGPが必要です","","","","","","","","","",""
315,3,0,False,0,0,0,False,0,0,0,0,0,0,0,0,0,0,"挑戦には<Format(IntegerParameter(1),FF022C)/>MGPが必要です","","","","","","","","","",""
316,1,7,True,317,2,0,False,0,0,0,0,0,0,0,0,0,0,"경주 초코보의 '체급'이 올라가면
더 높은 등급의 경주에 출전할 수 있게 됩니다.","","","","","","","","","",""
317,1,7,False,118,2,0,False,0,0,0,0,0,0,0,0,0,0,"현재의 체급 수치는 주 메뉴의 '내 캐릭터' 중 '골드 소서'을 열면
'초코보' 항목에 표시되어 있습니다.","","","","","","","","","",""
318,1,0,False,319,2,764,False,0,0,0,0,0,0,0,0,0,0,"으으…… 난 인파가 질색이거든…….
하지만 나로 변신한 임프가 어딘가에 숨어있을 거야.
미안하지만 나 대신 그놈을 잡아주면 안 될까?","","","","","","","","","",""
319,1,0,False,163,2,0,False,0,0,0,0,0,0,0,0,0,0,"그 임프는 나랑 완전히 똑같이 생겼어.
이 '특제 연막탄'을 던지면 정체를 드러낼 거야.
내 모습을 확인하고 싶으면 언제든지 말해.","","","","","","","","","",""
320,1,0,False,321,2,764,False,0,0,0,0,0,0,0,0,0,0,"앗, 이봐. 잠깐 나 좀 도와줄 수 있어?
실은 이 부근에 장난꾸러기 임프가 숨어있거든.","","","","","","","","","",""
321,1,0,False,163,2,0,False,0,0,0,0,0,0,0,0,0,0,"그런데 그 녀석이 하필 나로 변신하는 바람에…….
부탁인데 나랑 똑같이 생긴 녀석을 찾아서
이 '특제 연막탄'을 던져줘!","","","","","","","","","",""
322,1,0,False,323,2,764,False,0,0,0,0,0,0,0,0,0,0,"흑흑, 아무도 내 말을 믿어주지 않아…….
네가…… 네가 마지막 희망이야!
손님 중에 나로 변신한 임프가 숨어있다고!","","","","","","","","","",""
323,1,0,False,163,2,0,False,0,0,0,0,0,0,0,0,0,0,"녀석은 전혀 분간이 안 갈 정도로 나랑 똑같이 생겼어.
자, 날 믿고 이 '특제 연막탄'을 받아.
임프로 보이는 놈한테 던져서 정체를 밝혀줘!","","","","","","","","","",""
324,1,0,False,0,2,764,False,0,0,0,0,0,0,0,0,0,0,"쿨럭, 쿨럭!?
이게 뭡니까!
뭐 이렇게 지독한 놀이가 다 있죠……!?","","","","","","","","","",""
325,1,0,False,0,2,764,False,0,0,0,0,0,0,0,0,0,0,"이, 이게 무슨 짓입니까……!?
오락장이 즐거워서 기분이 들뜬 건 이해하지만
이렇게 고약한 장난은 다른 사람에게 피해를 주지 않습니까.","","","","","","","","","",""
326,1,0,False,0,2,764,False,0,0,0,0,0,0,0,0,0,0,"아하, 이제야 알겠군…… 콜록.
여기저기서 느껴지던 시선이 이것 때문이었어.
그런데 이것도 행사의 일종인가?","","","","","","","","","",""
327,1,0,False,0,2,764,False,0,0,0,0,0,0,0,0,0,0,"시, 실패했구나……. 이거 난감하네…….
아무튼, 임프가 또 나타나면 그땐 꼭 잡아줘……!","","","","","","","","","",""
328,1,0,False,0,2,764,False,0,0,0,0,0,0,0,0,0,0,"안 됐나 보구나…….
완전히 똑같이 생긴 사람을 찾는 게
생각보다 어려웠던 모양이네.","","","","","","","","","",""
329,1,0,False,0,2,764,False,0,0,0,0,0,0,0,0,0,0,"어, 실패한 거야……?
내 모습을 좀 더 확실하게 확인해두지 그랬어.","","","","","","","","","",""
330,1,0,False,0,2,764,False,0,0,0,0,0,0,0,0,0,0,"실패했구나…….
하지만 난 땅끝까지라도 임프를 쫓아가겠어!
언젠가 다시 만나면 그땐 잘 부탁한다!","","","","","","","","","",""
331,1,0,False,0,2,764,False,0,0,0,0,0,0,0,0,0,0,"에이~ 실패했어?
쑥스러워서 내 모습을 제대로 안 보고 갔나 보네~?","","","","","","","","","",""
332,1,0,False,0,2,764,False,0,0,0,0,0,0,0,0,0,0,"실패했다고? 어쩔 수 없지.
괜히 날벼락 맞은 사람한테는 내가 사과할게.
그래도 도와줘서 고마웠어!","","","","","","","","","",""
333,1,0,False,0,2,764,False,0,0,0,0,0,0,0,0,0,0,"에이, 실패했구나…….
나를 쏙 빼닮은 여자애를 찾았어야 하는데…….","","","","","","","","","",""
334,1,0,False,0,2,764,False,0,0,0,0,0,0,0,0,0,0,"저런, 실패했구나…….
비슷하게 생긴 사람이 이렇게 많이 모인 것도 신기하네.","","","","","","","","","",""
335,1,0,False,0,2,764,False,0,0,0,0,0,0,0,0,0,0,"실패하셨군요…….
그래도 감사합니다. 저도 찾아볼게요.","","","","","","","","","",""
336,1,0,False,0,2,764,False,0,0,0,0,0,0,0,0,0,0,"너도 안 됐구나…….
역시 내가 직접 찾아야 할까 봐.
도와줘서 고맙다!","","","","","","","","","",""
337,1,0,False,0,2,764,False,0,0,0,0,0,0,0,0,0,0,"그래, 실패했다고…….
좀 더 주의 깊게 살펴봐 주었으면 좋았겠지만
뭐, 애초에 내 실력 부족으로 생긴 일이니…….","","","","","","","","","",""
338,1,0,False,0,2,764,False,0,0,0,0,0,0,0,0,0,0,"실패했구나…….
그럼 나는 좀 더 찾아보기로 하지.
도와줘서 고맙다!","","","","","","","","","",""
339,1,0,False,0,2,764,False,0,0,0,0,0,0,0,0,0,0,"젠장~ 못 찾았구나!
임프 자식, 어디 숨어있는 거야~!","","","","","","","","","",""
340,1,0,False,0,2,764,False,0,0,0,0,0,0,0,0,0,0,"결국 못 찾았구나…….
나랑 똑같이 생긴 녀석이 어슬렁대는 걸 상상하니
기분이 참 묘하구만.","","","","","","","","","",""
341,1,0,False,0,2,764,False,0,0,0,0,0,0,0,0,0,0,"아~ 실패했나 보네~
괜찮아, 괜찮아~ 신경 쓰지 마!
따지고 보면 다 장난꾸러기 임프 때문이니까~","","","","","","","","","",""
342,1,0,False,0,2,764,False,0,0,0,0,0,0,0,0,0,0,"아차, 실패했나 보군요…….
그래도 어쩔 수 없지요.
비슷한 복장을 한 사람이 이렇게나 많으면 말이에요.","","","","","","","","","",""
343,1,0,False,0,2,764,False,0,0,0,0,0,0,0,0,0,0,"으앙~ 너도 실패했구나.
이제 '특제 연막탄'도 다 떨어졌으니 포기해야겠네~","","","","","","","","","",""
344,1,0,False,0,2,764,False,0,0,0,0,0,0,0,0,0,0,"아, 아쉽다…….
이번에는 장난꾸러기 임프의 승리네.","","","","","","","","","",""
345,1,0,False,0,2,764,False,0,0,0,0,0,0,0,0,0,0,"실패했나 보구나…….
뭐, 어쩔 수 없지.
나랑 똑같이 생긴 사람을 발견하면 그땐 잘 부탁해!","","","","","","","","","",""
346,1,0,False,0,2,764,False,0,0,0,0,0,0,0,0,0,0,"흠, 실패했다고…….
임프 녀석, 생각보다 만만치 않군…….","","","","","","","","","",""
347,1,0,False,0,2,764,False,0,0,0,0,0,0,0,0,0,0,"어머, 절세의 미녀를 찾는 건 쉬웠을 텐데…….
혹시…… 미녀에 약한 거 아니야?","","","","","","","","","",""
348,1,0,False,0,2,764,False,0,0,0,0,0,0,0,0,0,0,"실패하셨군요…….
아, 괜찮습니다. 평범하게 생긴 제 잘못이니까요.
이렇게 된 거, 확 머리를 짧게 잘라볼까…….","","","","","","","","","",""
349,1,0,False,0,2,764,False,0,0,0,0,0,0,0,0,0,0,"당신도 두 손 두 발 다 들었구나…….
장난꾸러기 임프가 한 수 위였나 보네.","","","","","","","","","",""
350,1,0,False,0,2,764,False,0,0,0,0,0,0,0,0,0,0,"특제 연막탄'도 다 떨어졌고……
아쉽지만 이번에는 포기해야겠네.","","","","","","","","","",""
351,1,0,False,0,2,764,False,0,0,0,0,0,0,0,0,0,0,"으어~! 실패라니!
더러운 임프 녀석, 다음엔 절대 놓치지 않겠다!","","","","","","","","","",""
352,1,0,False,0,2,764,False,0,0,0,0,0,0,0,0,0,0,"그런 실수를 하다니…….
그대는 나의 아름다움을 이해하지 못한 모양이군…….","","","","","","","","","",""
353,1,0,False,0,2,764,False,0,0,0,0,0,0,0,0,0,0,"……그래, 못 찾았구나.
하긴, 비슷한 사람이 이렇게 많으니 어쩔 수 없지.","","","","","","","","","",""
354,1,0,False,0,2,764,False,0,0,0,0,0,0,0,0,0,0,"복장이 비슷한 사람과 착각했나 보군…….
으음, 분하다…….","","","","","","","","","",""
355,1,0,False,0,2,764,False,0,0,0,0,0,0,0,0,0,0,"실패했다고……?
아하, 너도 내 덩치에 쫄았구나? 그럼 그렇지!","","","","","","","","","",""
356,1,0,False,0,2,764,False,0,0,0,0,0,0,0,0,0,0,"<If(PlayerParameter(4))>아가씨<Else/>형씨</If>도 실패했나 보네…….
괜찮아, 신경 쓰지 마.
나랑 판박이인 사람이 이렇게나 많은데 어쩌겠어!","","","","","","","","","",""
357,1,0,False,0,2,764,False,0,0,0,0,0,0,0,0,0,0,"놓쳤구나……. 이거 난감하네.
혹 지나가다 그 임프를 발견하게 되면
내가 파산하기 전에 꼭 잡아줘……!","","","","","","","","","",""
358,1,0,False,0,2,764,False,0,0,0,0,0,0,0,0,0,0,"……으음, 분하다.
내 힘이 부족한 탓에…… 자네에게도 미안하게 됐어.","","","","","","","","","",""
359,1,0,False,0,2,764,False,0,0,0,0,0,0,0,0,0,0,"끙~ 아쉽네…….
임프 녀석, 참 성가시단 말이야.","","","","","","","","","",""
360,1,0,False,0,2,764,False,0,0,0,0,0,0,0,0,0,0,"이럴 수가…… 눈앞이 깜깜하다…….
난 이제 틀렸어……. 하지만 믿어줘서 고마워.","","","","","","","","","",""
361,1,0,False,0,2,764,False,0,0,0,0,0,0,0,0,0,0,"아아, 다행이다!
하늘이 무너지는 줄 알았는데…….
네 덕분이야, 정말 고마워!","","","","","","","","","",""
362,1,0,False,0,2,764,False,0,0,0,0,0,0,0,0,0,0,"고맙다!
정말이지 '변신 능력'이란 까다롭기 그지없는 주술이로군.","","","","","","","","","",""
363,1,0,False,0,2,764,False,0,0,0,0,0,0,0,0,0,0,"고마워!
이제 의뢰도 마쳤으니…… 실컷 놀아야겠다!
다 네 덕분이야!","","","","","","","","","",""
364,1,0,False,0,2,764,False,0,0,0,0,0,0,0,0,0,0,"이얏호!
너한테 맡기길 잘했어!","","","","","","","","","",""
365,1,0,False,0,2,764,False,0,0,0,0,0,0,0,0,0,0,"다행이다~!
이제 골드 소서 사람들도 안심했겠지~?
장난꾸러기 임프도 반성했으면 좋겠다~","","","","","","","","","",""
366,1,0,False,0,2,764,False,0,0,0,0,0,0,0,0,0,0,"정말 고마워!
만약 아직도 내 모습을 한 채 돌아다녔다면…….
어휴, 생각만 해도 끔찍해.","","","","","","","","","",""
367,1,0,False,0,2,764,False,0,0,0,0,0,0,0,0,0,0,"와~ 다행이다~!
고마워요, <If(PlayerParameter(4))>언니<Else/>오빠</If>~!","","","","","","","","","",""
368,1,0,False,0,2,764,False,0,0,0,0,0,0,0,0,0,0,"훌륭해!
영악한 임프 녀석도 속수무책으로 당했나 보네.
덕분에 한숨 돌렸어.","","","","","","","","","",""
369,1,0,False,0,2,764,False,0,0,0,0,0,0,0,0,0,0,"수고하셨습니다!
일을 저지르기 전에 막아주셔서 감사드려요!","","","","","","","","","",""
370,1,0,False,0,2,764,False,0,0,0,0,0,0,0,0,0,0,"고마워!
너라면 해낼 줄 알았다니까!","","","","","","","","","",""
371,1,0,False,0,2,764,False,0,0,0,0,0,0,0,0,0,0,"그래, 잘했어!
어려운 상황에서도 잘 찾아줘서 감사한다!","","","","","","","","","",""
372,1,0,False,0,2,764,False,0,0,0,0,0,0,0,0,0,0,"호오, 이것 참 고맙군!
그 인파 속에서 표적을 찾아내다니……
훌륭한 솜씨야!","","","","","","","","","",""
373,1,0,False,0,2,764,False,0,0,0,0,0,0,0,0,0,0,"야호, 깨소금 맛이다!
임프 녀석, 제대로 혼이 났겠지?","","","","","","","","","",""
374,1,0,False,0,2,764,False,0,0,0,0,0,0,0,0,0,0,"찾아줘서 고맙다!
내 얼굴을 가진 녀석은 두 번 다시 보고 싶지 않군.","","","","","","","","","",""
375,1,0,False,0,2,764,False,0,0,0,0,0,0,0,0,0,0,"와~ 고마워~!
당신, 실력 좀 있나 보다~
임프가 또 나타나면 부탁해도 될까~?","","","","","","","","","",""
376,1,0,False,0,2,764,False,0,0,0,0,0,0,0,0,0,0,"수고하셨어요, 덕분에 살았네요.
이렇게 비슷한 사람이 많은 곳에서 용케 찾아내셨네요!","","","","","","","","","",""
377,1,0,False,0,2,764,False,0,0,0,0,0,0,0,0,0,0,"야호~!
<If(PlayerParameter(4))>언니<Else/>오빠</If>, 못된 임프를 혼내줘서 고마워요!","","","","","","","","","",""
378,1,0,False,0,2,764,False,0,0,0,0,0,0,0,0,0,0,"해냈구나!
녹초가 될 때까지 고생한 보람이 있네!","","","","","","","","","",""
379,1,0,False,0,2,764,False,0,0,0,0,0,0,0,0,0,0,"이제 장난꾸러기 임프도 반성 좀 했으려나…….
나처럼 어려움에 처한 요마 사냥꾼을 보면
지나치지 말고 도와주면 고맙겠어!","","","","","","","","","",""
380,1,0,False,0,2,764,False,0,0,0,0,0,0,0,0,0,0,"번거롭게 해서 미안하다.
그 변장을 간파하다니, 관찰력이 정말 뛰어나군.","","","","","","","","","",""
381,1,0,False,0,2,764,False,0,0,0,0,0,0,0,0,0,0,"제법인데!
역시 절세의 미녀는 나 하나면 충분해.","","","","","","","","","",""
382,1,0,False,0,2,764,False,0,0,0,0,0,0,0,0,0,0,"휴우, 다행이다…….
앞으로 혼자서도 임프를 잡을 수 있도록
더욱 노력하겠습니다!","","","","","","","","","",""
383,1,0,False,0,2,764,False,0,0,0,0,0,0,0,0,0,0,"훌륭해!
장난꾸러기 임프도 너한테는 두 손 두 발 다 들었겠는걸.","","","","","","","","","",""
384,1,0,False,0,2,764,False,0,0,0,0,0,0,0,0,0,0,"아~ 다행이다!
네 덕분에 살았어. 정말 고마워.","","","","","","","","","",""
385,1,0,False,0,2,764,False,0,0,0,0,0,0,0,0,0,0,"우오~! 이렇게 고마울 데가!
괘씸한 임프 녀석, 다음은 없을 줄 알아라!","","","","","","","","","",""
386,1,0,False,0,2,764,False,0,0,0,0,0,0,0,0,0,0,"제법이구나!
내 아름다움을 제대로 이해했으니 칭찬해주지!","","","","","","","","","",""
387,1,0,False,0,2,764,False,0,0,0,0,0,0,0,0,0,0,"대단한데!
그 정신없는 상황에서 찾아내다니 말이야.
정말 고맙다!","","","","","","","","","",""
388,1,0,False,0,2,764,False,0,0,0,0,0,0,0,0,0,0,"성공했구나!
고맙다, 덕분에 살았어……!","","","","","","","","","",""
389,1,0,False,0,2,764,False,0,0,0,0,0,0,0,0,0,0,"오오, 해냈구나!
그 덩치를 보고도 쫄지 않다니,
배짱 한번 두둑한걸!","","","","","","","","","",""
390,1,0,False,0,2,764,False,0,0,0,0,0,0,0,0,0,0,"좋았어!
보기 좋게 해냈구나! 이것 참, 고마워서 어쩌지.","","","","","","","","","",""
391,1,0,False,0,2,764,False,0,0,0,0,0,0,0,0,0,0,"살았다, 정말 고마워!
덕분에 거지꼴은 면했어~!","","","","","","","","","",""
392,1,0,False,0,2,764,False,0,0,0,0,0,0,0,0,0,0,"대단한데? 고마워!
이번 기회에 나도 인파에 익숙해져 볼게.","","","","","","","","","",""
393,1,0,False,0,2,764,False,0,0,0,0,0,0,0,0,0,0,"세상은 아직 살만하구나!
생판 남인 내 부탁을 들어주다니,
이렇게 착한 사람이 있을까!","","","","","","","","","",""
394,1,0,False,0,2,764,False,0,0,0,0,0,0,0,0,0,0,"살았다~!
이 은혜는 절대 잊지 않을게!","","","","","","","","","",""
395,1,0,True,404,2,764,False,0,0,0,0,0,0,0,0,0,0,"경주 초코보를 등록했구나.
그럼 지금부터 경주의 기본을 알려줄게!","","","","","","","","","",""
396,1,0,True,397,2,764,False,0,0,0,0,0,0,0,0,0,0,"자, 드디어 경주에 출전할 시간이 왔어!
네 경주 초코보의 현재 체급은 <Value>IntegerParameter(1)</Value><13>FF07022003E80203FF04EC95BCFF07EC9DB4EC95BC</13>.
그럼 지금 출전할 수 있는 경주에 대해 간단히 설명할게.","","","","","","","","","",""
397,1,0,True,398,2,0,False,0,0,0,0,0,0,0,0,0,0,"초보 기수들은 '초보급'에 참가할 수 있어.
경주 감각을 익히는 게 목적이기 때문에
체급이 낮을 때에만 참가할 수 있지.","","","","","","","","","",""
398,1,0,True,399,2,0,False,0,0,0,0,0,0,0,0,0,0,"'체급'이 올라가면 등급도 바뀌어서
더 강한 초코보들이 출전하는 경주에 참가할 수 있어.","","","","","","","","","",""
399,1,0,True,400,2,0,False,0,0,0,0,0,0,0,0,0,0,"물론 상위 등급일수록 험난한 경주가 예상되지만,
그만큼 보상도 늘어나니, 열심히 해서 이겨봐!","","","","","","","","","",""
400,1,7,False,0,2,0,False,0,0,0,0,0,0,0,0,0,0,"임무 찾기를 통해 초코보 경주에 참가할 수 있습니다.","","","","","","","","","",""
401,1,0,True,402,2,764,False,0,0,0,0,0,0,0,0,0,0,"참가할 경기 등급을 정했으면 다음에는 '코스'를 골라야 해.
'초코보 경주'는 해변이나 숲처럼
자연 속에 펼쳐진 다양한 코스에서 진행되거든!","","","","","","","","","",""
402,1,0,True,403,2,0,False,0,0,0,0,0,0,0,0,0,0,"물론 경치만 다른 게 아니야!
코스에 따라 결승선까지의 거리가 다르고
설치된 장애물의 종류도 달라지거든.","","","","","","","","","",""
403,1,0,False,126,2,0,False,0,0,0,0,0,0,0,0,0,0,"그래서 코스의 특징을 잘 파악하는 게 승리의 비결이지.
경험을 쌓으면서 자신 있는 코스를 찾아봐!","","","","","","","","","",""
404,1,7,False,0,2,0,False,0,0,0,0,0,0,0,0,0,0,"'참가 등록'을 눌러 '튜토리얼'을 선택하십시오.
실제로 코스를 주행하면서
'초코보 경주'에 관한 기본 설명을 들으실 수 있습니다.","","","","","","","","","",""
405,1,0,False,0,0,0,False,0,0,0,0,0,0,0,0,0,0,"아직 등록한 경주 초코보가 없나 보네?
그럼 일단 '초코보 조련사'한테 가서
'신입 초코보'를 경주 초코보로 등록해봐!","","","","","","","","","",""
406,1,0,False,0,0,0,False,0,0,0,0,0,0,0,0,0,0,"이 몸의 화려한 춤에 빠져들어라…….","","","","","","","","","",""
407,1,0,False,0,0,0,False,0,0,0,0,0,0,0,0,0,0,"어머, 귀여운 친구네.
어떤 춤을 보여줄지 기대되는걸…….","","","","","","","","","",""
408,1,0,False,0,2,764,False,0,0,0,0,0,0,0,0,0,0,"<Unknown60>0203</Unknown60>축하드립니다.
<Format(IntegerParameter(1),FF022C)/> MGP를 드리겠습니다!
다시 한 번 도전하시겠습니까?","","","","","","","","","",""
409,1,0,False,0,2,764,False,0,0,0,0,0,0,0,0,0,0,"도전해주셔서 감사합니다.
다시 한 번 도전하시겠습니까?","","","","","","","","","",""
410,1,7,False,0,0,0,False,0,0,0,0,0,0,0,0,0,0,"'꼬마 친구 공방전'을 시작하려면
꼬마 친구를 3종류 이상 보유해야 합니다.","","","","","","","","","",""
411,14,0,False,0,0,0,False,412,0,414,416,0,0,0,0,0,0,"꼬마 친구 공방전","도전","대결","대회","게임 방법 안내","취소","","","","",""
412,15,0,False,411,0,0,False,0,0,0,0,0,0,0,0,0,0,"도전","뒤로","","","","","","","","",""
413,10,0,False,411,0,0,False,0,0,415,411,0,0,0,0,0,0,"대결","플레이어 대결(RP 변동 없음)","플레이어 대결(RP 변동 있음)","인공지능 대결","뒤로","","","","","",""
414,10,0,False,411,0,0,False,0,0,0,411,0,0,0,0,0,0,"대회","대회 대결","대회 정보","순위","뒤로","","","","","",""
415,10,0,False,411,0,0,False,0,0,0,413,0,0,0,0,0,0,"인공지능 대결","꼬마 친구급(쉬움)","진 꼬마 친구급(보통)","극 꼬마 친구급(어려움)","뒤로","","","","","",""
416,10,0,False,411,0,0,False,471,0,411,0,0,0,0,0,0,0,"게임 방법 안내","꼬마 친구 단축바 편집 방법","꼬마 친구 공방전 규칙","뒤로","","","","","","",""
417,0,0,False,0,0,0,False,0,0,0,0,0,0,0,0,0,0,"","","","","","","","","","",""
418,2,0,False,0,0,0,False,0,0,0,0,0,0,0,0,0,0,"<UIForeground>F201FA</UIForeground><UIGlow>F201FB</UIGlow>꼬마 친구 공방전<UIGlow>01</UIGlow><UIForeground>01</UIForeground>
꼬마 친구를 지휘하여 승리를 쟁취하라!

플레이하시겠습니까?","예","아니요","","","","","","","",""
419,13,0,False,414,0,0,False,0,0,0,0,0,0,0,0,0,0,"제<Value>IntegerParameter(1)</Value>회 꼬마 친구 공방전 대회

개최 기간(현실 시간):
<Time(IntegerParameter(2))/><Value>TopLevelParameter(222)</Value>년 <Value>TopLevelParameter(221)</Value>월 <Value>TopLevelParameter(219)</Value>일 (<Switch(TopLevelParameter(220))><Case(1)>일</Case><Case(2)>월</Case><Case(3)>화</Case><Case(4)>수</Case><Case(5)>목</Case><Case(6)>금</Case><Case(7)>토</Case></Switch>) <If(GreaterThanOrEqualTo(TopLevelParameter(218),12))>오후<Else/>오전</If> <If(TopLevelParameter(218))><Switch(TopLevelParameter(218))><Case(1)>1</Case><Case(2)>2</Case><Case(3)>3</Case><Case(4)>4</Case><Case(5)>5</Case><Case(6)>6</Case><Case(7)>7</Case><Case(8)>8</Case><Case(9)>9</Case><Case(10)>10</Case><Case(11)>11</Case><Case(12)>0</Case><Case(13)>1</Case><Case(14)>2</Case><Case(15)>3</Case><Case(16)>4</Case><Case(17)>5</Case><Case(18)>6</Case><Case(19)>7</Case><Case(20)>8</Case><Case(21)>9</Case><Case(22)>10</Case><Case(23)>11</Case></Switch><Else/>0</If>시~
<Time(IntegerParameter(3))/><Value>TopLevelParameter(222)</Value>년 <Value>TopLevelParameter(221)</Value>월 <Value>TopLevelParameter(219)</Value>일 (<Switch(TopLevelParameter(220))><Case(1)>일</Case><Case(2)>월</Case><Case(3)>화</Case><Case(4)>수</Case><Case(5)>목</Case><Case(6)>금</Case><Case(7)>토</Case></Switch>) <If(GreaterThanOrEqualTo(TopLevelParameter(218),12))>오후<Else/>오전</If> <If(TopLevelParameter(218))><Switch(TopLevelParameter(218))><Case(1)>1</Case><Case(2)>2</Case><Case(3)>3</Case><Case(4)>4</Case><Case(5)>5</Case><Case(6)>6</Case><Case(7)>7</Case><Case(8)>8</Case><Case(9)>9</Case><Case(10)>10</Case><Case(11)>11</Case><Case(12)>0</Case><Case(13)>1</Case><Case(14)>2</Case><Case(15)>3</Case><Case(16)>4</Case><Case(17)>5</Case><Case(18)>6</Case><Case(19)>7</Case><Case(20)>8</Case><Case(21)>9</Case><Case(22)>10</Case><Case(23)>11</Case></Switch><Else/>0</If>시
참가 자격: <Sheet(MinionRules,IntegerParameter(4),1)/>
대회 규칙: <Sheet(MinionRules,IntegerParameter(4),0)/>

","확인","","","","","","","","",""
420,13,0,False,414,0,0,False,0,0,0,0,0,0,0,0,0,0,"현재 개최 중인 대회가 없습니다.

다음 개최 기간(현실 시간):
<Time(IntegerParameter(2))/><Value>TopLevelParameter(222)</Value>년 <Value>TopLevelParameter(221)</Value>월 <Value>TopLevelParameter(219)</Value>일 (<Switch(TopLevelParameter(220))><Case(1)>일</Case><Case(2)>월</Case><Case(3)>화</Case><Case(4)>수</Case><Case(5)>목</Case><Case(6)>금</Case><Case(7)>토</Case></Switch>) <If(GreaterThanOrEqualTo(TopLevelParameter(218),12))>오후<Else/>오전</If> <If(TopLevelParameter(218))><Switch(TopLevelParameter(218))><Case(1)>1</Case><Case(2)>2</Case><Case(3)>3</Case><Case(4)>4</Case><Case(5)>5</Case><Case(6)>6</Case><Case(7)>7</Case><Case(8)>8</Case><Case(9)>9</Case><Case(10)>10</Case><Case(11)>11</Case><Case(12)>0</Case><Case(13)>1</Case><Case(14)>2</Case><Case(15)>3</Case><Case(16)>4</Case><Case(17)>5</Case><Case(18)>6</Case><Case(19)>7</Case><Case(20)>8</Case><Case(21)>9</Case><Case(22)>10</Case><Case(23)>11</Case></Switch><Else/>0</If>시~
<Time(IntegerParameter(3))/><Value>TopLevelParameter(222)</Value>년 <Value>TopLevelParameter(221)</Value>월 <Value>TopLevelParameter(219)</Value>일 (<Switch(TopLevelParameter(220))><Case(1)>일</Case><Case(2)>월</Case><Case(3)>화</Case><Case(4)>수</Case><Case(5)>목</Case><Case(6)>금</Case><Case(7)>토</Case></Switch>) <If(GreaterThanOrEqualTo(TopLevelParameter(218),12))>오후<Else/>오전</If> <If(TopLevelParameter(218))><Switch(TopLevelParameter(218))><Case(1)>1</Case><Case(2)>2</Case><Case(3)>3</Case><Case(4)>4</Case><Case(5)>5</Case><Case(6)>6</Case><Case(7)>7</Case><Case(8)>8</Case><Case(9)>9</Case><Case(10)>10</Case><Case(11)>11</Case><Case(12)>0</Case><Case(13)>1</Case><Case(14)>2</Case><Case(15)>3</Case><Case(16)>4</Case><Case(17)>5</Case><Case(18)>6</Case><Case(19)>7</Case><Case(20)>8</Case><Case(21)>9</Case><Case(22)>10</Case><Case(23)>11</Case></Switch><Else/>0</If>시
참가 자격: <Sheet(MinionRules,IntegerParameter(4),1)/>
대회 규칙: <Sheet(MinionRules,IntegerParameter(4),0)/>

","확인","","","","","","","","",""
421,1,0,False,422,2,0,False,0,0,0,0,0,0,0,0,0,0,"'꼬마 친구 공방전'
대회 접수창구에 오신 것을 환영합니다!","","","","","","","","","",""
422,10,0,False,0,0,0,False,424,425,0,0,0,0,0,0,0,0,"무엇을 하시겠습니까?","다음 대회에 대해 물어본다","대회에 대한 설명을 듣는다","취소","","","","","","",""
423,0,0,False,0,0,0,False,0,0,0,0,0,0,0,0,0,0,"","","","","","","","","","",""
424,1,0,True,454,2,764,False,0,0,0,0,0,0,0,0,0,0,"다음 제<Value>IntegerParameter(1)</Value>회 꼬마 친구 공방전 대회의
참가 자격은 <Sheet(MinionRules,IntegerParameter(4),1)/>,
대회 규칙은 <Sheet(MinionRules,IntegerParameter(4),0)/>입니다.","뒤로","","","","","","","","",""
425,1,0,False,468,2,764,False,0,0,0,0,0,0,0,0,0,0,"이곳 골드 소서에서는
'꼬마 친구 공방전' 대회를
정기적으로 개최하고 있습니다!","","","","","","","","","",""
426,1,0,False,427,2,0,False,0,0,0,0,0,0,0,0,0,0,"'꼬마 친구 공방전'
대회 접수창구에 오신 것을 환영합니다!
현재 제<Value>IntegerParameter(1)</Value>회 꼬마 친구 공방전 대회가 개최 중입니다.","","","","","","","","","",""
427,10,0,False,0,0,0,False,469,429,430,0,0,0,0,0,0,0,"무엇을 하시겠습니까?","대회에 참가한다","개최 중인 대회에 대해 물어본다","대회에 대한 설명을 듣는다","취소","","","","","",""
428,2,0,False,427,2,764,False,0,0,0,0,0,0,0,0,0,0,"개최 중인 대회에 참가하시겠습니까?","예","아니요","","","","","","","",""
429,1,0,True,462,2,764,False,0,0,0,0,0,0,0,0,0,0,"현재 개최 중인 제<Value>IntegerParameter(1)</Value>회 꼬마 친구 공방전 대회의
참가 자격은 <Sheet(MinionRules,IntegerParameter(4),1)/>,
대회 규칙은 <Sheet(MinionRules,IntegerParameter(4),0)/>입니다.","뒤로","","","","","","","","",""
430,1,0,True,467,0,764,False,0,0,0,0,0,0,0,0,0,0,"이곳 골드 소서에서는
'꼬마 친구 공방전' 대회를
정기적으로 개최하고 있습니다!","","","","","","","","","",""
431,1,0,True,432,0,0,False,0,0,0,0,0,0,0,0,0,0,"대회에 참가하면 랭킹 형식의 경기를 통해
다른 모험가들과 '승점'을 겨루게 됩니다.","","","","","","","","","",""
432,1,0,True,433,0,0,False,0,0,0,0,0,0,0,0,0,0,"대회에 참가 등록을 한 후
'꼬마 친구 공방전'에서 '대회 대결'을 선택하세요.
경기에서 승리하면 '승점'을 획득하게 됩니다.","","","","","","","","","",""
433,1,0,True,447,0,764,False,0,0,0,0,0,0,0,0,0,0,"진행 가능한 '대회 대결' 횟수는 대회마다 다릅니다.
또, '순위 점수(RP)'가 높은 상대에게 승리하면
더 많은 승점을 얻을 수 있습니다!","","","","","","","","","",""
434,1,0,False,427,0,0,False,0,0,0,0,0,0,0,0,0,0,"제<Value>IntegerParameter(1)</Value>회 꼬마 친구 공방전 대회에 참가 등록했습니다.
높은 순위를 목표로 최선을 다해주세요!","","","","","","","","","",""
435,1,0,False,427,0,0,False,0,0,0,0,0,0,0,0,0,0,"……어?
손님은 이미 대회에 참가 등록을 하셨네요.","","","","","","","","","",""
436,1,0,False,427,0,0,False,0,0,0,0,0,0,0,0,0,0,"……죄송합니다.
대회 참가 등록을 못 했어요.","","","","","","","","","",""
437,1,0,False,427,0,0,False,0,0,0,0,0,0,0,0,0,0,"현재 개최 중인 대회 참가 조건은
'<Sheet(MinionRules,IntegerParameter(2))/>","","","","","","","","","",""
438,1,0,False,427,0,0,False,0,0,0,0,0,0,0,0,0,0,"……죄송합니다.
손님께서는 아직 대회에 참가하실 수 없습니다.
도전 과제 '제2장'을 완료하여 대회 기능을 개방해주세요.","","","","","","","","","",""
439,1,0,False,422,0,0,False,0,0,0,0,0,0,0,0,0,0,"저런, 보상 수령 기간이 지났네요…….
보상은 다음 대회가 열리기 전에 받으셔야 해요.
다음부터는 유의해주시기 바랍니다.","","","","","","","","","",""
440,1,0,False,0,0,0,False,0,0,0,0,0,0,0,0,0,0,"수고하셨습니다!
제<Value>IntegerParameter(1)</Value>회 꼬마 친구 공방전 대회는 종료되었습니다.
그럼 손님의 순위를 확인해볼까요?","","","","","","","","","",""
441,1,0,False,444,0,0,False,0,0,0,0,0,0,0,0,0,0,"축하합니다!
<Highlight>ObjectParameter(1)</Highlight> 님은 <Format(IntegerParameter(1),FF022C)/>위에 입상하셨습니다!
보너스 <Format(IntegerParameter(2),FF022C)/>MGP를 더해서 총 <Format(IntegerParameter(3),FF022C)/>MGP를 드리겠습니다.","","","","","","","","","",""
442,1,0,False,444,0,0,False,0,0,0,0,0,0,0,0,0,0,"아쉽게도 <Highlight>ObjectParameter(1)</Highlight> 님은 순위권에 입상하지 못하셨습니다…….
참가상으로 <Format(IntegerParameter(3),FF022C)/>MGP를 드리겠습니다!","","","","","","","","","",""
443,1,0,False,0,0,0,False,0,0,0,0,0,0,0,0,0,0,"송구하지만 이번에는 보상이 없네요…….
다음번에는 더 열심히 해서 높은 순위에 입상하시기 바랍니다!","","","","","","","","","",""
444,2,0,False,0,0,0,False,0,0,0,0,0,0,0,0,0,0,"보상을 받으시겠습니까?","예","아니요","","","","","","","",""
445,1,0,False,0,0,0,False,0,0,0,0,0,0,0,0,0,0,"참가해주셔서 감사합니다!
다음 대회도 꼭 참가해주세요!","","","","","","","","","",""
446,1,7,False,0,0,0,False,0,0,0,0,0,0,0,0,0,0,"'꼬마 친구 공방전' 참가 등록을 마쳤습니다.
경기 시작까지 '초코보 광장'에서 기다려주시기 바랍니다.","","","","","","","","","",""
447,1,0,True,448,0,0,False,0,0,0,0,0,0,0,0,0,0,"대회가 종료되면 획득한 '승점'에 따라
최종 순위가 확정됩니다.","","","","","","","","","",""
448,1,0,True,449,0,0,False,0,0,0,0,0,0,0,0,0,0,"순위가 높을수록 더 많은 MGP를 획득할 수 있으니
높은 순위를 목표로 최선을 다해주세요!
순위는 '순위 게시판'에서 언제든지 확인하실 수 있습니다.","","","","","","","","","",""
449,1,0,True,450,0,0,False,0,0,0,0,0,0,0,0,0,0,"단, 대회 보상은 대회가 종료된 후부터
다음 대회가 시작되기 전까지만 받으실 수 있으니
주의하시기 바랍니다.","","","","","","","","","",""
450,1,0,True,478,0,0,False,0,0,0,0,0,0,0,0,0,0,"대회에서는 '대회 전용 규칙'이 적용됩니다.
참가 전에 규칙을 먼저 확인하시는 것을 권장합니다.
대회 참가 및 규칙 확인 문의는 제게 요청하세요!","","","","","","","","","",""
451,1,7,False,422,0,0,False,0,0,0,0,0,0,0,0,0,0,"과몰입 방지 제한으로 인해
대회 보상을 수령할 수 없습니다.","","","","","","","","","",""
452,2,0,False,0,0,0,False,0,0,0,0,0,0,0,0,0,0,"참가 등록을 취소하시겠습니까?","예","아니요","","","","","","","",""
453,0,0,False,0,0,0,False,0,0,0,0,0,0,0,0,0,0,"","","","","","","","","","",""
454,1,7,False,422,2,0,False,0,0,0,0,0,0,0,0,0,0,"다음 대회는 현실 시간으로
<Time(IntegerParameter(2))/><Value>TopLevelParameter(222)</Value>년 <Value>TopLevelParameter(221)</Value>월 <Value>TopLevelParameter(219)</Value>일 (<Switch(TopLevelParameter(220))><Case(1)>일</Case><Case(2)>월</Case><Case(3)>화</Case><Case(4)>수</Case><Case(5)>목</Case><Case(6)>금</Case><Case(7)>토</Case></Switch>) <If(GreaterThanOrEqualTo(TopLevelParameter(218),12))>오후<Else/>오전</If> <If(TopLevelParameter(218))><Switch(TopLevelParameter(218))><Case(1)>1</Case><Case(2)>2</Case><Case(3)>3</Case><Case(4)>4</Case><Case(5)>5</Case><Case(6)>6</Case><Case(7)>7</Case><Case(8)>8</Case><Case(9)>9</Case><Case(10)>10</Case><Case(11)>11</Case><Case(12)>0</Case><Case(13)>1</Case><Case(14)>2</Case><Case(15)>3</Case><Case(16)>4</Case><Case(17)>5</Case><Case(18)>6</Case><Case(19)>7</Case><Case(20)>8</Case><Case(21)>9</Case><Case(22)>10</Case><Case(23)>11</Case></Switch><Else/>0</If>시부터
<Time(IntegerParameter(3))/><Value>TopLevelParameter(222)</Value>년 <Value>TopLevelParameter(221)</Value>월 <Value>TopLevelParameter(219)</Value>일 (<Switch(TopLevelParameter(220))><Case(1)>일</Case><Case(2)>월</Case><Case(3)>화</Case><Case(4)>수</Case><Case(5)>목</Case><Case(6)>금</Case><Case(7)>토</Case></Switch>) <If(GreaterThanOrEqualTo(TopLevelParameter(218),12))>오후<Else/>오전</If> <If(TopLevelParameter(218))><Switch(TopLevelParameter(218))><Case(1)>1</Case><Case(2)>2</Case><Case(3)>3</Case><Case(4)>4</Case><Case(5)>5</Case><Case(6)>6</Case><Case(7)>7</Case><Case(8)>8</Case><Case(9)>9</Case><Case(10)>10</Case><Case(11)>11</Case><Case(12)>0</Case><Case(13)>1</Case><Case(14)>2</Case><Case(15)>3</Case><Case(16)>4</Case><Case(17)>5</Case><Case(18)>6</Case><Case(19)>7</Case><Case(20)>8</Case><Case(21)>9</Case><Case(22)>10</Case><Case(23)>11</Case></Switch><Else/>0</If>시까지 개최됩니다.","","","","","","","","","",""
455,1,0,True,456,2,0,False,0,0,0,0,0,0,0,0,0,0,"대회에 참가하면 다른 모험가분들과 승점을 겨루는
랭킹 형식의 '대회 대결'을 하실 수 있습니다.","","","","","","","","","",""
456,1,0,True,457,2,0,False,0,0,0,0,0,0,0,0,0,0,"대회에 참가한 후
'꼬마 친구 공방전'에서 '대회 대결'을 선택하세요.
경기에서 승리하면 '승점'을 획득하게 됩니다.","","","","","","","","","",""
457,1,0,True,458,2,764,False,0,0,0,0,0,0,0,0,0,0,"진행 가능한 '대회 대결' 횟수는 대회마다 다릅니다.
또, '순위 점수(RP)'가 높은 상대에게 승리하면
더 많은 승점을 얻을 수 있습니다!","","","","","","","","","",""
458,1,0,True,459,2,0,False,0,0,0,0,0,0,0,0,0,0,"대회가 종료되면 획득한 '승점'에 따라
최종 순위가 확정됩니다.","","","","","","","","","",""
459,1,0,True,460,2,0,False,0,0,0,0,0,0,0,0,0,0,"순위가 높을수록 더 많은 MGP를 획득할 수 있으니
높은 순위를 목표로 최선을 다해주세요!
순위는 '순위 게시판'에서 언제든지 확인하실 수 있습니다.","","","","","","","","","",""
460,1,0,True,461,2,0,False,0,0,0,0,0,0,0,0,0,0,"단, 대회 보상은 대회가 종료된 후부터
다음 대회가 시작되기 전까지만 받으실 수 있으니
주의하시기 바랍니다.","","","","","","","","","",""
461,1,0,True,477,2,0,False,0,0,0,0,0,0,0,0,0,0,"대회에서는 '대회 전용 규칙'이 적용됩니다.
참가 전에 규칙을 먼저 확인하시는 것을 권장합니다.
대회 참가 및 규칙 확인 문의는 제게 요청하세요!","","","","","","","","","",""
462,1,7,False,427,2,0,False,0,0,0,0,0,0,0,0,0,0,"대회 개최 기간은 현실 시간으로
<Time(IntegerParameter(3))/><Value>TopLevelParameter(222)</Value>년 <Value>TopLevelParameter(221)</Value>월 <Value>TopLevelParameter(219)</Value>일 (<Switch(TopLevelParameter(220))><Case(1)>일</Case><Case(2)>월</Case><Case(3)>화</Case><Case(4)>수</Case><Case(5)>목</Case><Case(6)>금</Case><Case(7)>토</Case></Switch>) <If(GreaterThanOrEqualTo(TopLevelParameter(218),12))>오후<Else/>오전</If> <If(TopLevelParameter(218))><Switch(TopLevelParameter(218))><Case(1)>1</Case><Case(2)>2</Case><Case(3)>3</Case><Case(4)>4</Case><Case(5)>5</Case><Case(6)>6</Case><Case(7)>7</Case><Case(8)>8</Case><Case(9)>9</Case><Case(10)>10</Case><Case(11)>11</Case><Case(12)>0</Case><Case(13)>1</Case><Case(14)>2</Case><Case(15)>3</Case><Case(16)>4</Case><Case(17)>5</Case><Case(18)>6</Case><Case(19)>7</Case><Case(20)>8</Case><Case(21)>9</Case><Case(22)>10</Case><Case(23)>11</Case></Switch><Else/>0</If>시까지입니다.
대회 경기는 대회 종료 15분 전까지만 가능하니 주의하시기 바랍니다.","","","","","","","","","",""
463,13,0,False,414,0,0,False,0,0,0,0,0,0,0,0,0,0,"현재 개최 중인 대회가 없습니다.
다음 개최 기간은 '대회 정보'에서 확인하십시오.","확인","","","","","","","","",""
464,13,0,False,414,0,0,False,0,0,0,0,0,0,0,0,0,0,"대회에 참가 등록하지 않았습니다.
'대회 접수 안내원'을 통해 대회에 참가 등록할 수 있습니다.","확인","","","","","","","","",""
465,13,0,False,414,0,0,False,0,0,0,0,0,0,0,0,0,0,"'대회 대결' 가능 횟수를 모두 소진했습니다.","확인","","","","","","","","",""
466,0,0,False,0,0,0,False,0,0,0,0,0,0,0,0,0,0,"","","","","","","","","","",""
467,1,0,True,431,2,0,False,0,0,0,0,0,0,0,0,0,0,"참가하시려면 이 경기를 충분히 이해하고 계셔야 합니다.
구체적으로 말씀드리면, 도전 '제2장'을 완료하신 분만
대회에 참가하실 수 있습니다.","","","","","","","","","",""
468,1,0,True,455,2,0,False,0,0,0,0,0,0,0,0,0,0,"참가하시려면 이 경기를 충분히 이해하고 계셔야 합니다.
구체적으로 말씀드리면, 도전 '제2장'을 완료하신 분만
대회에 참가하실 수 있습니다.","","","","","","","","","",""
469,1,0,False,428,2,0,False,0,0,0,0,0,0,0,0,0,0,"대회에 참가하기를 희망하시는군요!
이번에 적용되는 대회 규칙은
'<Sheet(MinionRules,IntegerParameter(2),0)/>'입니다.","","","","","","","","","",""
470,1,0,False,0,2,0,False,0,0,0,0,0,0,0,0,0,0,"……죄송합니다.
대회 종료 시간이 임박하여 참가 등록이 마감되었습니다.
다음 대회를 기다려주세요.","","","","","","","","","",""
471,1,7,False,472,0,0,False,0,0,0,0,0,0,0,0,0,0,"'꼬마 친구 공방전'에서는
'꼬마 친구 단축바'라는 전용 단축바를 사용하여
꼬마 친구를 소환합니다.","","","","","","","","","",""
472,1,7,False,473,0,0,False,0,0,0,0,0,0,0,0,0,0,"경기 전에 '꼬마 친구 단축바'를 편집하여
소환하고 싶은 꼬마 친구를 등록해두면
대결 시 소환 대상으로 선택할 수 있습니다.","","","","","","","","","",""
473,1,7,False,474,0,0,False,0,0,0,0,0,0,0,0,0,0,"주 메뉴 '골드 소서'에 있는 '꼬마 친구 공방전'에서
'꼬마 친구 단축바 편집'을 선택하면
언제든지 편집할 수 있습니다.","","","","","","","","","",""
474,1,7,False,411,0,0,False,0,0,0,0,0,0,0,0,0,0,"그럼 '꼬마 친구 공방전'를 시작하기 전에
실제로 '꼬마 친구 단축바'를 편집해봅시다.","","","","","","","","","",""
475,3,0,False,0,0,0,False,0,0,0,0,0,0,0,0,0,0,"도전하려면 <Format(IntegerParameter(1),FF022C)/>MGP가 필요합니다.","","","","","","","","","",""
476,3,0,False,0,0,0,False,0,0,0,0,0,0,0,0,0,0,"도전하려면 <Format(IntegerParameter(1),FF022C)/>MGP가 필요합니다.","","","","","","","","","",""
477,1,7,False,422,2,0,False,0,0,0,0,0,0,0,0,0,0,"최종적으로 획득한 '승점'이 동일한 참가자가 있는 경우에는
순위 게시판에 먼저 이름이 등재된 참가자가
상위를 차지하게 됩니다.","","","","","","","","","",""
478,1,7,False,427,0,0,False,0,0,0,0,0,0,0,0,0,0,"최종적으로 획득한 '승점'이 동일한 참가자가 있는 경우에는
순위 게시판에 먼저 이름이 등재된 참가자가
상위를 차지하게 됩니다.","","","","","","","","","",""
479,0,0,False,0,0,0,False,0,0,0,0,0,0,0,0,0,0,"","","","","","","","","","",""
480,16,0,False,0,0,0,False,0,0,0,0,0,0,0,0,0,0,"도전 과제 선택 ","취소","","","","","","","","",""
481,1,7,True,482,2,0,False,0,0,0,0,0,0,0,0,0,0,"거미줄:
바로 뒤에 따라오는 초코보를 아이템 사용 불가 상태로 만듭니다.","","","","","","","","","",""
482,1,7,True,304,2,0,False,0,0,0,0,0,0,0,0,0,0,"체력 교환:
앞서 달리는 초코보 중 하나를 무작위로 선택하여
자신의 경주 초코보와 체력을 맞바꿉니다.","","","","","","","","","",""
483,1,0,False,485,2,0,False,0,0,0,0,0,0,0,0,0,0,"네 경주 초코보도 무럭무럭 성장하고 있구나.
그럼 슬슬 '도전 경주'에도 참가해볼까?","","","","","","","","","",""
484,1,7,False,125,2,0,False,0,0,0,0,0,0,0,0,0,0,"도전 경주는 파티를 맺은 상태로는 시작할 수 없습니다.","","","","","","","","","",""
485,1,0,False,486,2,0,False,0,0,0,0,0,0,0,0,0,0,"도전 경주라는 건
특별한 경주 초코보들과 순위를 겨루는 경주야.
그러니까 꼭 1등이 되어야만 하는 건 아니지.","","","","","","","","","",""
486,1,0,False,492,2,0,False,0,0,0,0,0,0,0,0,0,0,"도전 경주에서 처음으로 승리하면
특별 보상으로 MGP를 많이 얻을 수 있으니까
꼭 한번 도전해봐!","","","","","","","","","",""
487,1,7,False,480,2,0,False,0,0,0,0,0,0,0,0,0,0,"경주 초코보의 체급이 낮아 선택할 수 없습니다.","","","","","","","","","",""
488,1,0,False,0,0,0,False,0,0,0,0,0,0,0,0,0,0,"<Sheet(GoldSaucerTextData,IntegerParameter(1),0)/> '<Sheet(ChocoboRaceChallenge,IntegerParameter(3),0)/>'에
참가 등록했어!
경주가 시작될 때까지 '초코보 광장'에서 기다려줘!","","","","","","","","","",""
489,1,0,False,105,2,764,False,0,0,0,0,0,0,0,0,0,0,"제<Value>IntegerParameter(1)</Value>회 '주간 복권' 판매 중입니다!
앞으로 <Value>IntegerParameter(2)</Value>장 더 구매하실 수 있어요!","","","","","","","","","",""
490,2,0,False,0,2,764,False,0,0,0,0,0,0,0,0,0,0,"한 장 더 구매하시겠습니까?
가격은 <Value>IntegerParameter(3)</Value> MGP입니다.","예","아니요","","","","","","","",""
491,2,0,False,0,2,764,True,0,0,0,0,0,0,0,0,0,0,"계속해서 교환하시겠습니까?","예","아니요","","","","","","","",""
492,1,7,False,0,2,0,False,0,0,0,0,0,0,0,0,0,0,"출전 접수원에게 말을 걸어 '도전 경주'에
참가 등록을 할 수 있습니다.","","","","","","","","","",""
493,1,0,False,494,2,0,False,0,0,0,0,0,0,0,0,0,0,"달리고 뛰어올라 결승점을 향해라!
특설 점핑 운동회에 도전해서
제한시간 안에 결승점에 도착하면 MGP를 드립니다!","","","","","","","","","",""
494,1,0,False,497,2,0,False,0,0,0,0,0,0,0,0,0,0,"게다가, 코스에 배치된 사보텐더 트로피를 모으면
MGP를 추가로 받으실 수 있어요!
당신도 도전해 보시겠어요?","","","","","","","","","",""
495,2,0,False,0,2,0,False,0,0,0,0,0,0,0,0,0,0,"특설 코스로 이동하시겠습니까?","예","아니요","","","","","","","",""
496,1,0,False,0,0,0,False,0,0,0,0,0,0,0,0,0,0,"어서 와요, 고생하셨어요!
또 도전해 주시길 기다릴게요!","","","","","","","","","",""
497,1,7,False,495,2,0,False,0,0,0,0,0,0,0,0,0,0,"파티로 도전하려면, 파티원 전원이
참가 신청을 하지 않은 상태로 골드 소서 안에 있어야 합니다.","","","","","","","","","",""
498,1,0,False,499,2,0,False,0,0,0,0,0,0,0,0,0,0,"탑승, 조준, 발사!
사보텐더 과녁을 맞히는 슈팅 게임에 도전하세요!
최종 점수에 따라 MGP를 드립니다!","","","","","","","","","",""
499,1,0,False,502,2,0,False,0,0,0,0,0,0,0,0,0,0,"그러~나! '봄' 과녁에 맞히면
점수가 내려가니 조심하세요!
당신도 도전해 보시겠어요?","","","","","","","","","",""
500,2,0,False,0,2,0,False,0,0,0,0,0,0,0,0,0,0,"특설 게임장으로 이동하시겠습니까?","예","아니요","","","","","","","",""
501,1,0,False,0,0,0,False,0,0,0,0,0,0,0,0,0,0,"어서 와요, 고생하셨어요!
또 도전해 주시길 기다릴게요!","","","","","","","","","",""
502,1,7,False,500,2,0,False,0,0,0,0,0,0,0,0,0,0,"이 임무는 파티에 가입한 상태로는 도전할 수 없습니다.","","","","","","","","","",""
503,1,0,False,504,2,764,False,0,0,0,0,0,0,0,0,0,0,"머나먼 동방의 끝자락에서 온 소문난 검호!
요우진보 선생의 검격을, 자네는 피할 수 있을까?","","","","","","","","","",""
504,1,0,False,505,2,764,False,0,0,0,0,0,0,0,0,0,0,"피하고, 줍고, 운을 시험하며
무대 위에서 오래 버틸수록 많은 보상을 받을 수 있다네!
자자, 도전할 사람 어디 없나?","","","","","","","","","",""
505,2,0,False,0,2,0,False,0,0,0,0,0,0,0,0,0,0,"도전하시겠습니까?","예","아니요","","","","","","","",""
506,1,0,False,507,2,0,False,0,0,0,0,0,0,0,0,0,0,"설마 요우진보 선생이 등장하기도 전에
겁을 먹고 도망치려는 건 아니겠지?
도전할 기력이 남아 있다면 무대 위로 안내해 주지.","","","","","","","","","",""
507,2,0,False,0,2,0,False,0,0,0,0,0,0,0,0,0,0,"무대 위로 이동하시겠습니까?","예","아니요","","","","","","","",""
508,1,0,False,0,2,0,False,0,0,0,0,0,0,0,0,0,0,"음? 요우진보 선생의 화려한 검술을 구경하러 왔어?
물론 여기서도 충분히 박력을 느낄 수 있지만,
다음에는 참가해서 무대 위로 올라가 보면 어때!","","","","","","","","","",""
509,1,0,False,0,0,764,False,0,0,0,0,0,0,0,0,0,0,"이런, 난다 긴다 하는 모험가도
선생의 검격을 꿰뚫어 보진 못한 모양이로군.
부디 다음에도 도전해 주게나!","","","","","","","","","",""
510,0,0,False,0,0,0,False,0,0,0,0,0,0,0,0,0,0,"","","","","","","","","","",""
