key,0,1,2,3,4,5,6,7,8,9,10,11,12,13,14,15,16,17,18,19,20,21,22,23,24,25,26
#,,,,,,,,,,,,,,,,,,,,,,,,,,,
int32,str,str,str,str,str,byte,bit&01,uint16,byte,uint16,uint32,int32,uint32,uint32,byte,byte,byte,byte,byte,byte,byte,byte,byte,byte,byte,byte,byte
0,"","","","","",0,False,158,0,0,0,0,0,0,0,0,0,0,0,0,0,0,0,0,0,0,0
1,"'제1차 기지 확장 계획' 자재 준비 중
<UIForeground>F2023B</UIForeground><UIGlow>F2023C</UIGlow>우주 임무에 참가해서 자재를 모으세요!","'제1차 기지 확장 계획' 자재 준비 중","달 관문 기지를 확장하기 위한 자재를 함께 모아 주셨음 함다~!
자재 조달을 위한 우주 임무에 협력 부탁드림다!","드디어 시작임다! 달 관문 기지를 확장하기 위한 자재를 함께 모아 주셨음 함다~!","서칭웨이",0,False,158,1,0,241001,0,0,0,0,0,2,3,0,0,0,0,0,0,0,0,0
2,"'제1차 기지 확장 계획' 공동 시공 작업 준비 중
<UIForeground>F2023B</UIForeground><UIGlow>F2023C</UIGlow>공동 시공 작업을 대비하세요!","'제1차 기지 확장 계획' 공동 시공 작업 준비 중","달 관문 기지를 확장하는 공동 시공 작업의 시작 시간이 결정됐슴다!
작업이 시작되면 협력 부탁드림다~!","달 관문 기지를 확장하는 공동 시공 작업의 시작 시간이 결정됐슴다! 협력 부탁드림다~!","서칭웨이",0,False,158,2,0,241001,1451,0,0,0,0,2,3,0,0,0,0,0,0,0,0,0
3,"'제1차 기지 확장 계획' 공동 시공 작업 실시 중
<UIForeground>F2023B</UIForeground><UIGlow>F2023C</UIGlow>공동 시공 작업에 참가하세요!","'제1차 기지 확장 계획' 공동 시공 작업 실시 중","달 관문 기지를 확장하기 위한 공동 시공 작업이 진행되고 있슴다!
참가 부탁드림다~!","달 관문 기지를 확장하기 위한 공동 시공 작업이 진행되고 있슴다! 참가 부탁드림다~!","서칭웨이",0,False,158,3,0,241001,0,0,0,0,0,2,3,0,0,0,0,0,0,0,0,0
4,"'달 관문 기지: 거점 2' 완공
<UIForeground>F2023B</UIForeground><UIGlow>F2023C</UIGlow>다음 작업 계획 중, 자유롭게 시간을 보내세요!","'달 관문 기지: 거점 2' 완공","달 관문 기지가 멋지게 확장됐슴다!
탐색 활동도 더욱더 순조로워질 검다…… 협력해 주셔서 고맙슴다~!","달 관문 기지가 멋지게 확장됐슴다! 협력해 주셔서 고맙슴다~!","서칭웨이",1,False,158,4,0,241002,1406,18,0,6,0,2,3,0,0,0,0,0,0,0,0,0
5,"'제1차 우주 라이너 설치 지원' 자재 집적 중
<UIForeground>F2023B</UIForeground><UIGlow>F2023C</UIGlow>우주 임무에 참가해서 자재를 모으세요!","'제1차 우주 라이너 설치 지원' 자재 집적 중","달 관문 기지 부근에 이동용 우주 라이너를 설치할 검다!
자재 조달을 위한 우주 임무에 협력 부탁드림다!","달 관문 기지 부근에 이동용 우주 라이너를 설치할 검다! 자재를 함께 모아 주셨음 함다~!","서칭웨이",1,False,158,5,0,241003,0,0,0,0,0,2,3,0,0,0,0,0,0,0,0,0
6,"'제1차 우주 라이너 설치 지원' 공동 시공 작업 준비 중
<UIForeground>F2023B</UIForeground><UIGlow>F2023C</UIGlow>공동 시공 작업을 대비하세요!","'제1차 우주 라이너 설치 지원' 공동 시공 작업 준비 중","우주 라이너를 설치하는 공동 시공 작업의 시작 시간이 결정됐슴다!
작업이 시작되면 협력 부탁드림다~!","우주 라이너를 설치하는 공동 시공 작업의 시작 시간이 결정됐슴다! 협력 부탁드림다~!","서칭웨이",1,False,158,6,0,241003,1451,0,0,0,0,2,3,0,0,0,0,0,0,0,0,0
7,"'제1차 우주 라이너 설치 지원' 공동 시공 작업 실시 중
<UIForeground>F2023B</UIForeground><UIGlow>F2023C</UIGlow>공동 시공 작업에 참가하세요!","'제1차 우주 라이너 설치 지원' 공동 시공 작업 실시 중","달 관문 기지 부근에 우주 라이너를 설치하는 공동 시공 작업이 진행되고 있슴다!
참가 부탁드림다~!","기지 부근에 우주 라이너를 설치하는 공동 시공 작업이 진행되고 있슴다! 참가 부탁드림다~!","서칭웨이",1,False,158,7,0,241003,0,0,0,0,0,2,3,0,0,0,0,0,0,0,0,0
8,"'우주 라이너: 속둘레' 설치 완료
<UIForeground>F2023B</UIForeground><UIGlow>F2023C</UIGlow>다음 작업 계획 중, 자유롭게 시간을 보내세요!","'우주 라이너: 속둘레' 설치 완료","달 관문 기지 부근에 우주 라이너가 설치됐슴다!
이제 이동이 편해져서 멀리까지 탐색하러 갈 수 있겠슴다. 협력해 주셔서 고맙슴다~!","달 관문 기지 부근에 우주 라이너가 설치됐슴다! 협력해 주셔서 고맙슴다~!","서칭웨이",2,False,158,8,0,241004,1405,18,1,6,0,2,3,0,0,0,0,0,0,0,0,0
9,"'거주 모듈' 및 '우주 공항' 건설 자재 준비 중
<UIForeground>F2023B</UIForeground><UIGlow>F2023C</UIGlow>우주 임무에 참가해서 자재를 모으세요!","'거주 모듈' 및 '우주 공항' 건설 자재 집적 중","거주 모듈 및 우주선이 이착륙할 우주 공항을 건설할 검다!
자재 조달을 위한 우주 임무에 협력 부탁드림다!","거주 모듈 및 우주선이 이착륙할 우주 공항 건설용 자재를 함께 모아 주셨음 함다~!","서칭웨이",2,False,158,9,0,241005,0,0,0,0,0,2,3,0,0,0,0,0,0,0,0,0
10,"'거주 모듈 설치 지원' 공동 시공 작업 준비 중
<UIForeground>F2023B</UIForeground><UIGlow>F2023C</UIGlow>공동 시공 작업을 대비하세요!","'거주 모듈 설치 지원' 공동 시공 작업 준비 중","거주 모듈을 건설하는 공동 시공 작업의 시작 시간이 결정됐슴다!
작업이 시작되면 협력 부탁드림다~!","거주 모듈을 건설하는 공동 시공 작업의 시작 시간이 결정됐슴다! 협력 부탁드림다~!","서칭웨이",2,False,158,10,0,241005,1451,0,0,0,0,2,3,0,0,0,0,0,0,0,0,0
11,"'거주 모듈 설치 지원' 공동 시공 작업 실시 중
<UIForeground>F2023B</UIForeground><UIGlow>F2023C</UIGlow>공동 시공 작업에 참가하세요!","'거주 모듈 설치 지원' 공동 시공 작업 실시 중","거주 모듈을 건설하는 공동 시공 작업이 진행되고 있슴다!
참가 부탁드림다~!","거주 모듈을 건설하는 공동 시공 작업이 진행되고 있슴다! 참가 부탁드림다~!","서칭웨이",2,False,158,11,0,241005,0,0,0,0,0,2,3,0,0,0,0,0,0,0,0,0
12,"'제1차 우주 공항 정비 지원' 자재 준비 중
<UIForeground>F2023B</UIForeground><UIGlow>F2023C</UIGlow>공동 시공 작업을 대비하세요!","'제1차 우주 공항 정비 지원' 자재 준비 중","우주 공항을 건설하는 공동 시공 작업의 시작 시간이 결정됐슴다!
작업이 시작되면 협력 부탁드림다~!","우주 공항을 건설하는 공동 시공 작업의 시작 시간이 결정됐슴다! 협력 부탁드림다~!","서칭웨이",3,False,158,12,0,241006,1401,18,2,5,0,2,3,0,0,0,0,0,0,0,0,0
13,"'제1차 우주 공항 정비 지원' 공동 시공 작업 실시 중
<UIForeground>F2023B</UIForeground><UIGlow>F2023C</UIGlow>공동 시공 작업에 참가하세요!","'제1차 우주 공항 정비 지원' 공동 시공 작업 실시 중","우주 공항을 건설하는 공동 시공 작업이 진행되고 있슴다!
참가 부탁드림다~!","우주 공항을 건설하는 공동 시공 작업이 진행되고 있슴다! 참가 부탁드림다~!","서칭웨이",3,False,158,12,0,241006,0,0,0,0,0,2,3,0,0,0,0,0,0,0,0,0
14,"'거주 모듈' 및 '우주 공항' 완공
<UIForeground>F2023B</UIForeground><UIGlow>F2023C</UIGlow>다음 작업 계획 중, 자유롭게 시간을 보내세요!","'거주 모듈' 및 '우주 공항' 완공","거주 모듈과 우주 공항이 건설됐슴다!
드디어 기지가 그럴듯해졌슴다. 협력해 주셔서 고맙슴다~!","거주 모듈과 우주 공항이 건설됐슴다! 협력해 주셔서 고맙슴다~!","서칭웨이",4,False,158,13,0,241007,1401,18,3,5,0,2,3,0,0,0,0,0,0,0,0,0
15,"'제1차 격납고 확장 계획' 자재 준비 중
<UIForeground>F2023B</UIForeground><UIGlow>F2023C</UIGlow>우주 임무에 참가해서 자재를 모으세요!","'제1차 격납고 확장 계획' 자재 준비 중","로더 격납고를 고성능으로 개축할 검다!
자재 조달을 위한 우주 임무에 협력 부탁드림다!","로더 격납고를 고성능으로 개축할 검다! 자재를 함께 모아 주셨음 함다~!","서칭웨이",4,False,158,14,0,241008,0,0,0,0,0,2,3,0,0,0,0,0,0,0,0,0
16,"'제1차 격납고 확장 계획' 공동 시공 작업 준비 중
<UIForeground>F2023B</UIForeground><UIGlow>F2023C</UIGlow>공동 시공 작업을 대비하세요!","'제1차 격납고 확장 계획'공동 시공 작업 준비 중","로더 격납고를 개축하는 공동 시공 작업의 시작 시간이 결정됐슴다!
작업이 시작되면 협력 부탁드림다~!","로더 격납고를 개축하는 공동 시공 작업의 시작 시간이 결정됐슴다! 협력 부탁드림다~!","서칭웨이",4,False,158,15,0,241008,1451,0,0,0,0,2,3,0,0,0,0,0,0,0,0,0
17,"'제1차 격납고 확장 계획' 공동 시공 작업 실시 중
<UIForeground>F2023B</UIForeground><UIGlow>F2023C</UIGlow>공동 시공 작업에 참가하세요!","'제1차 격납고 확장 계획' 공동 시공 작업 실시 중","로더 격납고를 개축하는 공동 시공 작업이 진행되고 있슴다!
참가 부탁드림다~!","로더 격납고를 개축하는 공동 시공 작업이 진행되고 있슴다! 참가 부탁드림다~!","서칭웨이",4,False,158,16,0,241008,0,0,0,0,0,2,3,0,0,0,0,0,0,0,0,0
18,"'로더 격납고 2' 완공
<UIForeground>F2023B</UIForeground><UIGlow>F2023C</UIGlow>다음 작업 계획 중, 자유롭게 시간을 보내세요!","'로더 격납고 2' 완공","로더 격납고가 고성능으로 개축됐슴다!
이제 로더도 더욱더 활약하겠군요……. 협력해 주셔서 고맙슴다~!","로더 격납고가 고성능으로 개축됐슴다! 협력해 주셔서 고맙슴다~!","서칭웨이",5,False,158,17,0,241009,1402,18,4,5,0,2,3,0,0,0,0,0,0,0,0,0
19,"'제2차 우주 라이너 설치 계획' 자재 준비 중
<UIForeground>F2023B</UIForeground><UIGlow>F2023C</UIGlow>우주 임무에 참가해서 자재를 모으세요!","'제2차 우주 라이너 설치 계획' 자재 준비 중","북서부에 우주 라이너를 설치할 검다!
자재 조달을 위한 우주 임무에 협력 부탁드림다~!","북서부에 우주 라이너를 설치할 검다! 자재를 함께 모아 주셨음 함다~!","서칭웨이",5,False,158,18,0,241010,0,0,0,0,0,2,3,0,0,0,0,0,0,0,0,0
20,"'제2차 우주 라이너 설치 계획' 진행 중
<UIForeground>F2023B</UIForeground><UIGlow>F2023C</UIGlow>우주 라이너가 완성될 때까지 대기하세요!","'제2차 우주 라이너 설치 계획' 진행 중","북서부 우주 라이너의 완공 예정 시간이 결정됐슴다!
완공되면 더 편해질 테니 조금만 기다려 주십쇼~!","북서부 우주 라이너의 완공 예정 시간이 결정됐슴다!","서칭웨이",5,False,158,18,0,241010,1452,0,0,0,0,2,3,0,0,0,0,0,0,0,0,0
21,"'우주 라이너: 북서부' 설치 완료
<UIForeground>F2023B</UIForeground><UIGlow>F2023C</UIGlow>다음 작업 계획 중, 자유롭게 시간을 보내세요!","'우주 라이너: 북서부' 설치 완료","북서부에 우주 라이너가 설치됐슴다!
이제 북서부 탐색이 더 순조로워질 검다. 협력해 주셔서 고맙슴다~!","북서부에 우주 라이너가 설치됐슴다! 협력해 주셔서 고맙슴다~!","서칭웨이",6,False,158,19,0,241011,1407,18,5,6,0,2,3,0,0,0,0,0,0,0,0,0
22,"'제3차 우주 라이너 설치 계획' 자재 준비 중
<UIForeground>F2023B</UIForeground><UIGlow>F2023C</UIGlow>우주 임무에 참가해서 자재를 모으세요!","'제3차 우주 라이너 설치 계획' 자재 준비 중","남동부에 우주 라이너를 설치할 검다!
자재 조달을 위한 우주 임무에 협력 부탁드림다!","남동부에 우주 라이너를 설치할 검다! 자재를 함께 모아 주셨음 함다~!","서칭웨이",6,False,158,20,0,241012,0,0,0,0,0,2,3,0,0,0,0,0,0,0,0,0
23,"'제3차 우주 라이너 설치 계획' 진행 중
<UIForeground>F2023B</UIForeground><UIGlow>F2023C</UIGlow>우주 라이너가 완성될 때까지 대기하세요!","'제3차 우주 라이너 설치 계획' 진행 중","남동부 우주 라이너의 완공 예정 시간이 결정됐슴다!
완공되면 더 편해질 테니 조금만 기다려 주십쇼~!","남동부 우주 라이너의 완공 예정 시간이 결정됐슴다!","서칭웨이",6,False,158,20,0,241012,1452,0,0,0,0,2,3,0,0,0,0,0,0,0,0,0
24,"'우주 라이너: 남동부' 설치 완료
<UIForeground>F2023B</UIForeground><UIGlow>F2023C</UIGlow>다음 작업 계획 중, 자유롭게 시간을 보내세요!","'우주 라이너: 남동부' 설치 완료","남동부에 우주 라이너가 설치됐슴다!
이제 남동부 탐색이 더 순조로워질 검다. 협력해 주셔서 고맙슴다~!","남동부에 우주 라이너가 설치됐슴다! 협력해 주셔서 고맙슴다~!","서칭웨이",7,False,158,21,0,241013,1409,18,6,6,0,2,3,4,6,7,0,0,0,0,0,0
25,"'터널 굴착 공사' 자재 준비 중
<UIForeground>F2023B</UIForeground><UIGlow>F2023C</UIGlow>우주 임무에 참가해서 자재를 모으세요!","'터널 굴착 공사' 자재 준비 중","산에 터널을 뚫는 공사를 진행할 검다! 
자재 조달을 위한 우주 임무에 협력 부탁드림다!","산에 터널을 뚫는 공사를 진행할 검다! 자재를 함께 모아 주셨음 함다~!","서칭웨이",7,False,158,22,0,241014,0,0,0,0,0,2,3,4,6,7,0,0,0,0,0,0
26,"'제1차 터널 굴착 공사' 공동 시공 작업 준비 중
<UIForeground>F2023B</UIForeground><UIGlow>F2023C</UIGlow>공동 시공 작업을 대비하세요!","'제1차 터널 굴착 공사' 공동 시공 작업 준비 중","터널 개통 공사를 위한 제1차 공동 시공 작업의 시작 시간이 결정됐슴다!
작업이 시작되면 협력 부탁드림다~!","터널 개통 공사를 위한 제1차 공동 시공 작업의 시작 시간이 결정됐슴다! 협력 부탁드림다~!","서칭웨이",7,False,158,23,0,241014,1451,0,0,0,0,2,3,4,6,7,0,0,0,0,0,0
27,"'제1차 터널 굴착 공사' 공동 시공 작업 실시 중
<UIForeground>F2023B</UIForeground><UIGlow>F2023C</UIGlow>공동 시공 작업에 참가하세요!","'제1차 터널 굴착 공사' 공동 시공 작업 실시 중","터널 개통 공사를 위한 제1차 공동 시공 작업이 진행되고 있슴다!
참가 부탁드림다~!","터널 개통 공사를 위한 제1차 공동 시공 작업이 진행되고 있슴다! 참가 부탁드림다~!","서칭웨이",7,False,158,24,0,241014,0,0,0,0,0,2,3,4,6,7,0,0,0,0,0,0
28,"'제2차 터널 굴착 공사' 공동 시공 작업 준비 중
<UIForeground>F2023B</UIForeground><UIGlow>F2023C</UIGlow>공동 시공 작업을 대비하세요!","'제2차 터널 굴착 공사' 공동 시공 작업 준비 중","터널 개통 공사를 위한 제2차 공동 시공 작업의 시작 시간이 결정됐슴다!
작업이 시작되면 협력 부탁드림다~!","터널 개통 공사를 위한 제2차 공동 시공 작업의 시작 시간이 결정됐슴다! 협력 부탁드림다~!","서칭웨이",8,False,158,25,0,241015,1401,18,7,5,0,2,3,4,6,7,0,0,0,0,0,0
29,"'제2차 터널 굴착 공사' 공동 시공 작업 실시 중
<UIForeground>F2023B</UIForeground><UIGlow>F2023C</UIGlow>공동 시공 작업에 참가하세요!","'제2차 터널 굴착 공사' 공동 시공 작업 실시 중","터널 개통 공사를 위한 제2차 공동 시공 작업이 진행되고 있슴다!
참가 부탁드림다~!","터널 개통 공사를 위한 제2차 공동 시공 작업이 진행되고 있슴다! 참가 부탁드림다~!","서칭웨이",8,False,158,25,0,241015,0,0,0,0,0,2,3,4,6,7,0,0,0,0,0,0
30,"'피어싱웨이 터널' 완공
<UIForeground>F2023B</UIForeground><UIGlow>F2023C</UIGlow>다음 작업 계획 중, 자유롭게 시간을 보내세요!","'피어싱웨이 터널' 완공","피어싱웨이 터널이 개통됐슴다!
이제 터널 안쪽 탐색이 순조로워질 검다. 협력해 주셔서 고맙슴다~!","피어싱웨이 터널이 개통됐슴다! 협력해 주셔서 고맙슴다~!","서칭웨이",9,False,158,26,0,241016,1408,18,8,6,0,2,3,4,6,7,0,0,0,0,0,0
31,"'제4차 우주 라이너 설치 계획' 자재 준비 중
<UIForeground>F2023B</UIForeground><UIGlow>F2023C</UIGlow>우주 임무에 참가해서 자재를 모으세요!","'제4차 우주 라이너 설치 계획' 자재 준비 중","터널 안쪽 구역에 우주 라이너를 설치할 검다!
자재 조달을 위한 우주 임무에 협력 부탁드림다!","터널 안쪽 구역에 우주 라이너를 설치할 검다! 자재를 함께 모아 주셨음 함다~!","서칭웨이",9,False,158,27,0,241017,0,0,0,0,0,2,3,4,6,7,0,0,0,0,0,0
32,"'제4차 우주 라이너 설치 계획' 진행 중
<UIForeground>F2023B</UIForeground><UIGlow>F2023C</UIGlow>우주 라이너가 완성될 때까지 대기하세요!","'제4차 우주 라이너 설치 계획' 진행 중","터널 안쪽 우주 라이너의 완공 예정 시간이 결정됐슴다!
완공되면 더 편해질 테니 조금만 기다려 주십쇼~!","터널 안쪽 우주 라이너의 완공 예정 시간이 결정됐슴다!","서칭웨이",9,False,158,27,0,241017,1452,0,0,0,0,2,3,4,6,7,0,0,0,0,0,0
33,"'우주 라이너: 남서부' 설치 완료
<UIForeground>F2023B</UIForeground><UIGlow>F2023C</UIGlow>다음 작업 계획 중, 자유롭게 시간을 보내세요!","'우주 라이너: 남서부' 설치 완료","터널 안쪽 구역에 우주 라이너가 설치됐슴다!
탐색이 더욱더 순조로워질 검다. 협력해 주셔서 고맙슴다~!","터널 안쪽 구역에 우주 라이너가 설치됐슴다! 협력해 주셔서 고맙슴다~!","서칭웨이",10,False,158,28,0,241018,1412,18,9,6,0,2,3,4,6,7,8,0,0,0,0,0
34,"'제2차 기지 확장 계획' 자재 준비 중
<UIForeground>F2023B</UIForeground><UIGlow>F2023C</UIGlow>우주 임무에 참가해서 자재를 모으세요!","'제2차 기지 확장 계획' 자재 준비 중","달 관문 기지를 더욱 확장할 검다!
자재 조달을 위한 우주 임무에 협력 부탁드림다!","달 관문 기지를 더욱 확장할 검다! 자재를 함께 모아 주셨음 함다~!","서칭웨이",10,False,158,29,0,241019,0,0,0,0,0,2,3,4,6,7,8,0,0,0,0,0
35,"'제2차 기지 확장 계획' 공동 시공 작업 준비 중
<UIForeground>F2023B</UIForeground><UIGlow>F2023C</UIGlow>공동 시공 작업을 대비하세요!","'제2차 기지 확장 계획' 공동 시공 작업 준비 중","기지를 더욱 확장하는 공동 시공 작업의 시작 시간이 결정됐슴다!
작업이 시작되면 협력 부탁드림다~!","기지를 더욱 확장하는 공동 시공 작업의 시작 시간이 결정됐슴다! 협력 부탁드림다~!","서칭웨이",10,False,158,30,0,241019,1451,0,0,0,0,2,3,4,6,7,8,0,0,0,0,0
36,"'제2차 기지 확장 계획' 공동 시공 작업 실시 중
<UIForeground>F2023B</UIForeground><UIGlow>F2023C</UIGlow>공동 시공 작업에 참가하세요!","'제2차 기지 확장 계획' 공동 시공 작업 실시 중","달 관문 기지를 더욱 확장하는 공동 시공 작업이 진행되고 있슴다!
참가 부탁드림다~!","달 관문 기지를 더욱 확장하는 공동 시공 작업이 진행되고 있슴다! 참가 부탁드림다~!","서칭웨이",10,False,158,31,0,241019,0,0,0,0,0,2,3,4,6,7,8,0,0,0,0,0
37,"'달 관문 기지: 거점 3' 완공
<UIForeground>F2023B</UIForeground><UIGlow>F2023C</UIGlow>다음 작업 계획 중, 자유롭게 시간을 보내세요!","'달 관문 기지: 거점 3' 완공","달 관문 기지가 더욱 멋지게 확장됐슴다!
탐색 활동이 더욱더 순조로워질 검다. 협력해 주셔서 고맙슴다~!","달 관문 기지가 더욱 멋지게 확장됐슴다! 협력해 주셔서 고맙슴다~!","서칭웨이",11,False,158,32,0,241020,1410,18,10,6,1,2,3,5,6,7,8,0,0,0,0,0
38,"'발뢰소' 및 '급수장' 건설 자재 준비 중
<UIForeground>F2023B</UIForeground><UIGlow>F2023C</UIGlow>우주 임무에 참가해서 자재를 모으세요!","'발뢰소' 및 '급수장' 건설 자재 준비 중","발뢰소와 급수장 같은 기반 시설을 건설할 검다!
자재 조달을 위한 우주 임무에 협력 부탁드림다!","발뢰소와 급수장 같은 기반 시설을 건설할 검다! 자재를 함께 모아 주셨음 함다~!","서칭웨이",11,False,158,33,0,241021,0,0,0,0,1,2,3,5,6,7,8,0,0,0,0,0
39,"'에너지 설비 확충 지원' 공동 시공 작업 준비 중
<UIForeground>F2023B</UIForeground><UIGlow>F2023C</UIGlow>공동 시공 작업을 대비하세요!","'에너지 설비 확충 지원' 공동 시공 작업 준비 중","발뢰소를 건설하는 공동 시공 작업의 시작 시간이 결정됐슴다!
작업이 시작되면 협력 부탁드림다~!","발뢰소를 건설하는 공동 시공 작업의 시작 시간이 결정됐슴다! 협력 부탁드림다~!","서칭웨이",11,False,158,34,0,241021,1451,0,0,0,1,2,3,5,6,7,8,0,0,0,0,0
40,"'에너지 설비 확충 지원' 공동 시공 작업 실시 중
<UIForeground>F2023B</UIForeground><UIGlow>F2023C</UIGlow>공동 시공 작업에 참가하세요!","'에너지 설비 확충 지원' 공동 시공 작업 실시 중","발뢰소를 건설하는 공동 시공 작업이 진행되고 있슴다!
참가 부탁드림다~!","발뢰소를 건설하는 공동 시공 작업이 진행되고 있슴다! 참가 부탁드림다~!","서칭웨이",11,False,158,35,0,241021,0,0,0,0,1,2,3,5,6,7,8,0,0,0,0,0
41,"'급수 설비 확충 지원' 공동 시공 작업 준비 중
<UIForeground>F2023B</UIForeground><UIGlow>F2023C</UIGlow>공동 시공 작업을 대비하세요!","'급수 설비 확충 지원' 공동 시공 작업 준비 중","급수장을 건설하는 공동 시공 작업의 시작 시간이 결정됐슴다!
작업이 시작되면 협력 부탁드림다~!","급수장을 건설하는 공동 시공 작업의 시작 시간이 결정됐슴다! 협력 부탁드림다~!","서칭웨이",12,False,158,36,0,241022,1401,18,11,5,1,2,3,5,6,7,8,0,0,0,0,0
42,"'급수 설비 확충 지원' 공동 시공 작업 실시 중
<UIForeground>F2023B</UIForeground><UIGlow>F2023C</UIGlow>공동 시공 작업에 참가하세요!","'급수 설비 확충 지원' 공동 시공 작업 실시 중","급수장을 건설하는 공동 시공 작업이 진행되고 있슴다!
참가 부탁드림다~!","급수장을 건설하는 공동 시공 작업이 진행되고 있슴다! 참가 부탁드림다~!","서칭웨이",12,False,158,36,0,241022,0,0,0,0,1,2,3,5,6,7,8,0,0,0,0,0
43,"'발뢰소' 및 '급수장' 완공
<UIForeground>F2023B</UIForeground><UIGlow>F2023C</UIGlow>다음 작업 계획 중, 자유롭게 시간을 보내세요!","'발뢰소' 및 '급수장' 완공","다양한 기반 시설이 완성됐슴다!
이제 에너지와 물은 그다지 걱정할 필요가 없을 검다. 협력해 주셔서 고맙슴다~!","다양한 기반 시설이 완성됐슴다! 협력해 주셔서 고맙슴다~!","서칭웨이",13,False,158,37,0,241023,1401,18,12,5,1,2,3,5,6,7,8,0,0,0,0,0
44,"'로더 격납고 2' 및 '우주 공항' 개축 자재 준비 중
<UIForeground>F2023B</UIForeground><UIGlow>F2023C</UIGlow>우주 임무에 참가해서 자재를 모으세요!","'로더 격납고 2' 및 '우주 공항' 개축 자재 준비 중","로더 격납고와 우주 공항을 고성능으로 개축할 검다!
자재 조달을 위한 우주 임무에 협력 부탁드림다!","로더 격납고와 우주 공항을 고성능으로 개축할 검다! 자재를 함께 모아 주셨음 함다~!","서칭웨이",13,False,158,38,0,241024,0,0,0,0,1,2,3,5,6,7,8,0,0,0,0,0
45,"'제2차 격납고 확장 계획' 공동 시공 작업 준비 중
<UIForeground>F2023B</UIForeground><UIGlow>F2023C</UIGlow>공동 시공 작업을 대비하세요!","'제2차 격납고 확장 계획' 공동 시공 작업 준비 중","로더 격납고를 개축하는 공동 시공 작업의 시작 시간이 결정됐슴다!
작업이 시작되면 협력 부탁드림다~!","로더 격납고를 개축하는 공동 시공 작업의 시작 시간이 결정됐슴다! 협력 부탁드림다~!","서칭웨이",13,False,158,39,0,241024,1451,0,0,0,1,2,3,5,6,7,8,0,0,0,0,0
46,"'제2차 격납고 확장 계획' 공동 시공 작업 실시 중
<UIForeground>F2023B</UIForeground><UIGlow>F2023C</UIGlow>공동 시공 작업에 참가하세요!","'제2차 격납고 확장 계획' 공동 시공 작업 실시 중","로더 격납고를 개축하는 공동 시공 작업이 진행되고 있슴다!
참가 부탁드림다~!","로더 격납고를 개축하는 공동 시공 작업이 진행되고 있슴다! 참가 부탁드림다~!","서칭웨이",13,False,158,40,0,241024,0,0,0,0,1,2,3,5,6,7,8,0,0,0,0,0
47,"'제2차 우주 공항 정비 작업' 공동 시공 작업 준비 중
<UIForeground>F2023B</UIForeground><UIGlow>F2023C</UIGlow>우주 임무에 참가해서 자재를 모으세요!","'제2차 우주 공항 정비 작업' 공동 시공 작업 준비 중","우주 공항을 개축하는 공동 시공 작업의 시작 시간이 결정됐슴다!
작업이 시작되면 협력 부탁드림다~!","우주 공항을 개축하는 공동 시공 작업의 시작 시간이 결정됐슴다! 협력 부탁드림다~!","서칭웨이",14,False,158,41,0,241025,1402,18,13,5,1,2,3,5,6,7,8,0,0,0,0,0
48,"'제2차 우주 공항 정비 작업' 공동 시공 작업 실시 중
<UIForeground>F2023B</UIForeground><UIGlow>F2023C</UIGlow>공동 시공 작업에 참가하세요!","'제2차 우주 공항 정비 작업' 공동 시공 작업 실시 중","우주 공항을 개축하는 공동 시공 작업이 진행되고 있슴다!
참가 부탁드림다~!","우주 공항을 개축하는 공동 시공 작업이 진행되고 있슴다! 참가 부탁드림다~!","서칭웨이",14,False,158,41,0,241025,0,0,0,0,1,2,3,5,6,7,8,0,0,0,0,0
49,"'로더 격납고 3' 및 '우주 공항 2' 완공
<UIForeground>F2023B</UIForeground><UIGlow>F2023C</UIGlow>다음 작업 계획 중, 자유롭게 시간을 보내세요!","'로더 격납고 3' 및 '우주 공항 2' 완공","로더 격납고와 우주 공항이 고성능으로 개축됐슴다!
탐색 활동이 더욱더 순조로워질 검다. 협력해 주셔서 고맙슴다~!","로더 격납고와 우주 공항이 고성능으로 개축됐슴다! 협력해 주셔서 고맙슴다~!","서칭웨이",15,False,158,42,0,241026,1402,18,14,5,1,2,3,5,6,7,8,0,0,0,0,0
50,"'승강기 용지 정비' 자재 준비 중
<UIForeground>F2023B</UIForeground><UIGlow>F2023C</UIGlow>우주 임무에 참가해서 자재를 모으세요!","'승강기 용지 정비' 자재 준비 중","지하로 내려가는 승강기 개통 공사를 할 검다!
자재 조달을 위한 우주 임무에 협력 부탁드림다!","지하로 내려가는 승강기 개통 공사를 할 검다! 자재를 함께 모아 주셨음 함다~!","서칭웨이",15,False,158,43,0,241027,0,0,0,0,1,2,3,5,6,7,8,0,0,0,0,0
51,"'제1차 승강기 용지 정비' 공동 시공 작업 준비 중
<UIForeground>F2023B</UIForeground><UIGlow>F2023C</UIGlow>공동 시공 작업을 대비하세요!","'제1차 승강기 용지 정비' 공동 시공 작업 준비 중","지하 승강기 개통 공사를 위한 제1차 공동 시공 작업의 시작 시간이 결정됐슴다!
작업이 시작되면 협력 부탁드림다~!","지하 승강기 개통 공사를 위한 제1차 공동 시공 작업의 시작 시간이 결정됐슴다! 협력 부탁드림다~!","서칭웨이",15,False,158,44,0,241027,1451,0,0,0,1,2,3,5,6,7,8,0,0,0,0,0
52,"'제1차 승강기 용지 정비' 공동 시공 작업 실시 중
<UIForeground>F2023B</UIForeground><UIGlow>F2023C</UIGlow>공동 시공 작업에 참가하세요!","'제1차 승강기 용지 정비' 공동 시공 작업 실시 중","지하 승강기 개통 공사를 위한 제1차 공동 시공 작업이 진행되고 있슴다!
참가 부탁드림다~!","지하 승강기 개통 공사를 위한 제1차 공동 시공 작업이 진행되고 있슴다! 참가 부탁드림다~!","서칭웨이",15,False,158,45,0,241027,0,0,0,0,1,2,3,5,6,7,8,0,0,0,0,0
53,"'제2차 승강기 용지 정비' 공동 시공 작업 준비 중
<UIForeground>F2023B</UIForeground><UIGlow>F2023C</UIGlow>공동 시공 작업을 대비하세요!","'제2차 승강기 용지 정비' 공동 시공 작업 준비 중","지하 승강기 개통 공사를 위한 제2차 공동 시공 작업의 시작 시간이 결정됐슴다!
작업이 시작되면 협력 부탁드림다~!","지하 승강기 개통 공사를 위한 제2차 공동 시공 작업의 시작 시간이 결정됐슴다! 협력 부탁드림다~!","서칭웨이",16,False,158,46,0,241028,1401,18,15,5,1,2,3,5,6,7,8,0,0,0,0,0
54,"'제2차 승강기 용지 정비' 공동 시공 작업 실시 중
<UIForeground>F2023B</UIForeground><UIGlow>F2023C</UIGlow>공동 시공 작업에 참가하세요!","'제2차 승강기 용지 정비' 공동 시공 작업 실시 중","지하 승강기 개통 공사를 위한 제2차 공동 시공 작업이 진행되고 있슴다!
참가 부탁드림다~!","지하 승강기 개통 공사를 위한 제2차 공동 시공 작업이 진행되고 있슴다! 참가 부탁드림다~!","서칭웨이",16,False,158,46,0,241028,0,0,0,0,1,2,3,5,6,7,8,0,0,0,0,0
55,"'월면 지하 승강기' 완공
<UIForeground>F2023B</UIForeground><UIGlow>F2023C</UIGlow>다음 작업 계획 중, 자유롭게 시간을 보내세요!","'월면 지하 승강기' 완공","지하로 가는 '월면 지하 승강기'가 개통됐슴다!
이제 지하 공간을 탐색하기 수월해질 검다. 협력해 주셔서 고맙슴다~!","지하 승강기가 개통됐슴다! 협력해 주셔서 고맙슴다~!","서칭웨이",17,False,158,47,0,241029,1411,18,16,6,1,2,3,5,6,7,8,0,0,0,0,0
56,"'제5차 우주 라이너 설치 계획' 자재 준비 중
<UIForeground>F2023B</UIForeground><UIGlow>F2023C</UIGlow>우주 임무에 참가해서 자재를 모으세요!","'제5차 우주 라이너 설치 계획' 자재 준비 중","지하에 우주 라이너를 설치할 검다!
자재 조달을 위한 우주 임무에 협력 부탁드림다!","지하에 우주 라이너를 설치할 검다! 자재를 함께 모아 주셨음 함다~!","서칭웨이",17,False,158,48,0,241030,0,0,0,0,1,2,3,5,6,7,8,0,0,0,0,0
57,"'제5차 우주 라이너 설치 계획' 진행 중
<UIForeground>F2023B</UIForeground><UIGlow>F2023C</UIGlow>우주 라이너가 완성될 때까지 대기하세요!","'제5차 우주 라이너 설치 계획' 진행 중","지하 우주 라이너의 완공 예정 시간이 결정됐슴다!
완공되면 더 편해질 테니 조금만 기다려 주십쇼~!","지하 우주 라이너의 완공 예정 시간이 결정됐슴다!","서칭웨이",17,False,158,48,0,241030,1452,0,0,0,1,2,3,5,6,7,8,0,0,0,0,0
58,"'우주 라이너: 지하' 설치 완료
<UIForeground>F2023B</UIForeground><UIGlow>F2023C</UIGlow>다음 작업 계획 중, 자유롭게 시간을 보내세요!","'우주 라이너: 지하' 설치 완료","지하에 우주 라이너가 설치됐슴다!
탐색이 더욱더 순조로워질 검다. 협력해 주셔서 고맙슴다~!","지하에 우주 라이너가 설치됐슴다! 협력해 주셔서 고맙슴다~!","서칭웨이",18,False,158,49,0,241031,1404,18,17,6,1,2,3,5,6,7,8,9,0,0,0,0
59,"'기지 종합 설비 확충 공사' 자재 준비 중
<UIForeground>F2023B</UIForeground><UIGlow>F2023C</UIGlow>우주 임무에 참가해서 자재를 모으세요!","'기지 종합 설비 확충 공사' 자재 준비 중","달 관문 기지를 어마어마하게 확충할 검다! 
자재 조달을 위한 우주 임무에 협력 부탁드림다!","달 관문 기지를 어마어마하게 확충할 검다! 자재를 함께 모아 주셨음 함다~!","서칭웨이",18,False,158,50,0,241032,0,0,0,0,1,2,3,5,6,7,8,9,0,0,0,0
60,"'기지 종합 설비 확충 공사' 공동 시공 작업 준비 중
<UIForeground>F2023B</UIForeground><UIGlow>F2023C</UIGlow>공동 시공 작업을 대비하세요!","'기지 종합 설비 확충 공사' 공동 시공 작업 준비 중","기지를 어마어마하게 확장하는 공동 시공 작업의 시작 시간이 결정됐슴다! 
작업이 시작되면 협력 부탁드림다~!","기지를 어마어마하게 확장하는 공동 시공 작업의 시작 시간이 결정됐슴다! 협력 부탁드림다~!","서칭웨이",18,False,158,51,0,241032,1451,0,0,0,1,2,3,5,6,7,8,9,0,0,0,0
61,"'기지 종합 설비 확충 공사' 공동 시공 작업 실시 중
<UIForeground>F2023B</UIForeground><UIGlow>F2023C</UIGlow>공동 시공 작업에 참가하세요!","'기지 종합 설비 확충 공사' 공동 시공 작업 실시 중","달 관문 기지를 어마어마하게 확장하는 공동 시공 작업이 진행되고 있슴다!
참가 부탁드림다~!","달 관문 기지를 어마어마하게 확장하는 공동 시공 작업이 진행되고 있슴다! 참가 부탁드림다~!","서칭웨이",18,False,158,52,0,241032,0,0,0,0,1,2,3,5,6,7,8,9,0,0,0,0
62,"'달 관문 기지: 달깡충 도시' 완공
<UIForeground>F2023B</UIForeground><UIGlow>F2023C</UIGlow>어떤 별로 향하게 될지 상상하며 자유롭게 시간을 보내세요!","'달 관문 기지: 달깡충 도시' 완공","달 관문 기지가 어마어마하게 확장됐슴다!
아주 근사한 기지가 완성됐슴다. 협력해 주셔서 고맙슴다~!","달 관문 기지가 어마어마하게 확장됐슴다! 협력해 주셔서 고맙슴다~!","서칭웨이",19,False,158,53,0,241033,1403,18,18,6,1,2,3,5,6,7,8,9,0,0,0,0
63,"'월면 기지 정비 계획' 완료
<UIForeground>F2023B</UIForeground><UIGlow>F2023C</UIGlow>어떤 별로 향하게 될지 상상하며 자유롭게 시간을 보내세요!","'월면 기지 정비 계획' 완료","여러분이 협력해 주신 덕분에 월면의 모든 시설이 완성됐슴다!
동경의 만을 떠날 날이 너무나도 기대됨다~!","여러분이 협력해 주신 덕분에 월면의 모든 시설이 완성됐슴다! 고맙슴다~!!","서칭웨이",19,False,158,54,0,241034,0,0,0,0,1,2,3,5,6,7,8,9,0,0,0,0
64,"'제1차 기지 확장 계획' 자재 집적 중
<UIForeground>F2023B</UIForeground><UIGlow>F2023C</UIGlow>우주 임무에 참가해서 자재를 모으세요!","'제1차 기지 확장 계획' 자재 집적 중","유리직공 기지를 확장하기 위해 준비하는 중임다!
자재 조달을 위한 우주 임무에 협력 부탁드림다!","이번에도 시작됐슴다! 유리직공 기지를 확장하기 위한 자재를 함께 모아 주셨음 함다~!","서칭웨이",0,False,168,1,0,241035,0,0,0,0,2,3,4,0,0,0,0,0,0,0,0,0
65,"'제1차 기지 확장 계획' 공동 시공 작업 준비 중
<UIForeground>F2023B</UIForeground><UIGlow>F2023C</UIGlow>공동 시공 작업을 대비하세요!","'제1차 기지 확장 계획' 공동 시공 작업 준비 중","유리직공 기지를 확장하는 공동 시공 작업의 시작 시간이 결정됐슴다!
작업이 시작되면 협력 부탁드림다~!","유리직공 기지를 확장하는 공동 시공 작업의 시작 시간이 결정됐슴다! 협력 부탁드림다~!","서칭웨이",0,False,168,1,0,241035,1451,0,0,0,2,3,4,0,0,0,0,0,0,0,0,0
66,"'제1차 기지 확장 계획' 공동 시공 작업 실시 중
<UIForeground>F2023B</UIForeground><UIGlow>F2023C</UIGlow>공동 시공 작업에 참가하세요!","'제1차 기지 확장 계획' 공동 시공 작업 실시 중","유리직공 기지를 확장하는 공동 시공 작업이 진행되고 있슴다!
참가 부탁드림다~!","유리직공 기지를 확장하는 공동 시공 작업이 진행되고 있슴다! 참가 부탁드림다~!","서칭웨이",0,False,168,2,0,241035,0,0,0,0,2,3,4,0,0,0,0,0,0,0,0,0
67,"'유리직공 기지: 거점 2' 완공
<UIForeground>F2023B</UIForeground><UIGlow>F2023C</UIGlow>다음 작업 계획 중, 자유롭게 시간을 보내세요!","'유리직공 기지: 거점 2' 완공","유리직공 기지가 확장됐슴다!
탐색 활동도 더욱더 순조로워질 검다…… 협력해 주셔서 고맙슴다~!","유리직공 기지가 확장됐슴다! 협력해 주셔서 고맙슴다~!","서칭웨이",1,False,168,3,0,241036,1478,126,0,6,2,3,4,0,0,0,0,0,0,0,0,0
68,"'제1차 우주 라이너 설치 지원' 자재 집적 중
<UIForeground>F2023B</UIForeground><UIGlow>F2023C</UIGlow>우주 임무에 참가해서 자재를 모으세요!","'제1차 우주 라이너 설치 지원' 자재 집적 중","유리직공 기지 부근에 우주 라이너를 설치할 검다!
자재 조달을 위한 우주 임무에 협력 부탁드림다!","유리직공 기지 부근에 우주 라이너를 설치할 검다! 자재를 함께 모아 주셨음 함다~!","서칭웨이",1,False,168,4,0,241037,0,0,0,0,2,3,4,0,0,0,0,0,0,0,0,0
69,"'제1차 우주 라이너 설치 지원' 공동 시공 작업 준비 중
<UIForeground>F2023B</UIForeground><UIGlow>F2023C</UIGlow>공동 시공 작업을 대비하세요!","'제1차 우주 라이너 설치 지원' 공동 시공 작업 준비 중","우주 라이너를 설치하는 공동 시공 작업의 시작 시간이 결정됐슴다!
작업이 시작되면 협력 부탁드림다~!","우주 라이너를 설치하는 공동 시공 작업의 시작 시간이 결정됐슴다! 협력 부탁드림다~!","서칭웨이",1,False,168,4,0,241037,1451,0,0,0,2,3,4,0,0,0,0,0,0,0,0,0
70,"'제1차 우주 라이너 설치 지원' 공동 시공 작업 실시 중
<UIForeground>F2023B</UIForeground><UIGlow>F2023C</UIGlow>공동 시공 작업에 참가하세요!","'제1차 우주 라이너 설치 지원' 공동 시공 작업 실시 중","유리직공 기지 부근에 우주 라이너를 설치하는 공동 시공 작업이 진행되고 있슴다!
참가 부탁드림다~!","유리직공 기지 부근에 우주 라이너를 설치하는 공동 시공 작업이 진행되고 있슴다! 참가 부탁드림다~!","서칭웨이",1,False,168,4,0,241037,0,0,0,0,2,3,4,0,0,0,0,0,0,0,0,0
71,"'우주 라이너: 거점 둘레' 설치 완료
<UIForeground>F2023B</UIForeground><UIGlow>F2023C</UIGlow>다음 작업 계획 중, 자유롭게 시간을 보내세요!","'우주 라이너: 거점 둘레' 설치 완료","유리직공 기지 부근에 우주 라이너가 설치됐슴다!
이제 이동이 편해져서 멀리까지 탐색하러 갈 수 있겠슴다. 협력해 주셔서 고맙슴다~!","유리직공 기지 부근에 우주 라이너가 설치됐슴다! 협력해 주셔서 고맙슴다~!","서칭웨이",2,False,168,5,0,241038,1479,126,1,6,2,3,4,0,0,0,0,0,0,0,0,0
72,"'거주 모듈 설치 지원' 자재 집적 중
<UIForeground>F2023B</UIForeground><UIGlow>F2023C</UIGlow>우주 임무에 참가해서 자재를 모으세요!","'거주 모듈 설치 지원' 자재 집적 중","이번에는 거주 모듈을 건설할 검다!
자재 조달을 위한 우주 임무에 협력 부탁드림다!","거주 모듈 건설용 자재를 함께 모아 주셨음 함다~","서칭웨이",2,False,168,6,0,241039,0,0,0,0,2,3,4,0,0,0,0,0,0,0,0,0
73,"'거주 모듈 설치 지원' 공동 시공 작업 준비 중
<UIForeground>F2023B</UIForeground><UIGlow>F2023C</UIGlow>공동 시공 작업을 대비하세요!","'거주 모듈 설치 지원' 공동 시공 작업 준비 중","거주 모듈을 건설하는 공동 시공 작업의 시작 시간이 결정됐슴다!
작업이 시작되면 협력 부탁드림다~!","거주 모듈을 건설하는 공동 시공 작업의 시작 시간이 결정됐슴다! 협력 부탁드림다~!","서칭웨이",2,False,168,6,0,241039,1451,0,0,0,2,3,4,0,0,0,0,0,0,0,0,0
74,"'거주 모듈 설치 지원' 공동 시공 작업 실시 중
<UIForeground>F2023B</UIForeground><UIGlow>F2023C</UIGlow>공동 시공 작업에 참가하세요!","'거주 모듈 설치 지원' 공동 시공 작업 실시 중","거주 모듈을 건설하는 공동 시공 작업이 진행되고 있슴다!
참가 부탁드림다~!","거주 모듈을 건설하는 공동 시공 작업이 진행되고 있슴다! 참가 부탁드림다~!","서칭웨이",2,False,168,6,0,241039,0,0,0,0,2,3,4,0,0,0,0,0,0,0,0,0
75,"'거주 모듈' 완공
<UIForeground>F2023B</UIForeground><UIGlow>F2023C</UIGlow>다음 작업 계획 중, 자유롭게 시간을 보내세요!","'거주 모듈' 완공","거주 모듈이 건설됐슴다!
기지에서 생활하는 분들에게도 도움이 될 검다. 협력해 주셔서 고맙슴다~!","거주 모듈이 건설됐슴다! 협력해 주셔서 고맙슴다~!","서칭웨이",3,False,168,7,0,241040,1402,126,2,5,2,3,4,0,0,0,0,0,0,0,0,0
76,"'발뢰소' 및 '급수장' 건설 자재 집적 중
<UIForeground>F2023B</UIForeground><UIGlow>F2023C</UIGlow>우주 임무에 참가해서 자재를 모으세요!","'발뢰소' 및 '급수장' 건설 자재 집적 중","발뢰소와 급수장 같은 기반 시설을 건설할 검다!
자재 조달을 위한 우주 임무에 협력 부탁드림다!","발뢰소와 급수장 같은 기반 시설을 건설할 검다! 자재를 함께 모아 주셨음 함다~!","서칭웨이",3,False,168,8,0,241041,0,0,0,0,2,3,4,0,0,0,0,0,0,0,0,0
77,"'에너지 설비 건설 지원' 공동 시공 작업 준비 중
<UIForeground>F2023B</UIForeground><UIGlow>F2023C</UIGlow>공동 시공 작업을 대비하세요!","'에너지 설비 건설 지원' 공동 시공 작업 준비 중","발뢰소를 건설하는 공동 시공 작업의 시작 시간이 결정됐슴다!
작업이 시작되면 협력 부탁드림다~!","발뢰소를 건설하는 공동 시공 작업의 시작 시간이 결정됐슴다! 협력 부탁드림다~!","서칭웨이",3,False,168,8,0,241041,1451,0,0,0,2,3,4,0,0,0,0,0,0,0,0,0
78,"'에너지 설비 건설 지원' 공동 시공 작업 실시 중
<UIForeground>F2023B</UIForeground><UIGlow>F2023C</UIGlow>공동 시공 작업에 참가하세요!","'에너지 설비 건설 지원' 공동 시공 작업 실시 중","발뢰소를 건설하는 공동 시공 작업이 진행되고 있슴다!
참가 부탁드림다~!","발뢰소를 건설하는 공동 시공 작업이 진행되고 있슴다! 참가 부탁드림다~!","서칭웨이",3,False,168,8,0,241041,0,0,0,0,2,3,4,0,0,0,0,0,0,0,0,0
79,"'급수 설비 건설 지원' 공동 시공 작업 준비 중
<UIForeground>F2023B</UIForeground><UIGlow>F2023C</UIGlow>공동 시공 작업을 대비하세요!","'급수 설비 건설 지원' 공동 시공 작업 준비 중","급수장을 건설하는 공동 시공 작업의 시작 시간이 결정됐슴다!
작업이 시작되면 협력 부탁드림다~!","급수장을 건설하는 공동 시공 작업의 시작 시간이 결정됐슴다! 협력 부탁드림다~!","서칭웨이",4,False,168,9,0,241042,1401,126,3,5,2,3,4,0,0,0,0,0,0,0,0,0
80,"'급수 설비 건설 지원' 공동 시공 작업 실시 중
<UIForeground>F2023B</UIForeground><UIGlow>F2023C</UIGlow>공동 시공 작업에 참가하세요!","'급수 설비 건설 지원' 공동 시공 작업 실시 중","급수장을 건설하는 공동 시공 작업이 진행되고 있슴다!
참가 부탁드림다~!","급수장을 건설하는 공동 시공 작업이 진행되고 있슴다! 참가 부탁드림다~!","서칭웨이",4,False,168,9,0,241042,0,0,0,0,2,3,4,0,0,0,0,0,0,0,0,0
81,"'발뢰소' 및 '급수장' 완공
<UIForeground>F2023B</UIForeground><UIGlow>F2023C</UIGlow>다음 작업 계획 중, 자유롭게 시간을 보내세요!","'발뢰소' 및 '급수장' 완공","다양한 기반 시설이 완성됐슴다!
이제 에너지와 물은 그다지 걱정할 필요가 없을 검다. 협력해 주셔서 고맙슴다~!","다양한 기반 시설이 완성됐슴다! 협력해 주셔서 고맙슴다~!","서칭웨이",5,False,168,10,0,241043,1402,126,4,5,2,3,4,0,0,0,0,0,0,0,0,0
82,"'제1차 격납고 확장 계획' 자재 집적 중
<UIForeground>F2023B</UIForeground><UIGlow>F2023C</UIGlow>우주 임무에 참가해서 자재를 모으세요!","'제1차 격납고 확장 계획' 자재 집적 중","로더 격납고를 개축할 검다!
자재 조달을 위한 우주 임무에 협력 부탁드림다!","로더 격납고를 개축할 검다! 자재를 함께 모아 주셨음 함다~!","서칭웨이",5,False,168,11,0,241044,0,0,0,0,2,3,4,0,0,0,0,0,0,0,0,0
83,"'제1차 격납고 확장 계획' 공동 시공 작업 준비 중
<UIForeground>F2023B</UIForeground><UIGlow>F2023C</UIGlow>공동 시공 작업을 대비하세요!","'제1차 격납고 확장 계획' 공동 시공 작업 준비 중","로더 격납고를 개축하는 공동 시공 작업의 시작 시간이 결정됐슴다!
작업이 시작되면 협력 부탁드림다~!","로더 격납고를 개축하는 공동 시공 작업의 시작 시간이 결정됐슴다! 협력 부탁드림다~!","서칭웨이",5,False,168,11,0,241044,1451,0,0,0,2,3,4,0,0,0,0,0,0,0,0,0
84,"'제1차 격납고 확장 계획' 공동 시공 작업 실시 중
<UIForeground>F2023B</UIForeground><UIGlow>F2023C</UIGlow>공동 시공 작업에 참가하세요!","'제1차 격납고 확장 계획' 공동 시공 작업 실시 중","로더 격납고를 개축하는 공동 시공 작업이 진행되고 있슴다!
참가 부탁드림다~!","로더 격납고를 개축하는 공동 시공 작업이 진행되고 있슴다! 참가 부탁드림다~!","서칭웨이",5,False,168,11,0,241044,0,0,0,0,2,3,4,0,0,0,0,0,0,0,0,0
85,"'로더 격납고 2' 개조 완료
<UIForeground>F2023B</UIForeground><UIGlow>F2023C</UIGlow>다음 작업 계획 중, 자유롭게 시간을 보내세요!","'로더 격납고 2' 개조 완료","로더 격납고가 개축됐슴다!
이제 로더도 더욱더 활약하겠군요…… 협력해 주셔서 고맙슴다~!","로더 격납고가 개축됐슴다! 협력해 주셔서 고맙슴다~!","서칭웨이",6,False,168,12,0,241045,1402,126,5,5,2,3,4,0,0,0,0,0,0,0,0,0
86,"'제2차 우주 라이너 설치 계획' 자재 집적 중
<UIForeground>F2023B</UIForeground><UIGlow>F2023C</UIGlow>우주 임무에 참가해서 자재를 모으세요!","'제2차 우주 라이너 설치 계획' 자재 집적 중","북서부에서 남부까지 우주 라이너를 설치할 검다!
자재 조달을 위한 우주 임무에 협력 부탁드림다!","북서부에서 남부까지 우주 라이너를 설치할 검다! 자재를 함께 모아 주셨음 함다~!","서칭웨이",6,False,168,13,0,241046,0,0,0,0,2,3,4,0,0,0,0,0,0,0,0,0
87,"'제2차 우주 라이너 설치 계획' 진행 중
<UIForeground>F2023B</UIForeground><UIGlow>F2023C</UIGlow>우주 라이너가 완성될 때까지 대기하세요!","'제2차 우주 라이너 설치 계획' 진행 중","북서부에서 남부까지 설치하는 우주 라이너의 완공 예정 시간이 결정됐슴다!
완공되면 더 편해질 테니 조금만 기다려 주십쇼~!","북서부에서 남부까지 설치하는 우주 라이너의 완공 예정 시간이 결정됐슴다!","서칭웨이",6,False,168,13,0,241046,1452,0,0,0,2,3,4,0,0,0,0,0,0,0,0,0
88,"'우주 라이너: 평야' 설치 완료
<UIForeground>F2023B</UIForeground><UIGlow>F2023C</UIGlow>다음 작업 계획 중, 자유롭게 시간을 보내세요!","'우주 라이너: 평야' 설치 완료","북서부에서 남부까지 우주 라이너가 설치됐슴다!
이제 먼 곳을 탐색하기가 더 순조로워질 검다. 협력해 주셔서 고맙슴다~!","북서부에서 남부까지 우주 라이너가 설치됐슴다! 협력해 주셔서 고맙슴다~!","서칭웨이",7,False,168,14,0,241047,1480,126,6,6,2,3,4,5,6,7,0,0,0,0,0,0
89,"'하강 기중기 건설 공사' 자재 집적 중
<UIForeground>F2023B</UIForeground><UIGlow>F2023C</UIGlow>우주 임무에 참가해서 자재를 모으세요!","'하강 기중기 건설 공사' 자재 집적 중","캡슐 협곡 지하로 내려가는 기중기를 건설할 검다!
자재 조달을 위한 우주 임무에 협력 부탁드림다!","캡슐 협곡 지하로 내려가는 기중기를 건설할 검다! 자재를 함께 모아 주셨음 함다~!","서칭웨이",7,False,168,15,0,241048,0,0,0,0,2,3,4,5,6,7,0,0,0,0,0,0
90,"'제1차 하강 기중기 건설 공사' 공동 시공 작업 준비 중
<UIForeground>F2023B</UIForeground><UIGlow>F2023C</UIGlow>공동 시공 작업을 대비하세요!","'제1차 하강 기중기 건설 공사' 공동 시공 작업 준비 중","기중기 건설 공사를 위한 제1차 공동 시공 작업의 시작 시간이 결정됐슴다!
작업이 시작되면 협력 부탁드림다~!","기중기 건설 공사를 위한 제1차 공동 시공 작업의 시작 시간이 결정됐슴다! 협력 부탁드림다~!","서칭웨이",7,False,168,15,0,241048,1451,0,0,0,2,3,4,5,6,7,0,0,0,0,0,0
91,"'제1차 하강 기중기 건설 공사' 공동 시공 작업 실시 중
<UIForeground>F2023B</UIForeground><UIGlow>F2023C</UIGlow>공동 시공 작업에 참가하세요!","'제1차 하강 기중기 건설 공사' 공동 시공 작업 실시 중","기중기 건설 공사를 위한 제1차 공동 시공 작업이 진행되고 있슴다!
참가 부탁드림다~!","기중기 건설 공사를 위한 제1차 공동 시공 작업이 진행되고 있슴다! 참가 부탁드림다~!","서칭웨이",7,False,168,15,0,241048,0,0,0,0,2,3,4,5,6,7,0,0,0,0,0,0
92,"'제2차 하강 기중기 건설 공사' 공동 시공 작업 준비 중
<UIForeground>F2023B</UIForeground><UIGlow>F2023C</UIGlow>공동 시공 작업을 대비하세요!","'제2차 하강 기중기 건설 공사' 공동 시공 작업 준비 중","기중기 건설 공사를 위한 제2차 공동 시공 작업의 시작 시간이 결정됐슴다!
작업이 시작되면 협력 부탁드림다~!","기중기 건설 공사를 위한 제2차 공동 시공 작업의 시작 시간이 결정됐슴다! 협력 부탁드림다~!","서칭웨이",8,False,168,16,0,241049,1401,126,7,5,2,3,4,5,6,7,0,0,0,0,0,0
93,"'제2차 하강 기중기 건설 공사' 공동 시공 작업 실시 중
<UIForeground>F2023B</UIForeground><UIGlow>F2023C</UIGlow>공동 시공 작업에 참가하세요!","'제2차 하강 기중기 건설 공사' 공동 시공 작업 실시 중","기중기 건설 공사를 위한 제2차 공동 시공 작업이 진행되고 있슴다!
참가 부탁드림다~!","기중기 건설 공사를 위한 제2차 공동 시공 작업이 진행되고 있슴다! 참가 부탁드림다~!","서칭웨이",8,False,168,16,0,241049,0,0,0,0,2,3,4,5,6,7,0,0,0,0,0,0
94,"'아플리케 기중기' 완공
<UIForeground>F2023B</UIForeground><UIGlow>F2023C</UIGlow>다음 작업 계획 중, 자유롭게 시간을 보내세요!","'아플리케 기중기' 완공","아플리케 기중기가 완성됐슴다!
이제 구덩이 깊은 곳을 탐색하기 수월해질 검다. 협력해 주셔서 고맙슴다~!","아플리케 기중기가 완성됐슴다! 협력해 주셔서 고맙슴다~!","서칭웨이",9,False,168,17,0,241050,1481,126,8,6,2,3,4,5,6,7,0,0,0,0,0,0
95,"'제3차 우주 라이너 설치 계획' 자재 집적 중
<UIForeground>F2023B</UIForeground><UIGlow>F2023C</UIGlow>우주 임무에 참가해서 자재를 모으세요!","'제3차 우주 라이너 설치 계획' 자재 집적 중","캡슐 협곡 바닥에 우주 라이너를 설치할 검다!
자재를 함께 모아 주셨음 함다~!","캡슐 협곡 바닥에 우주 라이너를 설치할 검다! 자재를 함께 모아 주셨음 함다~!","서칭웨이",9,False,168,18,0,241051,0,0,0,0,2,3,4,5,6,7,0,0,0,0,0,0
96,"'제3차 우주 라이너 설치 계획' 진행 중
<UIForeground>F2023B</UIForeground><UIGlow>F2023C</UIGlow>우주 라이너가 완성될 때까지 대기하세요!","'제3차 우주 라이너 설치 계획' 진행 중","캡슐 협곡 바닥으로 가는 우주 라이너의 완공 예정 시간이 결정됐슴다!
완공되면 더 편해질 테니 조금만 기다려 주십쇼~!","캡슐 협곡 바닥으로 가는 우주 라이너의 완공 예정 시간이 결정됐슴다!","서칭웨이",9,False,168,18,0,241051,1452,0,0,0,2,3,4,5,6,7,0,0,0,0,0,0
97,"'우주 라이너: 폭포' 설치 완료
<UIForeground>F2023B</UIForeground><UIGlow>F2023C</UIGlow>다음 작업 계획 중, 자유롭게 시간을 보내세요!","'우주 라이너: 폭포' 설치 완료","캡슐 협곡 바닥에 우주 라이너가 설치됐슴다!
이제 구덩이 안쪽 탐색이 더 순조로워질 검다. 협력해 주셔서 고맙슴다~!","캡슐 협곡 바닥에 우주 라이너가 설치됐슴다! 협력해 주셔서 고맙슴다~!","서칭웨이",10,False,168,19,0,241052,1482,126,9,6,2,3,4,5,6,7,0,0,0,0,0,0
98,"'제2차 기지 확장 계획' 자재 집적 중
<UIForeground>F2023B</UIForeground><UIGlow>F2023C</UIGlow>우주 임무에 참가해서 자재를 모으세요!","'제2차 기지 확장 계획' 자재 집적 중","유리직공 기지를 더욱 확장할 검다!
자재 조달을 위한 우주 임무에 협력 부탁드림다!","유리직공 기지를 더욱 확장할 검다! 자재를 함께 모아 주셨음 함다~!","서칭웨이",10,False,168,20,0,241053,0,0,0,0,2,3,4,5,6,7,0,0,0,0,0,0
99,"'제2차 기지 확장 계획' 공동 시공 작업 준비 중
<UIForeground>F2023B</UIForeground><UIGlow>F2023C</UIGlow>공동 시공 작업을 대비하세요!","'제2차 기지 확장 계획' 공동 시공 작업 준비 중","기지를 더욱 확장하는 공동 시공 작업의 시작 시간이 결정됐슴다!
작업이 시작되면 협력 부탁드림다~!","기지를 더욱 확장하는 공동 시공 작업의 시작 시간이 결정됐슴다! 협력 부탁드림다~!","서칭웨이",10,False,168,20,0,241053,1451,0,0,0,2,3,4,5,6,7,0,0,0,0,0,0
100,"'제2차 기지 확장 계획' 공동 시공 작업 실시 중
<UIForeground>F2023B</UIForeground><UIGlow>F2023C</UIGlow>공동 시공 작업에 참가하세요!","'제2차 기지 확장 계획' 공동 시공 작업 실시 중","유리직공 기지를 더욱 확장하는 공동 시공 작업이 진행되고 있슴다!
참가 부탁드림다~!","유리직공 기지를 더욱 확장하는 공동 시공 작업이 진행되고 있슴다! 참가 부탁드림다~!","서칭웨이",10,False,168,20,0,241053,0,0,0,0,2,3,4,5,6,7,0,0,0,0,0,0
101,"'유리직공 기지: 거점 3' 완공
<UIForeground>F2023B</UIForeground><UIGlow>F2023C</UIGlow>다음 작업 계획 중, 자유롭게 시간을 보내세요!","'유리직공 기지: 거점 3' 완공","유리직공 기지가 더욱 멋지게 확장됐슴다!
탐색 활동이 더욱더 순조로워질 검다. 협력해 주셔서 고맙슴다~!","유리직공 기지가 더욱 멋지게 확장됐슴다! 협력해 주셔서 고맙슴다~!","서칭웨이",11,False,168,21,0,241054,1483,126,10,6,1,3,4,5,6,7,0,0,0,0,0,0
102,"'제2차 격납고 확장 계획' 자재 집적 중
<UIForeground>F2023B</UIForeground><UIGlow>F2023C</UIGlow>우주 임무에 참가해서 자재를 모으세요!","'제2차 격납고 확장 계획' 자재 집적 중","로더 격납고를 개축할 검다!
자재 조달을 위한 우주 임무에 협력 부탁드림다!","로더 격납고를 개축할 검다! 자재를 함께 모아 주셨음 함다~!","서칭웨이",11,False,168,22,0,241055,0,0,0,0,1,3,4,5,6,7,0,0,0,0,0,0
103,"'제2차 격납고 확장 계획' 공동 시공 작업 준비 중
<UIForeground>F2023B</UIForeground><UIGlow>F2023C</UIGlow>공동 시공 작업을 대비하세요!","'제2차 격납고 확장 계획' 공동 시공 작업 준비 중","로더 격납고를 개축하는 공동 시공 작업의 시작 시간이 결정됐슴다!
작업이 시작되면 협력 부탁드림다~!","로더 격납고를 개축하는 공동 시공 작업의 시작 시간이 결정됐슴다! 협력 부탁드림다~!","서칭웨이",11,False,168,22,0,241055,1451,0,0,0,1,3,4,5,6,7,0,0,0,0,0,0
104,"'제2차 격납고 확장 계획' 공동 시공 작업 실시 중
<UIForeground>F2023B</UIForeground><UIGlow>F2023C</UIGlow>공동 시공 작업에 참가하세요!","'제2차 격납고 확장 계획' 공동 시공 작업 실시 중","로더 격납고를 개축하는 공동 시공 작업이 진행되고 있슴다!
참가 부탁드림다~!","로더 격납고를 개축하는 공동 시공 작업이 진행되고 있슴다! 참가 부탁드림다~!","서칭웨이",11,False,168,22,0,241055,0,0,0,0,1,3,4,5,6,7,0,0,0,0,0,0
105,"'로더 격납고 3' 개조 완료
<UIForeground>F2023B</UIForeground><UIGlow>F2023C</UIGlow>다음 작업 계획 중, 자유롭게 시간을 보내세요!","'로더 격납고 3' 개조 완료","로더 격납고가 개축됐슴다!
이제 로더도 더 많이 활약하겠군요…… 협력해 주셔서 고맙슴다~!","로더 격납고가 개축됐슴다! 협력해 주셔서 고맙슴다~!","서칭웨이",12,False,168,23,0,241056,1402,126,11,5,1,3,4,5,6,7,0,0,0,0,0,0
106,"'우주 공항 정비 지원' 자재 집적 중
<UIForeground>F2023B</UIForeground><UIGlow>F2023C</UIGlow>우주 임무에 참가해서 자재를 모으세요!","'우주 공항 정비 지원' 자재 집적 중","우주 공항을 개축할 검다!
자재 조달을 위한 우주 임무에 협력 부탁드림다!","우주 공항을 개축할 검다! 자재를 함께 모아 주셨음 함다~!","서칭웨이",12,False,168,24,0,241057,0,0,0,0,1,3,4,5,6,7,0,0,0,0,0,0
107,"'우주 공항 정비 지원' 공동 시공 작업 준비 중
<UIForeground>F2023B</UIForeground><UIGlow>F2023C</UIGlow>공동 시공 작업을 대비하세요!","'우주 공항 정비 지원' 공동 시공 작업 준비 중","우주 공항을 개축하는 공동 시공 작업의 시작 시간이 결정됐슴다!
작업이 시작되면 협력 부탁드림다~!","우주 공항을 개축하는 공동 시공 작업의 시작 시간이 결정됐슴다! 협력 부탁드림다~!","서칭웨이",12,False,168,24,0,241057,1451,0,0,0,1,3,4,5,6,7,0,0,0,0,0,0
108,"'우주 공항 정비 지원' 공동 시공 작업 실시 중
<UIForeground>F2023B</UIForeground><UIGlow>F2023C</UIGlow>공동 시공 작업에 참가하세요!","'우주 공항 정비 지원' 공동 시공 작업 실시 중","우주 공항을 개축하는 공동 시공 작업이 진행되고 있슴다!
참가 부탁드림다~!","우주 공항을 개축하는 공동 시공 작업이 진행되고 있슴다! 참가 부탁드림다~!","서칭웨이",12,False,168,24,0,241057,0,0,0,0,1,3,4,5,6,7,0,0,0,0,0,0
109,"'우주 공항 2' 개조 완료
<UIForeground>F2023B</UIForeground><UIGlow>F2023C</UIGlow>다음 작업 계획 중, 자유롭게 시간을 보내세요!","'우주 공항 2' 개조 완료","우주 공항이 개축됐슴다!
이제 더 먼 별로 갈 수 있겠군요…… 협력해 주셔서 고맙슴다~!","우주 공항이 개축됐슴다! 협력해 주셔서 고맙슴다~!","서칭웨이",13,False,168,25,0,241058,1402,126,12,5,1,3,4,5,6,7,0,0,0,0,0,0
110,"'에너지 집적 시설 공사' 자재 집적 중
<UIForeground>F2023B</UIForeground><UIGlow>F2023C</UIGlow>우주 임무에 참가해서 자재를 모으세요!","'에너지 집적 시설 공사' 자재 집적 중","에너지 집적 시설을 건설할 검다!
자재 조달을 위한 우주 임무에 협력 부탁드림다!","에너지 집적 시설을 건설할 자재를 함께 모아 주셨음 함다~!","서칭웨이",13,False,168,26,0,241059,0,0,0,0,1,3,4,5,6,7,0,0,0,0,0,0
111,"'제1차 에너지 집적 시설 공사' 공동 시공 작업 준비 중
<UIForeground>F2023B</UIForeground><UIGlow>F2023C</UIGlow>공동 시공 작업을 대비하세요!","'제1차 에너지 집적 시설 공사' 공동 시공 작업 준비 중","에너지 집적 시설을 건설하는 제1차 공동 시공 작업의 시작 시간이 결정됐슴다!
작업이 시작되면 협력 부탁드림다~!","에너지 집적 시설을 건설하는 제1차 공동 시공 작업의 시작 시간이 결정됐슴다! 협력 부탁드림다~!","서칭웨이",13,False,168,26,0,241059,1451,0,0,0,1,3,4,5,6,7,0,0,0,0,0,0
112,"'제1차 에너지 집적 시설 공사' 공동 시공 작업 실시 중
<UIForeground>F2023B</UIForeground><UIGlow>F2023C</UIGlow>공동 시공 작업에 참가하세요!","'제1차 에너지 집적 시설 공사' 공동 시공 작업 실시 중","에너지 집적 시설을 건설하는 제1차 공동 시공 작업이 진행되고 있슴다!
참가 부탁드림다~!","에너지 집적 시설을 건설하는 제1차 공동 시공 작업이 진행되고 있슴다! 참가 부탁드림다~!","서칭웨이",13,False,168,26,0,241059,0,0,0,0,1,3,4,5,6,7,0,0,0,0,0,0
113,"'제2차 에너지 집적 시설 공사' 공동 시공 작업 준비 중
<UIForeground>F2023B</UIForeground><UIGlow>F2023C</UIGlow>공동 시공 작업을 대비하세요!","'제2차 에너지 집적 시설 공사' 공동 시공 작업 준비 중","에너지 집적 시설을 건설하는 제2차 공동 시공 작업의 시작 시간이 결정됐슴다!
작업이 시작되면 협력 부탁드림다~!","에너지 집적 시설을 건설하는 제2차 공동 시공 작업의 시작 시간이 결정됐슴다! 협력 부탁드림다~!","서칭웨이",14,False,168,27,0,241060,1401,126,13,5,1,3,4,5,6,7,0,0,0,0,0,0
114,"'제2차 에너지 집적 시설 공사' 공동 시공 작업 실시 중
<UIForeground>F2023B</UIForeground><UIGlow>F2023C</UIGlow>공동 시공 작업에 참가하세요!","'제2차 에너지 집적 시설 공사' 공동 시공 작업 실시 중","에너지 집적 시설을 건설하는 제2차 공동 시공 작업이 진행되고 있슴다!
참가 부탁드림다~!","에너지 집적 시설을 건설하는 제2차 공동 시공 작업이 진행되고 있슴다! 참가 부탁드림다~!","서칭웨이",14,False,168,27,0,241060,0,0,0,0,1,3,4,5,6,7,0,0,0,0,0,0
115,"'거대 뇌력판' 완공
<UIForeground>F2023B</UIForeground><UIGlow>F2023C</UIGlow>다음 작업 계획 중, 자유롭게 시간을 보내세요!","'거대 뇌력판' 완공","거대 뇌력판 두 대가 건설됐슴다!
탐색에 쓸 에너지가 점점 늘어나고 있슴다. 협력해 주셔서 고맙슴다~!","거대 뇌력판 두 대가 건설됐슴다! 협력해 주셔서 고맙슴다~!","서칭웨이",15,False,168,28,0,241061,1402,126,14,5,1,3,4,5,6,7,0,0,0,0,0,0
116,"'무인 냉각기 거점 건설 공사' 자재 집적 중
<UIForeground>F2023B</UIForeground><UIGlow>F2023C</UIGlow>우주 임무에 참가해서 자재를 모으세요!","'무인 냉각기 거점 건설 공사' 자재 집적 중","탐색 지역을 확대하기 위해 녹은 유리 무인 냉각기의 거점을 건설할 검다!
자재 조달을 위한 우주 임무에 협력 부탁드림다!","탐색 지역을 확대하기 위해 녹은 유리 무인 냉각기의 거점을 건설할 검다! 자재를 함께 모아 주셨음 함다~!","서칭웨이",15,False,168,29,0,241062,0,0,0,0,1,3,4,5,6,7,0,0,0,0,0,0
117,"'무인 냉각기 거점 건설 공사' 공동 시공 작업 준비 중
<UIForeground>F2023B</UIForeground><UIGlow>F2023C</UIGlow>공동 시공 작업을 대비하세요!","'무인 냉각기 거점 건설 공사' 공동 시공 작업 준비 중","무인 냉각기 거점을 건설하는 공동 시공 작업의 시작 시간이 결정됐슴다!
작업이 시작되면 협력 부탁드림다~!","무인 냉각기 거점을 건설하는 공동 시공 작업의 시작 시간이 결정됐슴다! 협력 부탁드림다~!","서칭웨이",15,False,168,29,0,241062,1451,0,0,0,1,3,4,5,6,7,0,0,0,0,0,0
118,"'무인 냉각기 거점 건설 공사' 공동 시공 작업 실시 중
<UIForeground>F2023B</UIForeground><UIGlow>F2023C</UIGlow>공동 시공 작업에 참가하세요!","'무인 냉각기 거점 건설 공사' 공동 시공 작업 실시 중","무인 냉각기 거점을 건설하는 공동 시공 작업이 진행되고 있슴다!
참가 부탁드림다~!","무인 냉각기 거점을 건설하는 공동 시공 작업이 진행되고 있슴다! 참가 부탁드림다~!","서칭웨이",15,False,168,29,0,241062,0,0,0,0,1,3,4,5,6,7,0,0,0,0,0,0
119,"'제1차 녹은 유리 냉각 작전' 수행 준비 중
<UIForeground>F2023B</UIForeground><UIGlow>F2023C</UIGlow>공동 시공 작업을 대비하세요!","'제1차 녹은 유리 냉각 작전' 수행 준비 중","녹은 유리 냉각 작전을 위한 제1차 공동 시공 작업의 시작 시간이 결정됐슴다!
작업이 시작되면 협력 부탁드림다~!","녹은 유리 냉각 작전을 위한 제1차 공동 시공 작업의 시작 시간이 결정됐슴다! 협력 부탁드림다~!","서칭웨이",16,False,168,30,0,241063,1401,126,15,5,1,3,4,5,6,7,0,0,0,0,0,0
120,"'제1차 녹은 유리 냉각 작전' 수행 중
<UIForeground>F2023B</UIForeground><UIGlow>F2023C</UIGlow>공동 시공 작업에 참가하세요!","'제1차 녹은 유리 냉각 작전' 수행 중","녹은 유리 냉각 작전을 위한 제1차 공동 시공 작업이 진행되고 있슴다!
참가 부탁드림다~!","녹은 유리 냉각 작전을 위한 제1차 공동 시공 작업이 진행되고 있슴다! 참가 부탁드림다~!","서칭웨이",16,False,168,30,0,241063,0,0,0,0,1,3,4,5,6,7,0,0,0,0,0,0
121,"'제2차 녹은 유리 냉각 작전' 수행 준비 중
<UIForeground>F2023B</UIForeground><UIGlow>F2023C</UIGlow>공동 시공 작업을 대비하세요!","'제2차 녹은 유리 냉각 작전' 수행 준비 중","녹은 유리 냉각 작전을 위한 제2차 공동 시공 작업의 시작 시간이 결정됐슴다!
작업이 시작되면 협력 부탁드림다~!","녹은 유리 냉각 작전을 위한 제2차 공동 시공 작업의 시작 시간이 결정됐슴다! 협력 부탁드림다~!","서칭웨이",17,False,168,31,0,241064,1401,126,16,5,1,3,4,5,6,7,0,0,0,0,0,0
122,"'제2차 녹은 유리 냉각 작전' 수행 중
<UIForeground>F2023B</UIForeground><UIGlow>F2023C</UIGlow>공동 시공 작업에 참가하세요!","'제2차 녹은 유리 냉각 작전' 수행 중","녹은 유리 냉각 작전을 위한 제2차 공동 시공 작업이 진행되고 있슴다!
참가 부탁드림다~!","녹은 유리 냉각 작전을 위한 제2차 공동 시공 작업이 진행되고 있슴다! 참가 부탁드림다~!","서칭웨이",17,False,168,31,0,241064,0,0,0,0,1,3,4,5,6,7,0,0,0,0,0,0
123,"'녹은 유리 냉각 작전' 완수
<UIForeground>F2023B</UIForeground><UIGlow>F2023C</UIGlow>다음 작업 계획 중, 자유롭게 시간을 보내세요!","'녹은 유리 냉각 작전' 완수","녹은 유리를 식히고 굳혀서 탐색 가능한 지역이 확대됐슴다!
행성 파엔나 탐색이 더욱더 순조로워질 검다. 협력해 주셔서 고맙슴다~!","녹은 유리를 식히고 굳혀서 탐색 가능한 지역이 확대됐슴다! 협력해 주셔서 고맙슴다~!","서칭웨이",18,False,168,32,0,241065,1484,126,17,6,1,3,4,5,6,7,0,0,0,0,0,0
124,"'제4차 우주 라이너 설치 계획' 자재 집적 중
<UIForeground>F2023B</UIForeground><UIGlow>F2023C</UIGlow>우주 임무에 참가해서 자재를 모으세요!","'제4차 우주 라이너 설치 계획' 자재 집적 중","퓨징웨이 분화구로 가는 우주 라이너를 설치할 검다!
자재를 함께 모아 주셨음 함다~!","퓨징웨이 분화구로 가는 우주 라이너를 설치할 검다! 자재를 함께 모아 주셨음 함다~!","서칭웨이",18,False,168,33,0,241066,0,0,0,0,1,3,4,5,6,7,0,0,0,0,0,0
125,"'제4차 우주 라이너 설치 계획' 진행 중
<UIForeground>F2023B</UIForeground><UIGlow>F2023C</UIGlow>우주 라이너가 완성될 때까지 대기하세요!","'제4차 우주 라이너 설치 계획' 진행 중","퓨징웨이 분화구로 가는 우주 라이너의 완공 예정 시간이 결정됐슴다!
완공되면 더 편해질 테니 조금만 기다려 주십쇼~!","퓨징웨이 분화구로 가는 우주 라이너의 완공 예정 시간이 결정됐슴다!","서칭웨이",18,False,168,33,0,241066,1452,0,0,0,1,3,4,5,6,7,0,0,0,0,0,0
126,"'우주 라이너: 분화구 지대' 설치 완료
<UIForeground>F2023B</UIForeground><UIGlow>F2023C</UIGlow>다음 작업 계획 중, 자유롭게 시간을 보내세요!","'우주 라이너: 분화구 지대' 설치 완료","퓨징웨이 분화구에 우주 라이너가 설치됐슴다!
이제 분화구 근처로 금방 갈 수 있게 됐슴다. 협력해 주셔서 고맙슴다~!","퓨징웨이 분화구에 우주 라이너가 설치됐슴다! 협력해 주셔서 고맙슴다~!","서칭웨이",19,False,168,34,0,241067,1485,126,18,6,1,3,4,5,6,7,0,0,0,0,0,0
127,"'기지 종합 설비 확장 공사' 자재 집적 중
<UIForeground>F2023B</UIForeground><UIGlow>F2023C</UIGlow>우주 임무에 참가해서 자재를 모으세요!","'기지 종합 설비 확장 공사' 자재 집적 중","유리직공 기지를 어마어마하게 확충할 검다! 
자재를 함께 모아 주셨음 함다~!","유리직공 기지를 어마어마하게 확충할 검다! 자재를 함께 모아 주셨음 함다~!","서칭웨이",19,False,168,35,0,241068,0,0,0,0,1,3,4,5,6,7,0,0,0,0,0,0
128,"'기지 종합 설비 확장 공사' 공동 시공 작업 준비 중
<UIForeground>F2023B</UIForeground><UIGlow>F2023C</UIGlow>공동 시공 작업을 대비하세요!","'기지 종합 설비 확장 공사' 공동 시공 작업 준비 중","기지를 어마어마하게 확장하는 공동 시공 작업의 시작 시간이 결정됐슴다! 
작업이 시작되면 협력 부탁드림다~!","기지를 어마어마하게 확장하는 공동 시공 작업의 시작 시간이 결정됐슴다! 협력 부탁드림다~!","서칭웨이",19,False,168,35,0,241068,1451,0,0,0,1,3,4,5,6,7,0,0,0,0,0,0
129,"'기지 종합 설비 확장 공사' 공동 시공 작업 실시 중
<UIForeground>F2023B</UIForeground><UIGlow>F2023C</UIGlow>공동 시공 작업에 참가하세요!","'기지 종합 설비 확장 공사' 공동 시공 작업 실시 중","유리직공 기지를 어마어마하게 확장하는 공동 시공 작업이 진행되고 있슴다!
참가 부탁드림다~!","유리직공 기지를 어마어마하게 확장하는 공동 시공 작업이 진행되고 있슴다! 참가 부탁드림다~!","서칭웨이",19,False,168,35,0,241068,0,0,0,0,1,3,4,5,6,7,0,0,0,0,0,0
130,"'유리직공 기지: 파엔나 별 관측경' 완공
<UIForeground>F2023B</UIForeground><UIGlow>F2023C</UIGlow>어떤 별로 향하게 될지 상상하며 자유롭게 시간을 보내세요!","'유리직공 기지: 파엔나 별 관측경' 완공","유리직공 기지가 어마어마하게 확장됐슴다!
행성 파엔나의 기지도 아주 근사하게 완성됐슴다~ 협력해 주셔서 고맙슴다~!","유리직공 기지가 어마어마하게 확장됐슴다! 협력해 주셔서 고맙슴다~!","서칭웨이",20,False,168,36,0,241069,1486,126,19,6,1,3,4,5,6,7,0,0,0,0,0,0
131,"'행성 파엔나 탐색 계획' 완료
<UIForeground>F2023B</UIForeground><UIGlow>F2023C</UIGlow>어떤 별로 향하게 될지 상상하며 자유롭게 시간을 보내세요!","'행성 파엔나 탐색 계획' 완료","여러분이 협력해 주신 덕분에 행성 파엔나의 모든 시설이 완성됐슴다!
다음에 갈 별을 찾는 중임다. 지금까지 협력해 주셔서 고맙슴다~!!","여러분이 협력해 주신 덕분에 행성 파엔나의 모든 시설이 완성됐슴다! 고맙슴다~!!","서칭웨이",20,False,168,37,0,241070,0,0,0,0,1,3,4,5,6,7,0,0,0,0,0,0
132,"'거주 모듈 설치 지원' 자재 집적 중
<UIForeground>F2023B</UIForeground><UIGlow>F2023C</UIGlow>우주 임무에 참가해서 자재를 모으세요!","'거주 모듈 설치 지원' 자재 집적 중","기지에서 생활하는 모두를 위한 거주 모듈을 건설해
활동을 지원하는 계획이 진행되고 있슴다~!","기지에서 생활하는 모두를 위한 거주 모듈을 건설해 활동을 지원할 검다!","서칭웨이",0,False,170,1,0,241072,0,0,0,5,1,0,0,0,0,0,0,0,0,0,0,0
133,"'거주 모듈 설치 지원' 공동 시공 작업 준비 중
<UIForeground>F2023B</UIForeground><UIGlow>F2023C</UIGlow>시작 시간까지 공사 예정지에 모이세요!","'거주 모듈 설치 지원' 공동 시공 작업 준비 중","거주 모듈을 건설하는 공동 시공 작업의 시작 시간이 결정됐슴다!
작업이 시작되면 협력 부탁드림다~!","거주 모듈을 건설하는 공동 시공 작업의 시작 시간이 결정됐슴다! 협력 부탁드림다~!","서칭웨이",0,False,170,1,0,241072,1451,166,1,5,1,0,0,0,0,0,0,0,0,0,0,0
134,"'거주 모듈 설치 지원' 공동 시공 작업 실시 중
<UIForeground>F2023B</UIForeground><UIGlow>F2023C</UIGlow>마른땅 기지 북쪽으로 가서 작업에 참가하세요!","'거주 모듈 설치 지원' 공동 시공 작업 실시 중","거주 모듈을 건설하는 공동 시공 작업이 진행되고 있슴다!
참가 부탁드림다~!","거주 모듈을 건설하는 공동 시공 작업이 진행되고 있슴다! 참가 부탁드림다~!","서칭웨이",0,False,170,2,0,241072,0,0,0,0,1,0,0,0,0,0,0,0,0,0,0,0
135,"'거주 모듈' 완공
<UIForeground>F2023B</UIForeground><UIGlow>F2023C</UIGlow>다음 작업 계획 중, 자유롭게 시간을 보내세요!","'거주 모듈' 완공","기지에서 생활하는 모두를 위한 거주 모듈이 완성됐슴다!
탐색 및 연구 활동도 수월해질 검다. 협력해 주셔서 고맙슴다~!","기지에서 생활하는 모두를 위한 거주 모듈이 완성됐슴다! 협력해 주셔서 고맙슴다~!","서칭웨이",1,False,170,3,0,241073,1575,166,3,6,1,0,0,0,0,0,0,0,0,0,0,7
136,"'제1차 우주 라이너 설치 지원' 자재 집적 중
<UIForeground>F2023B</UIForeground><UIGlow>F2023C</UIGlow>우주 임무에 참가해서 자재를 모으세요!","'제1차 우주 라이너 설치 지원' 자재 집적 중","중앙 평야에 우주 라이너를 설치할 검다!
자재 조달을 위한 우주 임무에 협력 부탁드림다!","중앙 평야에 우주 라이너를 설치할 검다! 자재를 함께 모아 주셨음 함다~!","서칭웨이",1,False,170,4,0,241074,0,166,4,5,1,0,0,0,0,0,0,0,0,0,0,0
137,"'제1차 우주 라이너 설치 지원' 진행 중
<UIForeground>F2023B</UIForeground><UIGlow>F2023C</UIGlow>우주 라이너가 완성될 때까지 대기하세요!","'제1차 우주 라이너 설치 지원' 진행 중","중앙 평야에 우주 라이너를 설치하고 있슴다!
완공되면 더 편해질 테니 조금만 기다려 주십쇼~!","중앙 평야에 우주 라이너를 설치하고 있슴다! 완성될 때까지 기다려 주십쇼~!","서칭웨이",1,False,170,4,0,241074,1452,166,5,5,1,0,0,0,0,0,0,0,0,0,0,0
138,"'우주 라이너: 중앙 평야' 설치 완료
<UIForeground>F2023B</UIForeground><UIGlow>F2023C</UIGlow>다음 작업 계획 중, 자유롭게 시간을 보내세요!","'우주 라이너: 중앙 평야' 설치 완료","중앙 평야에 우주 라이너가 설치됐슴다!
먼 곳을 조사하기가 더 순조로워질 검다. 협력해 주셔서 고맙슴다~!","중앙 평야에 우주 라이너가 설치됐슴다! 협력해 주셔서 고맙슴다~!","서칭웨이",2,False,170,4,0,241075,1576,166,6,6,1,0,0,6,3,4,0,0,0,0,0,8
139,"'에너지 설비 건설 지원' 자재 집적 중
<UIForeground>F2023B</UIForeground><UIGlow>F2023C</UIGlow>우주 임무에 참가해서 자재를 모으세요!","'에너지 설비 건설 지원' 자재 집적 중","기지에 필요한 에너지와 물을 확보하기 위해
발뢰소와 급수장을 건설하는 계획이 진행되고 있슴다!","발뢰소와 급수장을 건설할 검다! 자재를 모아 주셨음 함다~!","서칭웨이",3,True,170,5,0,241076,0,166,7,5,1,0,0,6,3,4,0,0,0,0,0,0
140,"'에너지 설비 건설 지원' 공동 시공 작업 준비 중
<UIForeground>F2023B</UIForeground><UIGlow>F2023C</UIGlow>시작 시간까지 공사 예정지에 모이세요!","'에너지 설비 건설 지원' 공동 시공 작업(1/2) 준비 중","에너지 설비를 건설하는 작업의 시작 시간이 결정됐슴다!
작업이 시작되면 협력 부탁드림다~!","에너지 설비를 건설하는 작업의 시작 시간이 결정됐슴다! 협력 부탁드림다~!","서칭웨이",3,False,170,5,0,241076,1451,166,8,5,1,0,0,6,3,4,0,0,0,0,0,0
141,"'에너지 설비 건설 지원' 공동 시공 작업 실시 중
<UIForeground>F2023B</UIForeground><UIGlow>F2023C</UIGlow>마른땅 기지 서쪽으로 가서 작업에 참가하세요!","'에너지 설비 건설 지원' 공동 시공 작업(1/2) 실시 중","에너지 설비를 건설하는 작업이 진행되고 있슴다!
참가 부탁드림다~!","에너지 설비를 건설하는 작업이 진행되고 있슴다! 참가 부탁드림다~!","서칭웨이",3,False,170,5,0,241076,0,0,0,0,1,0,0,6,3,4,0,0,0,0,0,0
142,"'급수 설비 건설 지원' 공동 시공 작업 준비 중
<UIForeground>F2023B</UIForeground><UIGlow>F2023C</UIGlow>시작 시간까지 공사 예정지에 모이세요!","'급수 설비 건설 지원' 공동 시공 작업(2/2) 준비 중","발뢰소가 완성됐슴다!
다음은 급수장을 만들 테니 협력 부탁드림다~!","곧 공동 시공 작업 '급수 설비 건설 지원'이 시작됨다! 공사 예정지에 모여주십쇼!","서칭웨이",4,False,170,6,0,241077,1577,166,10,6,1,0,0,6,3,4,0,0,0,0,0,0
143,"'급수 설비 건설 지원' 공동 시공 작업 실시 중
<UIForeground>F2023B</UIForeground><UIGlow>F2023C</UIGlow>마른땅 기지 서쪽으로 가서 작업에 참가하세요!","'급수 설비 건설 지원' 공동 시공 작업(2/2) 실시 중","급수 설비를 건설하는 공동 시공 작업이 진행되고 있슴다!
참가 부탁드림다~!","급수 설비를 건설하는 작업이 진행되고 있슴다! 참가 부탁드림다~!","서칭웨이",4,False,170,6,0,241077,0,0,0,0,1,0,0,6,3,4,0,0,0,0,0,10
144,"'에너지 설비' 및 '급수 설비' 완공
<UIForeground>F2023B</UIForeground><UIGlow>F2023C</UIGlow>다음 작업 계획 중, 자유롭게 시간을 보내세요!","'동력 공급관' 및 '수자원관' 완공","발뢰소와 급수장이 완성됐슴다!
실험실도 설치되어 연구와 개발이 더 진척될 검다! 협력해 주셔서 고맙슴다~!","발뢰소와 급수장이 완성됐슴다! 협력해 주셔서 고맙슴다~!","서칭웨이",5,False,170,7,0,241078,1578,166,12,6,1,0,0,6,3,4,0,0,0,0,0,0
145,"'중력 제어 장치 설치 지원' 자재 집적 중
<UIForeground>F2023B</UIForeground><UIGlow>F2023C</UIGlow>우주 임무에 참가해서 자재를 모으세요!","'중력 제어 장치 설치 지원' 자재 집적 중","닻산에 중력 제어 장치를 설치한 후 주변에 떠다니는 돌을 고정해서,
푸른줄 부유대지로 건너갈 수 있는 다리를 만들 검다!","닻산에 중력 제어 장치를 설치한 후, 푸른줄 부유대지로 건너갈 수 있는 다리를 만들 검다!","서칭웨이",6,True,170,8,0,241079,0,166,13,5,1,0,0,6,3,4,0,0,0,0,0,0
146,"'중력 제어 장치 설치 지원' 공동 시공 작업 준비 중
<UIForeground>F2023B</UIForeground><UIGlow>F2023C</UIGlow>시작 시간까지 공사 예정지에 모이세요!","'중력 제어 장치 설치 지원' 공동 시공 작업 준비 중","중력 제어 장치를 설치하는 공동 시공 작업의 시작 시간이 결정됐슴다!
작업이 시작되면 협력 부탁드림다~!","중력 제어 장치를 설치하는 공동 시공 작업의 시작 시간이 결정됐슴다! 협력 부탁드림다~!","서칭웨이",6,False,170,8,0,241079,1451,166,14,5,1,0,0,6,3,4,0,0,0,0,0,0
147,"'중력 제어 장치 설치 지원' 공동 시공 작업 실시 중
<UIForeground>F2023B</UIForeground><UIGlow>F2023C</UIGlow>닻산으로 가서 참가하세요!","'중력 제어 장치 설치 지원' 공동 시공 작업 실시 중","중력 제어 장치를 설치하는 공동 시공 작업이 진행되고 있슴다!
참가 부탁드림다~!","중력 제어 장치를 설치하는 공동 시공 작업이 진행되고 있슴다! 참가 부탁드림다~!","서칭웨이",6,False,170,8,0,241079,0,0,0,0,1,0,0,6,3,4,0,0,0,0,0,0
148,"'중력 발생기' 완공
<UIForeground>F2023B</UIForeground><UIGlow>F2023C</UIGlow>다음 작업 계획 중, 자유롭게 시간을 보내세요!","'중력 발생기' 완공","중력 발생기가 설치됐슴다!
드디어 푸른줄 부유대지 조사가 시작될 검다. 협력해 주셔서 고맙슴다~!","중력 발생기가 설치됐슴다! 협력해 주셔서 고맙슴다~!","서칭웨이",7,False,170,9,0,241080,1579,166,16,6,1,0,0,6,3,4,0,0,0,0,0,0
149,"'제2차 우주 라이너 설치 지원' 자재 집적 중
<UIForeground>F2023B</UIForeground><UIGlow>F2023C</UIGlow>우주 임무에 참가해서 자재를 모으세요!","'제2차 우주 라이너 설치 지원' 자재 집적 중","푸른줄 부유대지에 우주 라이너를 설치할 검다!
자재 조달을 위한 우주 임무에 협력 부탁드림다!","푸른줄 부유대지에 우주 라이너를 설치할 검다! 자재를 함께 모아 주셨음 함다~!","서칭웨이",7,False,170,10,0,241081,0,166,17,5,1,0,0,6,3,4,0,0,0,0,0,0
150,"'제2차 우주 라이너 설치 지원' 진행 중
<UIForeground>F2023B</UIForeground><UIGlow>F2023C</UIGlow>우주 라이너가 완성될 때까지 대기하세요!","'제2차 우주 라이너 설치 지원' 진행 중","푸른줄 부유대지에 우주 라이너를 설치하고 있슴다!
완공되면 더 편해질 테니 조금만 기다려 주십쇼~!","푸른줄 부유대지에 우주 라이너를 설치하고 있슴다! 완성될 때까지 기다려 주십쇼~!","서칭웨이",7,False,170,10,0,241081,1452,166,18,5,1,0,0,6,3,4,0,0,0,0,0,0
151,"'우주 라이너: 푸른줄 부유대지' 설치 완료
<UIForeground>F2023B</UIForeground><UIGlow>F2023C</UIGlow>다음 작업 계획 중, 자유롭게 시간을 보내세요!","'우주 라이너: 푸른줄 부유대지' 설치 완료","푸른줄 부유대지에 우주 라이너가 설치됐슴다!
먼 곳을 조사하기가 더 순조로워질 검다. 협력해 주셔서 고맙슴다~!","푸른줄 부유대지에 우주 라이너가 설치됐슴다! 협력해 주셔서 고맙슴다~!","서칭웨이",8,False,170,10,0,241082,1580,166,19,6,1,0,0,6,3,4,5,0,0,0,0,0
152,"'마른땅 기지 재정비 공사' 자재 집적 중
<UIForeground>F2023B</UIForeground><UIGlow>F2023C</UIGlow>우주 임무에 참가해서 자재를 모으세요!","'마른땅 기지 재정비 공사' 자재 집적 중","기지 안쪽의 결정체 '에우헤드론'을 복원하기 위해 기지를 재정비할 검다!
이 별에 살았던 선구자들의 수수께끼를 풀 수 있을지도 모름다!","기지 안쪽의 결정체 '에우헤드론'을 복원하기 위해 기지를 재정비할 검다!","서칭웨이",9,True,170,11,0,241083,0,166,20,5,1,0,0,6,3,4,5,0,0,0,0,15
153,"'마른땅 기지 재정비 공사' 공동 시공 작업 준비 중
<UIForeground>F2023B</UIForeground><UIGlow>F2023C</UIGlow>시작 시간까지 공사 예정지에 모이세요!","'마른땅 기지 재정비 공사' 공동 시공 작업 준비 중","마른땅 기지를 재정비하는 공동 시공 작업의 시작 시간이 결정됐슴다!
작업이 시작되면 협력 부탁드림다~!","마른땅 기지를 재정비하는 공동 시공 작업의 시작 시간이 결정됐슴다! 협력 부탁드림다~!","서칭웨이",9,False,170,11,0,241083,1451,166,21,5,1,0,0,6,3,4,5,0,0,0,0,0
154,"'마른땅 기지 재정비 공사' 공동 시공 작업 실시 중
<UIForeground>F2023B</UIForeground><UIGlow>F2023C</UIGlow>마른땅 기지로 가서 작업에 참가하세요!","'마른땅 기지 재정비 공사' 공동 시공 작업 실시 중","마른땅 기지를 재정비하는 공동 시공 작업이 진행되고 있슴다!
참가 부탁드림다~!","마른땅 기지를 재정비하는 공동 시공 작업이 진행되고 있슴다! 참가 부탁드림다~!","서칭웨이",9,False,170,11,0,241083,0,0,0,0,1,0,0,6,3,4,5,0,0,0,0,0
155,"'마른땅 기지' 재정비 공사 완료
<UIForeground>F2023B</UIForeground><UIGlow>F2023C</UIGlow>다음 작업 계획 중, 자유롭게 시간을 보내세요!","'마른땅 기지' 재정비 공사 완료","마른땅 기지를 재정비했슴다!
다음 목표는 중앙 기구의 완전한 부활임다~!","마른땅 기지를 재정비했슴다! 협력해 주셔서 고맙슴다~!","서칭웨이",10,False,170,12,0,241084,1581,166,23,6,2,0,0,6,3,4,5,0,0,0,0,16
156,"'에우헤드론 복원 계획' 지원 물자 집적 중
<UIForeground>F2023B</UIForeground><UIGlow>F2023C</UIGlow>우주 임무에 참가해서 지원 물자를 모으세요!","'에우헤드론 복원 계획' 지원 물자 집적 중","기지의 결정체 '에우헤드론'은 표면이 많이 열화되었슴다!
활성화시켜 에테르 유동성을 조절해서 복원하는 계획을 진행하고 있슴다!","기지의 중앙 기구 '에우헤드론'을 활성화시켜 복원할 검다!","서칭웨이",11,True,170,13,0,241085,0,166,24,5,2,0,0,6,3,4,5,0,0,0,0,17
157,"'에우헤드론 복원 계획' 공동 시공 작업 준비 중
<UIForeground>F2023B</UIForeground><UIGlow>F2023C</UIGlow>시작 시간까지 공사 예정지에 모이세요!","'에우헤드론 복원 계획' 공동 시공 작업 준비 중","에우헤드론을 복원하는 공동 시공 작업의 시작 시간이 결정됐슴다!
작업이 시작되면 협력 부탁드림다~!","에우헤드론을 복원하는 공동 시공 작업의 시작 시간이 결정됐슴다! 협력 부탁드림다~!","서칭웨이",11,False,170,13,0,241085,1451,166,25,5,2,0,0,6,3,4,5,0,0,0,0,0
158,"'에우헤드론 복원 계획' 공동 시공 작업 실시 중
<UIForeground>F2023B</UIForeground><UIGlow>F2023C</UIGlow>마른땅 기지 안의 발판에 올라가 참가하세요!","'에우헤드론 복원 계획' 공동 시공 작업 실시 중","에우헤드론을 복원하는 공동 시공 작업이 진행되고 있슴다!
참가 부탁드림다~!","에우헤드론을 복원하는 공동 시공 작업이 진행되고 있슴다! 참가 부탁드림다~!","서칭웨이",11,False,170,13,0,241085,0,0,0,0,2,0,0,6,3,4,5,0,0,0,0,0
159,"'에우헤드론' 복원 완료
<UIForeground>F2023B</UIForeground><UIGlow>F2023C</UIGlow>다음 작업 계획 중, 자유롭게 시간을 보내세요!","'에우헤드론' 복원 완료","에우헤드론 중앙 기구가 복원됐슴다!
이제 연구팀이 분석을 시작할 검다~!","에우헤드론 중앙 기구가 복원됐슴다! 협력해 주셔서 고맙슴다~!","서칭웨이",12,False,170,14,0,241086,1582,166,27,6,2,0,0,6,3,4,5,0,0,0,0,18
160,"'우주 공항 정비 지원' 자재 집적 중
<UIForeground>F2023B</UIForeground><UIGlow>F2023C</UIGlow>우주 임무에 참가해서 자재를 모으세요!","'우주 공항 정비 지원' 자재 집적 중","이 별에서 얻은 유물과 광석을 더 효율적으로 아이테리스에 보내기 위해
우주 공항 기능을 업그레이드할 검다!","우주 공항 기능을 업그레이드할 검다! 필요한 물자를 모아 주십쇼!","서칭웨이",13,True,170,15,0,241087,0,166,28,5,2,0,0,6,3,4,5,0,0,0,0,19
161,"'우주 공항 정비 지원' 공동 시공 작업 준비 중
<UIForeground>F2023B</UIForeground><UIGlow>F2023C</UIGlow>시작 시간까지 공사 예정지에 모이세요!","'우주 공항 정비 지원' 공동 시공 작업 준비 중","우주 공항을 정비하는 공동 시공 작업의 시작 시간이 결정됐슴다!
작업이 시작되면 협력 부탁드림다~!","우주 공항을 정비하는 공동 시공 작업의 시작 시간이 결정됐슴다! 협력 부탁드림다~!","서칭웨이",13,False,170,15,0,241087,1451,166,29,5,2,0,0,6,3,4,5,0,0,0,0,0
162,"'우주 공항 정비 지원' 공동 시공 작업 실시 중
<UIForeground>F2023B</UIForeground><UIGlow>F2023C</UIGlow>마른땅 기지 북쪽으로 가서 작업에 참가하세요!","'우주 공항 정비 지원' 공동 시공 작업 실시 중","우주 공항을 정비하는 공동 시공 작업이 진행되고 있슴다!
참가 부탁드림다~!","우주 공항을 정비하는 공동 시공 작업이 진행되고 있슴다! 참가 부탁드림다~!","서칭웨이",13,False,170,15,0,241087,0,0,0,0,2,0,0,6,3,4,5,0,0,0,0,0
163,"'우주 공항' 정비 완료
<UIForeground>F2023B</UIForeground><UIGlow>F2023C</UIGlow>다음 작업 계획 중, 자유롭게 시간을 보내세요!","'우주 공항' 정비 완료","우주 공항을 업그레이드했으니 더 많은 연구 물자를 아이테리스에 보낼 수 있을 검다!
연구가 더 많이 진척될지도 모름다!","우주 공항이 업그레이드됐슴다! 협력해 주셔서 고맙슴다~!","서칭웨이",14,False,170,16,0,241088,1583,166,31,6,2,0,0,6,3,4,5,0,0,0,0,20
164,"'비취핵 골짜기 유적 발굴 계획' 지원 물자 집적 중
<UIForeground>F2023B</UIForeground><UIGlow>F2023C</UIGlow>우주 임무에 참가해서 지원 물자를 모으세요!","'비취핵 골짜기 유적 발굴 계획' 지원 물자 집적 중","비취핵 골짜기에서 유적 같은 것이 발견됐슴다!
발굴 계획에 협력해 지원 물자를 모아 주십쇼!","비취핵 골짜기에서 발견된 유적을 발굴하기 위한 지원 물자를 모아 주십쇼!","서칭웨이",15,True,170,17,0,241089,0,166,32,5,2,0,0,6,3,4,5,0,0,0,0,0
165,"'비취핵 골짜기 유적 발굴 계획' 공동 시공 작업 준비 중
<UIForeground>F2023B</UIForeground><UIGlow>F2023C</UIGlow>시작 시간까지 공사 예정지에 모이세요!","'비취핵 골짜기 유적 발굴 계획' 공동 시공 작업 준비 중","비취핵 골짜기에서 유적을 발굴하는 공동 시공 작업의 시작 시간이 결정됐슴다!
작업이 시작되면 협력 부탁드림다~!","비취핵 골짜기에서 유적을 발굴하는 공동 시공 작업의 시작 시간이 결정됐슴다! 협력 부탁드림다~!","서칭웨이",15,False,170,17,0,241089,1451,166,33,5,2,0,0,6,3,4,5,0,0,0,0,0
166,"'비취핵 골짜기 유적 발굴 계획' 공동 시공 작업 실시 중
<UIForeground>F2023B</UIForeground><UIGlow>F2023C</UIGlow>비취핵 골짜기로 가서 작업에 참가하세요!","'비취핵 골짜기 유적 발굴 계획' 공동 시공 작업 실시 중","비취핵 골짜기에서 유적을 발굴하는 공동 시공 작업이 진행되고 있슴다!
참가 부탁드림다~!","비취핵 골짜기에서 유적을 발굴하는 공동 시공 작업이 진행되고 있슴다! 참가 부탁드림다~!","서칭웨이",15,False,170,17,0,241089,0,0,0,0,2,0,0,6,3,4,5,0,0,0,0,0
167,"'비취핵 골짜기 유적' 발굴 완료
<UIForeground>F2023B</UIForeground><UIGlow>F2023C</UIGlow>다음 작업 계획 중, 자유롭게 시간을 보내세요!","'비취핵 골짜기 유적' 발굴 완료","비취핵 골짜기에서 유적 입구를 발견했슴다!
우주 라이너도 연장됐슴다. 협력해 주셔서 고맙슴다~!","비취핵 골짜기까지 우주 라이너도 연장됐슴다! 협력해 주셔서 고맙슴다~!","서칭웨이",16,False,170,18,0,241090,1584,166,35,6,2,0,0,6,3,4,5,0,0,0,0,0
168,"'비취핵 골짜기 유적 개방 계획' 지원 물자 집적 중
<UIForeground>F2023B</UIForeground><UIGlow>F2023C</UIGlow>우주 임무에 참가해서 지원 물자를 모으세요!","'비취핵 골짜기 유적 개방 계획' 지원 물자 집적 중","유적의 문은 입구에 있는 광석을 활성화시키면 열리는 것 같슴다!
개방 계획에 협력 부탁드림다!","비취핵 골짜기 유적의 문을 열기 위한 지원 물자를 모아 주십쇼!","서칭웨이",17,True,170,19,0,241091,0,166,36,5,2,0,0,6,3,4,5,0,0,0,0,0
169,"'비취핵 골짜기 유적 개방 계획' 공동 시공 작업 준비 중
<UIForeground>F2023B</UIForeground><UIGlow>F2023C</UIGlow>시작 시간까지 공사 예정지에 모이세요!","'비취핵 골짜기 유적 개방 계획' 공동 시공 작업 준비 중","비취핵 골짜기 유적을 개방하는 공동 시공 작업의 시작 시간이 결정됐슴다!
작업이 시작되면 협력 부탁드림다~!","비취핵 골짜기 유적을 개방하는 공동 시공 작업의 시작 시간이 결정됐슴다! 협력 부탁드림다~!","서칭웨이",17,False,170,19,0,241091,1451,166,37,5,2,0,0,6,3,4,5,0,0,0,0,0
170,"'비취핵 골짜기 유적 개방 계획' 공동 시공 작업 실시 중
<UIForeground>F2023B</UIForeground><UIGlow>F2023C</UIGlow>비취핵 골짜기 유적으로 가서 작업에 참가하세요!","'비취핵 골짜기 유적 개방 계획' 공동 시공 작업 실시 중","비취핵 골짜기 유적을 개방하는 공동 시공 작업이 진행되고 있슴다!
참가 부탁드림다~!","비취핵 골짜기 유적을 개방하는 공동 시공 작업이 진행되고 있슴다! 참가 부탁드림다~!","서칭웨이",17,False,170,19,0,241091,0,0,0,0,2,0,0,6,3,4,5,0,0,0,0,0
171,"'비취핵 골짜기 유적' 개방 완료
<UIForeground>F2023B</UIForeground><UIGlow>F2023C</UIGlow>다음 작업 계획 중, 자유롭게 시간을 보내세요!","'비취핵 골짜기 유적' 개방 완료","비취핵 골짜기 유적의 문을 열었슴다~!
안에는 뭐가 잠들어 있을지…… 앞으로도 탐색을 계속할 검다!","비취핵 골짜기 유적의 문을 열었슴다! 협력해 주셔서 고맙슴다~!","서칭웨이",18,False,170,20,0,241092,1585,166,39,6,2,0,0,6,3,4,5,0,0,0,0,0
172,"'비취핵 골짜기 유적 복구 계획' 지원 물자 집적 중
<UIForeground>F2023B</UIForeground><UIGlow>F2023C</UIGlow>우주 임무에 참가해서 물자를 모으세요!","'비취핵 골짜기 유적 복구 계획' 지원 물자 집적 중","비취핵 골짜기 유적 내부에서 발견된 결정체를 기동시켜
유적을 복구하고 선구자들의 수수께끼를 푸는 계획이 진행되고 있슴다!","유적 안에서 발견된 결정체 기구를 기동시킬 검다. 지원 물자를 모아 주십쇼!","서칭웨이",19,True,170,21,0,241093,0,166,40,5,2,0,0,6,3,4,5,0,0,0,0,0
173,"'비취핵 골짜기 유적 복구 계획' 공동 시공 작업 준비 중
<UIForeground>F2023B</UIForeground><UIGlow>F2023C</UIGlow>시작 시간까지 공사 예정지에 모이세요!","'비취핵 골짜기 유적 복구 계획' 공동 시공 작업 준비 중","비취핵 골짜기 유적을 복구하는 공동 시공 작업의 시작 시간이 결정됐슴다!
작업이 시작되면 협력 부탁드림다~!","비취핵 골짜기 유적을 복구하는 공동 시공 작업의 시작 시간이 결정됐슴다! 협력 부탁드림다~!","서칭웨이",19,False,170,21,0,241093,1451,166,41,5,2,0,0,6,3,4,5,0,0,0,0,0
174,"'비취핵 골짜기 유적 복구 계획' 공동 시공 작업 실시 중
<UIForeground>F2023B</UIForeground><UIGlow>F2023C</UIGlow>비취핵 골짜기 유적으로 가서 작업에 참가하세요!","'비취핵 골짜기 유적 복구 계획' 공동 시공 작업 실시 중","비취핵 골짜기 유적을 복구하는 공동 시공 작업이 진행되고 있슴다!
참가 부탁드림다~!","비취핵 골짜기 유적을 복구하는 공동 시공 작업이 진행되고 있슴다! 참가 부탁드림다~!","서칭웨이",19,False,170,21,0,241093,0,0,0,0,2,0,0,6,3,4,5,0,0,0,0,0
175,"'비취핵 골짜기 유적' 복구 완료
<UIForeground>F2023B</UIForeground><UIGlow>F2023C</UIGlow>다음 작업 계획 중, 자유롭게 시간을 보내세요!","'비취핵 골짜기 유적' 복구 완료","가이드 스톤을 복구하여 유적 내부 기능이 돌아왔슴다!
유적 안쪽을 본격적으로 조사할 수 있겠슴다!","유적의 가이드 스톤을 복구했슴다! 협력해 주셔서 고맙슴다~!","서칭웨이",20,False,170,22,0,241094,1586,166,43,6,2,0,0,6,3,4,5,0,0,0,0,0
176,"'비취핵 골짜기 유적 최심부 재기동 계획' 지원 물자 집적 중
<UIForeground>F2023B</UIForeground><UIGlow>F2023C</UIGlow>우주 임무에 참가해서 지원 물자를 모으세요!","'비취핵 골짜기 유적 최심부 재기동 계획' 지원 물자 집적 중","유적 최심부의 열화된 결정체를 기지의 '에우헤드론'처럼 활성화시키고,
에테르의 유동성을 조정해 복원하는 계획이 진행되고 있슴다!","유적 최심부의 열화된 결정체를 활성화시켜 복원할 검다! 지원 물자를 모아 주십쇼!","서칭웨이",21,True,170,23,0,241095,0,166,44,5,2,0,0,6,3,4,5,0,0,0,0,0
177,"'비취핵 골짜기 유적 최심부 재기동 계획' 작업 준비 중
<UIForeground>F2023B</UIForeground><UIGlow>F2023C</UIGlow>시작 시간까지 공사 예정지에 모이세요!","'비취핵 골짜기 유적 최심부 재기동 계획' 작업 준비 중","비취핵 골짜기 유적의 최심부를 재기동하는 공동 시공 작업의 시작 시간이 결정됐슴다!
작업이 시작되면 협력 부탁드림다~!","비취핵 골짜기 유적의 최심부를 재기동하는 공동 시공 작업의 시작 시간이 결정됐슴다! 협력 부탁드림다~!","서칭웨이",21,False,170,23,0,241095,1451,166,45,5,2,0,0,6,3,4,5,0,0,0,0,0
178,"'비취핵 골짜기 유적 최심부 재기동 계획' 작업 실시 중
<UIForeground>F2023B</UIForeground><UIGlow>F2023C</UIGlow>비취핵 골짜기 유적으로 가서 작업에 참가하세요!","'비취핵 골짜기 유적 최심부 재기동 계획' 작업 실시 중","비취핵 골짜기 유적의 최심부를 재기동하는 공동 시공 작업이 진행되고 있슴다!
참가 부탁드림다~!","비취핵 골짜기 유적의 최심부를 재기동하는 공동 시공 작업이 진행되고 있슴다! 참가 부탁드림다~!","서칭웨이",21,False,170,23,0,241095,0,0,0,0,2,0,0,6,3,4,5,0,0,0,0,0
179,"'비취핵 골짜기 유적 최심부' 재기동 완료
<UIForeground>F2023B</UIForeground><UIGlow>F2023C</UIGlow>다음 작업 계획 중, 자유롭게 시간을 보내세요!","'비취핵 골짜기 유적 최심부' 재기동 완료","사막굴 유적 최심부의 메타헤드론이 재기동됐슴다~!
협력해 주셔서 고맙슴다~!","사막굴 유적 최심부의 메타헤드론이 재기동됐슴다! 협력해 주셔서 고맙슴다~!","서칭웨이",22,False,170,24,0,241096,1587,166,47,6,2,0,0,6,3,4,5,0,0,0,0,0
180,"'제3차 우주 라이너 설치 지원' 자재 집적 중
<UIForeground>F2023B</UIForeground><UIGlow>F2023C</UIGlow>우주 임무에 참가해서 자재를 모으세요!","'제3차 우주 라이너 설치 지원' 자재 집적 중","비취핵 골짜기 내부에 우주 라이너를 설치할 검다!
자재 조달을 위한 우주 임무에 협력 부탁드림다!","비취핵 골짜기 내부에 우주 라이너를 설치할 검다! 자재를 함께 모아 주셨음 함다~!","서칭웨이",22,False,170,25,0,241097,0,166,48,5,2,0,0,6,3,4,5,0,0,0,0,0
181,"'제3차 우주 라이너 설치 지원' 진행 중
<UIForeground>F2023B</UIForeground><UIGlow>F2023C</UIGlow>우주 라이너가 완성될 때까지 대기하세요!","'제3차 우주 라이너 설치 지원' 진행 중","비취핵 골짜기 내부에 우주 라이너를 설치하고 있슴다!
완공되면 더 편해질 테니 조금만 기다려 주십쇼~!","비취핵 골짜기 내부에 우주 라이너를 설치하고 있슴다! 완성될 때까지 기다려 주십쇼~!","서칭웨이",22,False,170,25,0,241097,1452,166,49,5,2,0,0,6,3,4,5,0,0,0,0,0
182,"'우주 라이너: 비취핵 골짜기' 설치 완료
<UIForeground>F2023B</UIForeground><UIGlow>F2023C</UIGlow>다음 작업 계획 중, 자유롭게 시간을 보내세요!","'우주 라이너: 비취핵 골짜기' 설치 완료","비취핵 골짜기에 우주 라이너가 설치됐슴다!
먼 곳을 조사하기가 더 순조로워질 검다. 협력해 주셔서 고맙슴다~!","비취핵 골짜기에 우주 라이너가 설치됐슴다! 협력해 주셔서 고맙슴다~!","서칭웨이",23,False,170,25,0,241098,1588,166,50,6,2,0,0,6,3,4,5,0,0,0,0,0
183,"'마른땅 기지 구조 강화 공사' 자재 집적 중
<UIForeground>F2023B</UIForeground><UIGlow>F2023C</UIGlow>우주 임무에 참가해서 자재를 모으세요!","'마른땅 기지 구조 강화 공사' 자재 집적 중","본부 기지 옥상층에 통신 시설을 세워 비취핵 골짜기 유적에서 방대한 정보를 수신할 검다!
그 준비를 하기 위해 기지의 구조를 강화하는 계획을 진행하고 있슴다!","본부 기지 옥상층에 통신 시설을 세울 준비를 하기 위해 기지의 구조를 강화할 검다!","서칭웨이",24,True,170,26,0,241099,0,166,51,5,2,0,0,6,3,4,5,0,0,0,0,30
184,"'마른땅 기지 구조 강화 공사' 공동 시공 작업 준비 중
<UIForeground>F2023B</UIForeground><UIGlow>F2023C</UIGlow>시작 시간까지 공사 예정지에 모이세요!","'마른땅 기지 구조 강화 공사' 공동 시공 작업 준비 중","마른땅 기지의 구조를 강화하는 공동 시공 작업의 시작 시간이 결정됐슴다!
작업이 시작되면 협력 부탁드림다~!","마른땅 기지의 구조를 강화하는 공동 시공 작업의 시작 시간이 결정됐슴다! 협력 부탁드림다~!","서칭웨이",24,False,170,26,0,241099,1451,166,52,5,2,0,0,6,3,4,5,0,0,0,0,0
185,"'마른땅 기지 구조 강화 공사' 공동 시공 작업 실시 중
<UIForeground>F2023B</UIForeground><UIGlow>F2023C</UIGlow>마른땅 기지로 가서 작업에 참가하세요!","'마른땅 기지 구조 강화 공사' 공동 시공 작업 실시 중","마른땅 기지의 구조를 강화하는 공동 시공 작업이 진행되고 있슴다!
참가 부탁드림다~!","마른땅 기지의 구조를 강화하는 공동 시공 작업이 진행되고 있슴다! 참가 부탁드림다~!","서칭웨이",24,False,170,26,0,241099,0,0,0,0,2,0,0,6,3,4,5,0,0,0,0,0
186,"'마른땅 기지' 구조 강화 공사 완료
<UIForeground>F2023B</UIForeground><UIGlow>F2023C</UIGlow>다음 작업 계획 중, 자유롭게 시간을 보내세요!","'마른땅 기지' 구조 강화 공사 완료","본부 기지의 구조가 강화됐슴다!
이제 옥상층에 통신 시설을 건설할 수 있슴다! 협력해 주셔서 고맙슴다!","기지 구조가 강화됐슴다! 협력해 주셔서 고맙슴다~!","서칭웨이",25,False,170,27,0,241100,1589,166,54,6,2,0,0,6,3,4,5,0,0,34,35,31
187,"'에우헤드론 재기동 작전' 자재 집적 중
<UIForeground>F2023B</UIForeground><UIGlow>F2023C</UIGlow>우주 임무에 참가해서 자재를 모으세요!","'에우헤드론 재기동 작전' 자재 집적 중","마른땅 기지 옥상층에 거대한 통신 설비를 세우고
비취핵 골짜기 유적에서 에우헤드론에 데이터를 전송하는 계획을 진행하고 있슴다!","마른땅 기지에 거대한 통신 설비를 세울 검다! 필요한 물자를 모아 주십쇼!","서칭웨이",26,True,170,28,0,241101,0,166,55,5,2,0,0,6,3,4,5,0,0,34,35,0
188,"'에우헤드론 재기동 작전' 공동 시공 작업 준비 중
<UIForeground>F2023B</UIForeground><UIGlow>F2023C</UIGlow>엘리베이터를 타고 마른땅 기지 옥상층에 모이세요!","'에우헤드론 재기동 작전' 공동 시공 작업 준비 중","에우헤드론을 재기동하는 공동 시공 작업의 시작 시간이 결정됐슴다!
작업이 시작되면 협력 부탁드림다~!","에우헤드론을 재기동하는 공동 시공 작업의 시작 시간이 결정됐슴다! 협력 부탁드림다~!","서칭웨이",26,False,170,28,203,241101,1451,166,56,5,2,0,0,6,3,4,5,0,0,34,35,0
189,"'에우헤드론 재기동 작전' 공동 시공 작업 실시 중
<UIForeground>F2023B</UIForeground><UIGlow>F2023C</UIGlow>마른땅 기지의 엘리베이터를 타고 작업에 참가하세요!","'에우헤드론 재기동 작전' 공동 시공 작업 실시 중","에우헤드론을 재기동하는 공동 시공 작업이 진행되고 있슴다!
마른땅 기지의 엘리베이터를 타고 참가 부탁드림다~!","에우헤드론을 재기동하는 공동 시공 작업이 진행되고 있슴다! 참가 부탁드림다~!","서칭웨이",26,False,170,28,203,241101,0,0,0,0,2,0,0,6,3,4,5,0,0,34,35,0
190,"'에우헤드론' 재기동 준비 완료
<UIForeground>F2023B</UIForeground><UIGlow>F2023C</UIGlow>다음 작업 계획 중, 자유롭게 시간을 보내세요!","'에우헤드론' 재기동 준비 완료","통신 설비인 기립석 탑이 완성됐슴다!
지금까지 협력해 주셔서 고맙슴다~!","통신 설비인 기립석 탑이 완성됐슴다! 협력해 주셔서 고맙슴다~!","서칭웨이",27,False,170,29,0,241102,1590,166,58,6,2,0,0,6,3,4,5,0,0,34,35,33
191,"'행성 오이지스 탐색 계획' 완료
<UIForeground>F2023B</UIForeground><UIGlow>F2023C</UIGlow>어떤 별로 향하게 될지 상상하며 자유롭게 시간을 보내세요!","'행성 오이지스 탐색 계획' 완료","여러분이 협력해 주신 덕분에
행성 조사와 분석이 크게 진척되었슴다! 고맙슴다~!!","여러분이 협력해 주신 덕분에 행성 조사와 분석이 크게 진척되었슴다! 고맙슴다~!!","서칭웨이",27,False,170,30,0,241103,0,166,59,5,2,0,0,6,3,4,5,0,0,34,35,0
192,"","","","","",0,False,0,0,0,0,0,0,0,0,0,0,0,0,0,0,0,0,0,0,0,0
193,"","","","","",0,False,0,0,0,0,0,0,0,0,0,0,0,0,0,0,0,0,0,0,0,0
194,"","","","","",0,False,0,0,0,0,0,0,0,0,0,0,0,0,0,0,0,0,0,0,0,0
195,"","","","","",0,False,0,0,0,0,0,0,0,0,0,0,0,0,0,0,0,0,0,0,0,0
196,"","","","","",0,False,0,0,0,0,0,0,0,0,0,0,0,0,0,0,0,0,0,0,0,0
197,"","","","","",0,False,0,0,0,0,0,0,0,0,0,0,0,0,0,0,0,0,0,0,0,0
198,"","","","","",0,False,0,0,0,0,0,0,0,0,0,0,0,0,0,0,0,0,0,0,0,0
199,"","","","","",0,False,0,0,0,0,0,0,0,0,0,0,0,0,0,0,0,0,0,0,0,0
